; generated by PrusaSlicer 2.9.6 on 2026-09-02 at 03:38:14 UTC

; EXPERIMENTAL. Clay profiles for Potterbot 9. Layer height 1.5 mm from official 3D Potter Fine except the 1 mm nozzle (0.8 mm so extrusion width stays above layer height). Line width equals the installed nozzle. Bottoms are concentric with the Arachne generator (classic concentric and Archimedean chords leave growing gaps on wide clay tips); tops are rectilinear; sparse infill is grid. 15% infill overlap so bottoms meet the wall. Speeds from official Cura (40 mm/s print, 80 travel, 20 bottom). Printer retract is E-80 at 17 mm/s with 5 mm Z-hop (official end feed, not FAQ 1000 mm/s). Spiral vase walls do not travel so they do not retract; skirt, bottoms, infill, and hops between objects do. End G-code still pulls E-500.

; external perimeters extrusion width = 9.00mm
; perimeters extrusion width = 9.00mm
; infill extrusion width = 9.00mm
; solid infill extrusion width = 9.00mm
; top infill extrusion width = 9.00mm
; first layer extrusion width = 9.00mm

;TYPE:Custom
; EXPERIMENTAL PrusaSlicer Potterbot 9 - not production-ready
; Start matches official Cura 3D Potter Standard
T0
G21
G90
M83
M107
G28 ;Home all
G21 ; set units to millimeters
G90 ; use absolute coordinates
M83 ; use relative distances for extrusion
M107 ; disable fan
;LAYER_CHANGE
;Z:1.5
;HEIGHT:1.5
G1 E-80 F1020 ; retract
G1 Z6.5 F960 ; lift
G1 X94.244 Y92.982 F4800 ; move to first layer point
G1 Z1.5 F960 ; move to first layer point
G1 E90 F1020 ;  ; unretract
M204 P500 ; adjust acceleration
;TYPE:Skirt/Brim
;WIDTH:9
G1 F2400
G1 X103.482 Y83.744 E70.7038 ; skirt
G1 X112.616 Y76.214 E64.06439 ; skirt
G1 X123.891 Y68.641 E73.50547 ; skirt
G1 X135.427 Y62.508 E70.70622 ; skirt
G1 X148.009 Y57.395 E73.5002 ; skirt
G1 X159.36 Y54.033 E64.06836 ; skirt
G1 X172.185 Y51.54 E70.70678 ; skirt
G1 X185.712 Y50.329 E73.49956 ; skirt
G1 X197.55 Y50.432 E64.0685 ; skirt
G1 X210.543 Y51.798 E70.70436 ; skirt
G1 X222.143 Y54.158 E64.0641 ; skirt
G1 X234.637 Y57.978 E70.70611 ; skirt
G1 X245.573 Y62.508 E64.06122 ; skirt
G1 X257.109 Y68.641 E70.70622 ; skirt
G1 X268.384 Y76.214 E73.50547 ; skirt
G1 X277.518 Y83.744 E64.06439 ; skirt
G1 X287.103 Y93.367 E73.50516 ; skirt
G1 X294.286 Y102.116 E61.26226 ; skirt
G1 X301.592 Y112.947 E70.70523 ; skirt
G1 X307.992 Y124.927 E73.50636 ; skirt
G1 X312.522 Y135.863 E64.06122 ; skirt
G1 X316.342 Y148.357 E70.70611 ; skirt
G1 X318.96 Y161.684 E73.50286 ; skirt
G1 X320.171 Y175.212 E73.50495 ; skirt
G1 X320.068 Y187.05 E64.0685 ; skirt
G1 X318.702 Y200.043 E70.70436 ; skirt
G1 X316.342 Y211.643 E64.0641 ; skirt
G1 X312.522 Y224.137 E70.70611 ; skirt
G1 X307.992 Y235.073 E64.06122 ; skirt
G1 X301.859 Y246.609 E70.70622 ; skirt
G1 X294.286 Y257.884 E73.50547 ; skirt
G1 X286.756 Y267.018 E64.06439 ; skirt
G1 X277.518 Y276.256 E70.7038 ; skirt
G1 X266.98 Y284.825 E73.50572 ; skirt
G1 X257.109 Y291.358 E64.06116 ; skirt
G1 X245.104 Y297.711 E73.50641 ; skirt
G1 X234.637 Y302.022 E61.26281 ; skirt
G1 X221.64 Y305.967 E73.50728 ; skirt
G1 X208.302 Y308.532 E73.50657 ; skirt
G1 X195.288 Y309.671 E70.69971 ; skirt
G1 X183.45 Y309.568 E64.0685 ; skirt
G1 X170.457 Y308.202 E70.70436 ; skirt
G1 X158.857 Y305.842 E64.0641 ; skirt
G1 X146.363 Y302.022 E70.70611 ; skirt
G1 X133.85 Y296.74 E73.50522 ; skirt
G1 X123.891 Y291.359 E61.26138 ; skirt
G1 X112.616 Y283.786 E73.50547 ; skirt
G1 X103.482 Y276.256 E64.06439 ; skirt
G1 X93.897 Y266.633 E73.50516 ; skirt
G1 X85.675 Y256.48 E70.70451 ; skirt
G1 X78.255 Y245.104 E73.50424 ; skirt
G1 X73.008 Y235.073 E61.265 ; skirt
G1 X67.895 Y222.49 E73.50522 ; skirt
G1 X64.658 Y211.643 E61.26108 ; skirt
G1 X62.04 Y198.315 E73.50817 ; skirt
G1 X60.829 Y184.788 E73.49956 ; skirt
G1 X60.932 Y172.95 E64.0685 ; skirt
G1 X62.298 Y159.957 E70.70436 ; skirt
G1 X64.533 Y148.86 E61.26181 ; skirt
G1 X68.478 Y135.863 E73.50728 ; skirt
G1 X73.76 Y123.35 E73.50522 ; skirt
G1 X79.141 Y113.391 E61.26138 ; skirt
G1 X85.675 Y103.52 E64.06415 ; skirt
G1 X93.392 Y94.029 E66.20043 ; skirt
M204 P1000 ; adjust acceleration
M204 T2000 ; adjust acceleration
G1 X100.076 Y99.637 F4800 ; move to first skirt point
M204 P500 ; adjust acceleration
G1 F2400
G1 X101.822 Y97.557 E14.69699 ; skirt
G1 X110.925 Y88.739 E68.5886 ; skirt
G1 X119.182 Y82.151 E57.16663 ; skirt
G1 X129.801 Y75.232 E68.59159 ; skirt
G1 X139.495 Y70.186 E59.14486 ; skirt
G1 X150.906 Y65.575 E66.60646 ; skirt
G1 X163.084 Y62.063 E68.59204 ; skirt
G1 X175.562 Y59.844 E68.58918 ; skirt
G1 X186.091 Y58.999 E57.16511 ; skirt
G1 X198.763 Y59.201 E68.58832 ; skirt
G1 X209.622 Y60.438 E59.1479 ; skirt
G1 X221.661 Y62.997 E66.60948 ; skirt
G1 X233.72 Y66.895 E68.58693 ; skirt
G1 X243.414 Y71.093 E57.17099 ; skirt
G1 X253.019 Y76.308 E59.14894 ; skirt
G1 X263.515 Y83.411 E68.58794 ; skirt
G1 X273.211 Y91.572 E68.58702 ; skirt
G1 X280.604 Y99.117 E57.16757 ; skirt
G1 X288.349 Y108.682 E66.6069 ; skirt
G1 X295.268 Y119.301 E68.59159 ; skirt
G1 X300.314 Y128.995 E59.14486 ; skirt
G1 X305.044 Y140.753 E68.58897 ; skirt
G1 X308.519 Y152.941 E68.58887 ; skirt
G1 X310.656 Y165.062 E66.60935 ; skirt
G1 X311.501 Y175.591 E57.16511 ; skirt
G1 X311.299 Y188.263 E68.58832 ; skirt
G1 X309.774 Y200.845 E68.59087 ; skirt
G1 X307.408 Y211.515 E59.1476 ; skirt
G1 X303.605 Y223.22 E66.60593 ; skirt
G1 X299.407 Y232.914 E57.17099 ; skirt
G1 X293.28 Y244.008 E68.58758 ; skirt
G1 X287.089 Y253.015 E59.1495 ; skirt
G1 X278.928 Y262.711 E68.58702 ; skirt
G1 X270.075 Y271.261 E66.60775 ; skirt
G1 X261.818 Y277.849 E57.16663 ; skirt
G1 X251.2 Y284.768 E68.58706 ; skirt
G1 X239.916 Y290.539 E68.59103 ; skirt
G1 X229.747 Y294.544 E59.14803 ; skirt
G1 X217.916 Y297.937 E66.60926 ; skirt
G1 X205.438 Y300.156 E68.58918 ; skirt
G1 X194.909 Y301.001 E57.16511 ; skirt
G1 X182.237 Y300.799 E68.58832 ; skirt
G1 X171.74 Y299.619 E57.16653 ; skirt
G1 X159.339 Y297.003 E68.59 ; skirt
G1 X148.915 Y293.716 E59.15189 ; skirt
G1 X137.586 Y288.907 E66.60656 ; skirt
G1 X127.981 Y283.692 E59.14894 ; skirt
G1 X117.485 Y276.589 E68.58794 ; skirt
G1 X107.789 Y268.428 E68.58702 ; skirt
G1 X100.396 Y260.883 E57.16757 ; skirt
G1 X92.435 Y251.021 E68.59177 ; skirt
G1 X85.732 Y240.699 E66.60682 ; skirt
G1 X80.686 Y231.005 E59.14486 ; skirt
G1 X75.956 Y219.247 E68.58897 ; skirt
G1 X72.563 Y207.416 E66.60926 ; skirt
G1 X70.344 Y194.938 E68.58918 ; skirt
G1 X69.499 Y184.409 E57.16511 ; skirt
G1 X69.701 Y171.737 E68.58832 ; skirt
G1 X70.881 Y161.24 E57.16653 ; skirt
G1 X73.497 Y148.839 E68.59 ; skirt
G1 X77.395 Y136.78 E68.58693 ; skirt
G1 X81.593 Y127.086 E57.17099 ; skirt
G1 X87.72 Y115.992 E68.58758 ; skirt
G1 X93.911 Y106.985 E59.1495 ; skirt
G1 X99.208 Y100.672 E44.59885 ; skirt
M204 P1000 ; adjust acceleration
G1 X105.85 Y106.244 F4800 ; move to first skirt point
M204 P500 ; adjust acceleration
G1 F2400
G1 X108.22 Y103.42 E19.95214 ; skirt
G1 X116.675 Y95.239 E63.67114 ; skirt
G1 X124.344 Y89.127 E53.07254 ; skirt
G1 X134.205 Y82.71 E63.67147 ; skirt
G1 X143.094 Y78.082 E54.23597 ; skirt
G1 X154.007 Y73.685 E63.67376 ; skirt
G1 X165.11 Y70.502 E62.50876 ; skirt
G1 X176.695 Y68.448 E63.67467 ; skirt
G1 X186.685 Y67.661 E54.23239 ; skirt
G1 X198.233 Y67.863 E62.50619 ; skirt
G1 X207.977 Y68.964 E53.06912 ; skirt
G1 X219.488 Y71.399 E63.67495 ; skirt
G1 X230.681 Y75.024 E63.673 ; skirt
G1 X239.678 Y78.925 E53.0708 ; skirt
G1 X248.484 Y83.707 E54.23069 ; skirt
G1 X258.06 Y90.166 E62.51119 ; skirt
G1 X267.08 Y97.72 E63.67287 ; skirt
G1 X274.104 Y104.867 E54.23151 ; skirt
G1 X281.373 Y113.844 E62.5127 ; skirt
G1 X287.79 Y123.705 E63.67147 ; skirt
G1 X292.418 Y132.594 E54.23597 ; skirt
G1 X296.744 Y143.303 E62.50615 ; skirt
G1 X299.998 Y154.61 E63.67596 ; skirt
G1 X302.052 Y166.195 E63.67467 ; skirt
G1 X302.831 Y175.97 E53.06905 ; skirt
G1 X302.637 Y187.733 E63.66884 ; skirt
G1 X301.214 Y199.413 E63.67839 ; skirt
G1 X299.101 Y208.988 E53.06572 ; skirt
G1 X295.476 Y220.181 E63.673 ; skirt
G1 X291.575 Y229.178 E53.0708 ; skirt
G1 X285.881 Y239.473 E63.6695 ; skirt
G1 X280.334 Y247.56 E53.07217 ; skirt
G1 X272.78 Y256.58 E63.67287 ; skirt
G1 X264.325 Y264.761 E63.67114 ; skirt
G1 X256.656 Y270.873 E53.07254 ; skirt
G1 X246.795 Y277.29 E63.67147 ; skirt
G1 X236.317 Y282.642 E63.67496 ; skirt
G1 X227.197 Y286.244 E53.06666 ; skirt
G1 X215.89 Y289.498 E63.67596 ; skirt
G1 X204.305 Y291.552 E63.67467 ; skirt
G1 X194.53 Y292.331 E53.06905 ; skirt
G1 X182.767 Y292.137 E63.66884 ; skirt
G1 X173.023 Y291.036 E53.06912 ; skirt
G1 X161.512 Y288.601 E63.67495 ; skirt
G1 X151.955 Y285.588 E54.23103 ; skirt
G1 X141.322 Y281.075 E62.51339 ; skirt
G1 X132.516 Y276.293 E54.23069 ; skirt
G1 X122.94 Y269.834 E62.51119 ; skirt
G1 X113.92 Y262.28 E63.67287 ; skirt
G1 X106.896 Y255.133 E54.23151 ; skirt
G1 X99.627 Y246.156 E62.5127 ; skirt
G1 X93.21 Y236.295 E63.67147 ; skirt
G1 X88.582 Y227.406 E54.23597 ; skirt
G1 X84.185 Y216.493 E63.67376 ; skirt
G1 X81.002 Y205.39 E62.50876 ; skirt
G1 X78.948 Y193.805 E63.67467 ; skirt
G1 X78.169 Y184.03 E53.06905 ; skirt
G1 X78.363 Y172.267 E63.66884 ; skirt
G1 X79.464 Y162.523 E53.06912 ; skirt
G1 X81.899 Y151.012 E63.67495 ; skirt
G1 X85.524 Y139.819 E63.673 ; skirt
G1 X89.52 Y130.629 E54.23365 ; skirt
G1 X95.234 Y120.344 E63.67464 ; skirt
G1 X100.795 Y112.268 E53.06602 ; skirt
G1 X104.982 Y107.279 E35.24851 ; skirt
M204 P1000 ; adjust acceleration
G1 E-80 F1020 ; retract
G1 Z6.5 F960 ; move to first perimeter point
G1 X117.701 Y118.142 F4800 ; move to first perimeter point
G1 Z1.5 F960 ; move to first perimeter point
G1 E90 F1020 ;  ; unretract
M204 P500 ; adjust acceleration
;TYPE:External perimeter
;WIDTH:9
G1 F2400
G1 X119.483 Y116.056 E14.84767 ; perimeter
G1 X122.927 Y112.427 E27.07615 ; perimeter
G1 X126.556 Y108.983 E27.07615 ; perimeter
G1 X130.36 Y105.733 E27.0773 ; perimeter
G1 X134.329 Y102.688 E27.07302 ; perimeter
G1 X138.453 Y99.854 E27.08056 ; perimeter
G1 X142.718 Y97.24 E27.07206 ; perimeter
G1 X147.081 Y94.871 E26.86828 ; perimeter
G1 X154.738 Y91.381 E45.54034 ; perimeter
G1 X159.388 Y89.643 E26.86568 ; perimeter
G1 X164.122 Y88.15 E26.86386 ; perimeter
G1 X172.304 Y86.186 E45.53798 ; perimeter
G1 X177.2 Y85.367 E26.86482 ; perimeter
G1 X182.132 Y84.805 E26.86422 ; perimeter
G1 X190.547 Y84.438 E45.58442 ; perimeter
G1 X195.501 Y84.568 E26.81978 ; perimeter
G1 X200.489 Y84.96 E27.07779 ; perimeter
G1 X205.449 Y85.613 E27.07465 ; perimeter
G1 X210.369 Y86.525 E27.08013 ; perimeter
G1 X215.234 Y87.693 E27.07705 ; perimeter
G1 X219.993 Y89.103 E26.86188 ; perimeter
G1 X227.838 Y92.036 E45.32656 ; perimeter
G1 X235.405 Y95.645 E45.37108 ; perimeter
G1 X239.719 Y98.086 E26.82527 ; perimeter
G1 X243.938 Y100.774 E27.07319 ; perimeter
G1 X248.011 Y103.68 E27.07798 ; perimeter
G1 X251.896 Y106.77 E26.86468 ; perimeter
G1 X258.071 Y112.428 E45.32561 ; perimeter
G1 X263.73 Y118.604 E45.33326 ; perimeter
G1 X266.82 Y122.489 E26.86468 ; perimeter
G1 X269.726 Y126.562 E27.07798 ; perimeter
G1 X272.414 Y130.781 E27.07319 ; perimeter
G1 X274.877 Y135.136 E27.07702 ; perimeter
G1 X277.11 Y139.613 E27.07563 ; perimeter
G1 X279.105 Y144.201 E27.0756 ; perimeter
G1 X280.857 Y148.888 E27.07977 ; perimeter
G1 X282.35 Y153.622 E26.86386 ; perimeter
G1 X284.314 Y161.804 E45.53798 ; perimeter
G1 X285.133 Y166.7 E26.86482 ; perimeter
G1 X285.695 Y171.632 E26.86422 ; perimeter
G1 X286.061 Y180 E45.33007 ; perimeter
G1 X285.695 Y188.368 E45.33007 ; perimeter
G1 X285.133 Y193.3 E26.86422 ; perimeter
G1 X284.314 Y198.196 E26.86482 ; perimeter
G1 X282.35 Y206.378 E45.53798 ; perimeter
G1 X280.857 Y211.112 E26.86386 ; perimeter
G1 X279.105 Y215.799 E27.07977 ; perimeter
G1 X277.11 Y220.387 E27.0756 ; perimeter
G1 X274.877 Y224.864 E27.07563 ; perimeter
G1 X272.414 Y229.219 E27.07702 ; perimeter
G1 X269.726 Y233.438 E27.07319 ; perimeter
G1 X266.82 Y237.511 E27.07798 ; perimeter
G1 X263.73 Y241.396 E26.86468 ; perimeter
G1 X258.072 Y247.571 E45.32561 ; perimeter
G1 X251.891 Y253.235 E45.37149 ; perimeter
G1 X248.011 Y256.32 E26.82666 ; perimeter
G1 X243.97 Y259.203 E26.86471 ; perimeter
G1 X236.795 Y263.6 E45.54178 ; perimeter
G1 X232.392 Y265.892 E26.86378 ; perimeter
G1 X227.84 Y267.966 E27.0715 ; perimeter
G1 X223.185 Y269.8 E27.07712 ; perimeter
G1 X218.44 Y271.388 E27.07939 ; perimeter
G1 X213.619 Y272.725 E27.07552 ; perimeter
G1 X208.773 Y273.799 E26.86243 ; perimeter
G1 X200.45 Y275.043 E45.54359 ; perimeter
G1 X195.501 Y275.432 E26.8661 ; perimeter
G1 X190.5 Y275.563 E27.07419 ; perimeter
G1 X185.499 Y275.432 E27.07419 ; perimeter
G1 X180.511 Y275.04 E27.07779 ; perimeter
G1 X175.551 Y274.387 E27.07465 ; perimeter
G1 X170.631 Y273.475 E27.08013 ; perimeter
G1 X165.766 Y272.307 E27.07705 ; perimeter
G1 X161.007 Y270.897 E26.86188 ; perimeter
G1 X153.125 Y267.95 E45.54065 ; perimeter
G1 X148.608 Y265.892 E26.86323 ; perimeter
G1 X144.205 Y263.6 E26.86378 ; perimeter
G1 X137.03 Y259.203 E45.54178 ; perimeter
G1 X132.989 Y256.32 E26.86471 ; perimeter
G1 X129.104 Y253.23 E26.86468 ; perimeter
G1 X122.929 Y247.572 E45.32561 ; perimeter
G1 X117.27 Y241.396 E45.33326 ; perimeter
G1 X114.18 Y237.511 E26.86468 ; perimeter
G1 X111.297 Y233.47 E26.86471 ; perimeter
G1 X106.897 Y226.289 E45.57795 ; perimeter
G1 X104.608 Y221.892 E26.82748 ; perimeter
G1 X102.534 Y217.34 E27.0715 ; perimeter
G1 X100.7 Y212.685 E27.07712 ; perimeter
G1 X99.125 Y207.977 E26.86717 ; perimeter
G1 X97.016 Y199.823 E45.58079 ; perimeter
G1 X96.113 Y194.949 E26.82648 ; perimeter
G1 X95.46 Y189.989 E27.07465 ; perimeter
G1 X95.068 Y185.001 E27.07779 ; perimeter
G1 X94.937 Y180 E27.07419 ; perimeter
G1 X95.068 Y174.999 E27.07419 ; perimeter
G1 X95.457 Y170.05 E26.8661 ; perimeter
G1 X96.702 Y161.72 E45.58186 ; perimeter
G1 X97.775 Y156.881 E26.82427 ; perimeter
G1 X99.112 Y152.06 E27.07552 ; perimeter
G1 X100.7 Y147.315 E27.07939 ; perimeter
G1 X102.534 Y142.66 E27.07712 ; perimeter
G1 X104.608 Y138.108 E27.0715 ; perimeter
G1 X106.9 Y133.705 E26.86378 ; perimeter
G1 X111.277 Y126.563 E45.33295 ; perimeter
G1 X116.263 Y119.825 E45.36348 ; perimeter
G1 X116.824 Y119.168 E4.67549 ; perimeter
M204 P1000 ; adjust acceleration
G1 E-80 F1020 ; retract
G1 Z6.5 F960 ; move to first infill point
G1 X193.129 Y91.884 F4800 ; move to first infill point
G1 Z1.5 F960 ; move to first infill point
G1 E90 F1020 ;  ; unretract
M204 P500 ; adjust acceleration
;TYPE:Solid infill
G1 F1200
G1 X199.741 Y92.302 E35.85491 ; infill
G1 X204.295 Y92.901 E24.85807 ; infill
G1 X208.835 Y93.743 E24.98901 ; infill
G1 X213.324 Y94.82 E24.98343 ; infill
G1 X217.651 Y96.102 E24.42347 ; infill
G1 X224.953 Y98.832 E42.18925 ; infill
G1 X231.996 Y102.192 E42.23135 ; infill
G1 X235.918 Y104.411 E24.38722 ; infill
G1 X239.812 Y106.892 E24.98786 ; infill
G1 X243.571 Y109.573 E24.98741 ; infill
G1 X247.103 Y112.382 E24.4229 ; infill
G1 X252.851 Y117.649 E42.19227 ; infill
G1 X258.118 Y123.397 E42.19227 ; infill
G1 X260.927 Y126.929 E24.4229 ; infill
G1 X263.608 Y130.688 E24.98741 ; infill
G1 X266.089 Y134.582 E24.98786 ; infill
G1 X268.362 Y138.6 E24.98332 ; infill
G1 X270.422 Y142.732 E24.98694 ; infill
G1 X272.263 Y146.966 E24.98636 ; infill
G1 X273.88 Y151.29 E24.98379 ; infill
G1 X275.237 Y155.594 E24.42312 ; infill
G1 X277.081 Y163.276 E42.75519 ; infill
G1 X277.826 Y167.727 E24.42346 ; infill
G1 X278.337 Y172.211 E24.42403 ; infill
G1 X278.677 Y180 E42.19342 ; infill
G1 X278.337 Y187.789 E42.19342 ; infill
G1 X277.826 Y192.273 E24.42403 ; infill
G1 X277.081 Y196.724 E24.42346 ; infill
G1 X275.237 Y204.406 E42.75519 ; infill
G1 X273.88 Y208.71 E24.42312 ; infill
G1 X272.263 Y213.034 E24.98379 ; infill
G1 X270.422 Y217.268 E24.98636 ; infill
G1 X268.362 Y221.4 E24.98694 ; infill
G1 X266.089 Y225.418 E24.98332 ; infill
G1 X263.608 Y229.312 E24.98786 ; infill
G1 X260.927 Y233.071 E24.98741 ; infill
G1 X258.118 Y236.603 E24.4229 ; infill
G1 X252.851 Y242.35 E42.18828 ; infill
G1 X247.097 Y247.622 E42.23449 ; infill
G1 X243.571 Y250.427 E24.38402 ; infill
G1 X239.897 Y253.048 E24.42435 ; infill
G1 X233.161 Y257.176 E42.7554 ; infill
G1 X229.157 Y259.26 E24.42864 ; infill
G1 X224.956 Y261.174 E24.98387 ; infill
G1 X220.661 Y262.866 E24.98275 ; infill
G1 X216.283 Y264.331 E24.98464 ; infill
G1 X211.834 Y265.565 E24.98654 ; infill
G1 X207.428 Y266.542 E24.42402 ; infill
G1 X199.614 Y267.709 E42.7576 ; infill
G1 X195.115 Y268.064 E24.42382 ; infill
G1 X190.5 Y268.184 E24.98436 ; infill
G1 X185.885 Y268.064 E24.98436 ; infill
G1 X181.282 Y267.701 E24.98831 ; infill
G1 X176.705 Y267.099 E24.9836 ; infill
G1 X172.165 Y266.257 E24.98901 ; infill
G1 X167.676 Y265.18 E24.98343 ; infill
G1 X163.349 Y263.898 E24.42347 ; infill
G1 X155.949 Y261.131 E42.75616 ; infill
G1 X151.842 Y259.26 E24.42445 ; infill
G1 X147.839 Y257.176 E24.42384 ; infill
G1 X141.103 Y253.048 E42.7554 ; infill
G1 X137.429 Y250.427 E24.42435 ; infill
G1 X133.897 Y247.618 E24.4229 ; infill
G1 X128.149 Y242.351 E42.19227 ; infill
G1 X122.882 Y236.603 E42.19227 ; infill
G1 X120.073 Y233.071 E24.4229 ; infill
G1 X117.452 Y229.397 E24.42435 ; infill
G1 X113.321 Y222.654 E42.79619 ; infill
G1 X111.24 Y218.658 E24.38274 ; infill
G1 X109.326 Y214.456 E24.9888 ; infill
G1 X107.634 Y210.161 E24.98275 ; infill
G1 X106.202 Y205.881 E24.42501 ; infill
G1 X104.222 Y198.226 E42.79147 ; infill
G1 X103.401 Y193.795 E24.38828 ; infill
G1 X102.799 Y189.218 E24.9836 ; infill
G1 X102.436 Y184.615 E24.98831 ; infill
G1 X102.316 Y180 E24.98436 ; infill
G1 X102.436 Y175.385 E24.98436 ; infill
G1 X102.791 Y170.886 E24.42382 ; infill
G1 X103.96 Y163.066 E42.79131 ; infill
G1 X104.935 Y158.666 E24.38997 ; infill
G1 X106.169 Y154.217 E24.98654 ; infill
G1 X107.634 Y149.839 E24.98464 ; infill
G1 X109.326 Y145.544 E24.98275 ; infill
G1 X111.24 Y141.343 E24.98387 ; infill
G1 X113.324 Y137.339 E24.42864 ; infill
G1 X117.398 Y130.692 E42.19202 ; infill
G1 X122.04 Y124.42 E42.22882 ; infill
G1 X124.966 Y120.993 E24.38708 ; infill
G1 X128.144 Y117.644 E24.98603 ; infill
G1 X131.493 Y114.466 E24.98603 ; infill
G1 X135.004 Y111.468 E24.98582 ; infill
G1 X138.666 Y108.657 E24.98397 ; infill
G1 X142.471 Y106.042 E24.98648 ; infill
G1 X146.408 Y103.63 E24.98734 ; infill
G1 X150.374 Y101.477 E24.42234 ; infill
G1 X157.563 Y98.201 E42.75534 ; infill
G1 X161.79 Y96.62 E24.42385 ; infill
G1 X166.094 Y95.263 E24.42312 ; infill
G1 X173.776 Y93.419 E42.75519 ; infill
G1 X178.227 Y92.674 E24.42346 ; infill
G1 X182.711 Y92.163 E24.42403 ; infill
G1 X191.78 Y91.849 E49.10992 ; infill
M204 P1000 ; adjust acceleration
G1 X192.742 Y100.555 F4800 ; move to first infill point
M204 P500 ; adjust acceleration
G1 F1200
G1 X198.9 Y100.944 E33.3929 ; infill
G1 X202.937 Y101.476 E22.03673 ; infill
G1 X207.03 Y102.234 E22.52756 ; infill
G1 X211.077 Y103.206 E22.52481 ; infill
G1 X214.896 Y104.337 E21.55535 ; infill
G1 X221.559 Y106.828 E38.49708 ; infill
G1 X227.987 Y109.894 E38.54228 ; infill
G1 X231.447 Y111.852 E21.51553 ; infill
G1 X234.958 Y114.089 E22.53021 ; infill
G1 X238.346 Y116.506 E22.52315 ; infill
G1 X241.463 Y118.985 E21.55345 ; infill
G1 X246.708 Y123.792 E38.5034 ; infill
G1 X251.515 Y129.037 E38.5034 ; infill
G1 X253.994 Y132.154 E21.55345 ; infill
G1 X256.411 Y135.542 E22.52315 ; infill
G1 X258.648 Y139.053 E22.53021 ; infill
G1 X260.697 Y142.675 E22.5211 ; infill
G1 X262.554 Y146.401 E22.53036 ; infill
G1 X264.214 Y150.218 E22.52617 ; infill
G1 X265.672 Y154.116 E22.52298 ; infill
G1 X266.87 Y157.915 E21.55785 ; infill
G1 X268.572 Y165.007 E39.47099 ; infill
G1 X269.23 Y168.935 E21.55414 ; infill
G1 X269.68 Y172.892 E21.55292 ; infill
G1 X269.991 Y180 E38.50458 ; infill
G1 X269.68 Y187.108 E38.50458 ; infill
G1 X269.23 Y191.065 E21.55292 ; infill
G1 X268.572 Y194.993 E21.55414 ; infill
G1 X266.87 Y202.085 E39.47099 ; infill
G1 X265.672 Y205.884 E21.55785 ; infill
G1 X264.214 Y209.782 E22.52298 ; infill
G1 X262.554 Y213.6 E22.53114 ; infill
G1 X260.697 Y217.325 E22.52551 ; infill
G1 X258.648 Y220.947 E22.5211 ; infill
G1 X256.411 Y224.458 E22.53021 ; infill
G1 X253.994 Y227.846 E22.52315 ; infill
G1 X251.515 Y230.963 E21.55345 ; infill
G1 X246.709 Y236.208 E38.49974 ; infill
G1 X241.458 Y241.019 E38.54197 ; infill
G1 X238.346 Y243.494 E21.5188 ; infill
G1 X235.104 Y245.807 E21.55304 ; infill
G1 X228.885 Y249.618 E39.47337 ; infill
G1 X225.352 Y251.457 E21.55541 ; infill
G1 X221.564 Y253.183 E22.52808 ; infill
G1 X217.692 Y254.709 E22.52356 ; infill
G1 X213.744 Y256.029 E22.52878 ; infill
G1 X209.734 Y257.142 E22.52213 ; infill
G1 X205.845 Y258.004 E21.55768 ; infill
G1 X198.631 Y259.082 E39.47493 ; infill
G1 X194.661 Y259.394 E21.55149 ; infill
G1 X190.5 Y259.503 E22.52664 ; infill
G1 X186.339 Y259.394 E22.52664 ; infill
G1 X182.19 Y259.068 E22.52318 ; infill
G1 X178.063 Y258.524 E22.52811 ; infill
G1 X173.97 Y257.766 E22.52756 ; infill
G1 X169.923 Y256.794 E22.52481 ; infill
G1 X166.104 Y255.663 E21.55535 ; infill
G1 X159.272 Y253.109 E39.47317 ; infill
G1 X155.648 Y251.457 E21.55437 ; infill
G1 X152.115 Y249.618 E21.55541 ; infill
G1 X145.896 Y245.807 E39.47337 ; infill
G1 X142.654 Y243.494 E21.55304 ; infill
G1 X139.537 Y241.015 E21.55345 ; infill
G1 X134.292 Y236.208 E38.5034 ; infill
G1 X129.485 Y230.963 E38.5034 ; infill
G1 X127.006 Y227.846 E21.55345 ; infill
G1 X124.693 Y224.604 E21.55304 ; infill
G1 X120.879 Y218.379 E39.50954 ; infill
G1 X119.043 Y214.852 E21.51911 ; infill
G1 X117.317 Y211.064 E22.52808 ; infill
G1 X115.791 Y207.192 E22.52356 ; infill
G1 X114.528 Y203.415 E21.55329 ; infill
G1 X112.7 Y196.347 E39.50991 ; infill
G1 X111.976 Y192.437 E21.52023 ; infill
G1 X111.432 Y188.31 E22.52811 ; infill
G1 X111.106 Y184.161 E22.52318 ; infill
G1 X110.997 Y180 E22.52664 ; infill
G1 X111.106 Y175.839 E22.52664 ; infill
G1 X111.418 Y171.869 E21.55149 ; infill
G1 X112.498 Y164.648 E39.514 ; infill
G1 X113.358 Y160.767 E21.51307 ; infill
G1 X114.471 Y156.756 E22.52735 ; infill
G1 X115.791 Y152.808 E22.52878 ; infill
G1 X117.317 Y148.936 E22.52356 ; infill
G1 X119.043 Y145.148 E22.52808 ; infill
G1 X120.882 Y141.615 E21.55541 ; infill
G1 X124.599 Y135.55 E38.49695 ; infill
G1 X128.835 Y129.825 E38.54219 ; infill
G1 X131.417 Y126.802 E21.51545 ; infill
G1 X134.283 Y123.783 E22.52827 ; infill
G1 X137.302 Y120.917 E22.52827 ; infill
G1 X140.467 Y118.214 E22.5251 ; infill
G1 X143.769 Y115.681 E22.52241 ; infill
G1 X147.199 Y113.323 E22.52616 ; infill
G1 X150.748 Y111.148 E22.52678 ; infill
G1 X154.248 Y109.248 E21.55268 ; infill
G1 X160.886 Y106.223 E39.47856 ; infill
G1 X164.616 Y104.828 E21.55195 ; infill
G1 X168.415 Y103.631 E21.55622 ; infill
G1 X175.507 Y101.928 E39.47226 ; infill
G1 X179.435 Y101.27 E21.55414 ; infill
G1 X183.392 Y100.82 E21.55292 ; infill
G1 X191.392 Y100.52 E43.32563 ; infill
M204 P1000 ; adjust acceleration
G1 X192.355 Y109.226 F4800 ; move to first infill point
M204 P500 ; adjust acceleration
G1 F1200
G1 X198.06 Y109.586 E30.9363 ; infill
G1 X205.225 Y110.725 E39.26315 ; infill
G1 X212.14 Y112.572 E38.73523 ; infill
G1 X218.165 Y114.824 E34.80997 ; infill
G1 X223.977 Y117.596 E34.84832 ; infill
G1 X230.103 Y121.286 E38.70321 ; infill
G1 X235.824 Y125.588 E38.73841 ; infill
G1 X240.566 Y129.934 E34.81087 ; infill
G1 X244.912 Y134.676 E34.81087 ; infill
G1 X249.214 Y140.397 E38.73841 ; infill
G1 X253.032 Y146.751 E40.11763 ; infill
G1 X256.165 Y153.47 E40.12136 ; infill
G1 X258.502 Y160.235 E38.73453 ; infill
G1 X260.063 Y166.738 E36.19332 ; infill
G1 X261.024 Y173.574 E37.35952 ; infill
G1 X261.304 Y180 E34.80986 ; infill
G1 X261.024 Y186.426 E34.80986 ; infill
G1 X260.063 Y193.262 E37.35952 ; infill
G1 X258.502 Y199.765 E36.19332 ; infill
G1 X256.165 Y206.53 E38.73453 ; infill
G1 X253.032 Y213.249 E40.12136 ; infill
G1 X249.214 Y219.603 E40.11763 ; infill
G1 X244.912 Y225.324 E38.73841 ; infill
G1 X240.567 Y230.066 E34.80722 ; infill
G1 X235.819 Y234.416 E34.84944 ; infill
G1 X230.311 Y238.566 E37.32271 ; infill
G1 X224.609 Y242.06 E36.19134 ; infill
G1 X218.172 Y245.192 E38.74118 ; infill
G1 X211.206 Y247.728 E40.11983 ; infill
G1 X204.263 Y249.466 E38.73419 ; infill
G1 X197.648 Y250.454 E36.19682 ; infill
G1 X190.5 Y250.822 E38.73549 ; infill
G1 X183.097 Y250.434 E40.11928 ; infill
G1 X175.775 Y249.275 E40.11928 ; infill
G1 X168.86 Y247.428 E38.73523 ; infill
G1 X162.595 Y245.086 E36.19715 ; infill
G1 X156.391 Y242.06 E37.35633 ; infill
G1 X150.689 Y238.566 E36.19134 ; infill
G1 X145.176 Y234.412 E37.35735 ; infill
G1 X140.434 Y230.066 E34.81087 ; infill
G1 X136.088 Y225.324 E34.81087 ; infill
G1 X131.934 Y219.812 E37.35303 ; infill
G1 X128.437 Y214.103 E36.23213 ; infill
G1 X125.308 Y207.672 E38.70488 ; infill
G1 X122.854 Y200.949 E38.73228 ; infill
G1 X121.178 Y194.467 E36.23359 ; infill
G1 X120.066 Y187.403 E38.70043 ; infill
G1 X119.678 Y180 E40.11928 ; infill
G1 X120.046 Y172.852 E38.73549 ; infill
G1 X121.036 Y166.231 E36.23053 ; infill
G1 X122.772 Y159.294 E38.70006 ; infill
G1 X125.308 Y152.328 E40.11983 ; infill
G1 X128.44 Y145.891 E38.74118 ; infill
G1 X131.8 Y140.407 E34.80649 ; infill
G1 X135.631 Y135.231 E34.85008 ; infill
G1 X140.421 Y129.921 E38.70178 ; infill
G1 X145.93 Y124.961 E40.11772 ; infill
G1 X151.928 Y120.603 E40.1241 ; infill
G1 X158.123 Y117.019 E38.73313 ; infill
G1 X164.209 Y114.245 E36.19686 ; infill
G1 X170.735 Y111.998 E37.35296 ; infill
G1 X177.238 Y110.437 E36.19332 ; infill
G1 X184.073 Y109.476 E37.35416 ; infill
G1 X191.005 Y109.191 E37.54698 ; infill
M204 P1000 ; adjust acceleration
G1 X191.968 Y117.897 F4800 ; move to first infill point
M204 P500 ; adjust acceleration
G1 F1200
G1 X197.219 Y118.229 E28.47463 ; infill
G1 X203.42 Y119.217 E33.98248 ; infill
G1 X209.385 Y120.806 E33.40775 ; infill
G1 X214.771 Y122.82 E31.11969 ; infill
G1 X219.967 Y125.299 E31.15668 ; infill
G1 X225.249 Y128.483 E33.37759 ; infill
G1 X230.184 Y132.191 E33.40658 ; infill
G1 X234.424 Y136.076 E31.12234 ; infill
G1 X238.309 Y140.316 E31.12234 ; infill
G1 X242.017 Y145.251 E33.40658 ; infill
G1 X245.367 Y150.827 E35.20409 ; infill
G1 X248.116 Y156.722 E35.20149 ; infill
G1 X250.134 Y162.556 E33.40851 ; infill
G1 X251.554 Y168.469 E32.91039 ; infill
G1 X252.367 Y174.255 E31.62085 ; infill
G1 X252.618 Y180 E31.12102 ; infill
G1 X252.367 Y185.745 E31.12102 ; infill
G1 X251.554 Y191.531 E31.62085 ; infill
G1 X250.134 Y197.444 E32.91039 ; infill
G1 X248.116 Y203.278 E33.40851 ; infill
G1 X245.367 Y209.174 E35.2064 ; infill
G1 X242.017 Y214.749 E35.19945 ; infill
G1 X238.309 Y219.684 E33.40658 ; infill
G1 X234.425 Y223.923 E31.11469 ; infill
G1 X230.18 Y227.813 E31.16057 ; infill
G1 X225.518 Y231.325 E31.58825 ; infill
G1 X220.333 Y234.503 E32.91214 ; infill
G1 X214.78 Y237.201 E33.41164 ; infill
G1 X208.668 Y239.426 E35.20114 ; infill
G1 X202.68 Y240.928 E33.41038 ; infill
G1 X196.665 Y241.827 E32.91415 ; infill
G1 X190.5 Y242.141 E33.40761 ; infill
G1 X184.004 Y241.801 E35.20382 ; infill
G1 X177.58 Y240.783 E35.19986 ; infill
G1 X171.615 Y239.194 E33.40775 ; infill
G1 X165.918 Y237.064 E32.91605 ; infill
G1 X160.667 Y234.503 E31.61759 ; infill
G1 X155.482 Y231.325 E32.91214 ; infill
G1 X150.816 Y227.809 E31.61856 ; infill
G1 X146.576 Y223.924 E31.12234 ; infill
G1 X142.691 Y219.684 E31.12234 ; infill
G1 X139.175 Y215.019 E31.61424 ; infill
G1 X135.994 Y209.828 E32.94831 ; infill
G1 X133.299 Y204.28 E33.3802 ; infill
G1 X131.179 Y198.483 E33.40488 ; infill
G1 X129.655 Y192.588 E32.95202 ; infill
G1 X128.699 Y186.496 E33.37277 ; infill
G1 X128.359 Y180 E35.20382 ; infill
G1 X128.673 Y173.835 E33.40761 ; infill
G1 X129.573 Y167.814 E32.94706 ; infill
G1 X131.074 Y161.832 E33.37757 ; infill
G1 X133.299 Y155.72 E35.20114 ; infill
G1 X135.997 Y150.167 E33.41164 ; infill
G1 X139.001 Y145.265 E31.11424 ; infill
G1 X142.426 Y140.637 E31.15911 ; infill
G1 X146.56 Y136.06 E33.37825 ; infill
G1 X151.393 Y131.707 E35.20086 ; infill
G1 X156.656 Y127.884 E35.20419 ; infill
G1 X161.997 Y124.79 E33.40467 ; infill
G1 X167.532 Y122.268 E32.91783 ; infill
G1 X173.056 Y120.366 E31.61781 ; infill
G1 X178.969 Y118.946 E32.91039 ; infill
G1 X184.754 Y118.133 E31.6155 ; infill
G1 X190.618 Y117.877 E31.7656 ; infill
M204 P1000 ; adjust acceleration
G1 X191.58 Y126.568 F4800 ; move to first infill point
M204 P500 ; adjust acceleration
G1 F1200
G1 X196.378 Y126.871 E26.01802 ; infill
G1 X201.615 Y127.708 E28.70182 ; infill
G1 X206.63 Y129.041 E28.08307 ; infill
G1 X211.376 Y130.815 E27.42055 ; infill
G1 X215.957 Y133.001 E27.46994 ; infill
G1 X220.395 Y135.68 E28.05478 ; infill
G1 X224.545 Y138.794 E28.0791 ; infill
G1 X228.282 Y142.218 E27.42981 ; infill
G1 X231.706 Y145.955 E27.42981 ; infill
G1 X234.82 Y150.105 E28.0791 ; infill
G1 X237.702 Y154.902 E30.28592 ; infill
G1 X240.067 Y159.974 E30.28653 ; infill
G1 X241.767 Y164.876 E28.07916 ; infill
G1 X243.045 Y170.201 E29.63671 ; infill
G1 X243.711 Y174.936 E25.87758 ; infill
G1 X243.932 Y180 E27.43194 ; infill
G1 X243.711 Y185.064 E27.43194 ; infill
G1 X243.045 Y189.799 E25.87758 ; infill
G1 X241.767 Y195.124 E29.63671 ; infill
G1 X240.067 Y200.026 E28.07916 ; infill
G1 X237.702 Y205.098 E30.28653 ; infill
G1 X234.82 Y209.895 E30.28592 ; infill
G1 X231.706 Y214.045 E28.0791 ; infill
G1 X228.283 Y217.781 E27.42217 ; infill
G1 X224.541 Y221.21 E27.46804 ; infill
G1 X220.726 Y224.084 E25.84945 ; infill
G1 X216.057 Y226.945 E29.63472 ; infill
G1 X211.388 Y229.21 E28.08447 ; infill
G1 X206.13 Y231.124 E30.28245 ; infill
G1 X201.098 Y232.39 E28.08133 ; infill
G1 X195.682 Y233.199 E29.63604 ; infill
G1 X190.5 Y233.46 E28.08001 ; infill
G1 X184.912 Y233.167 E30.28324 ; infill
G1 X179.385 Y232.292 E30.28409 ; infill
G1 X174.37 Y230.959 E28.08307 ; infill
G1 X169.241 Y229.042 E29.63307 ; infill
G1 X164.943 Y226.945 E25.88122 ; infill
G1 X160.274 Y224.084 E29.63472 ; infill
G1 X156.455 Y221.206 E25.87977 ; infill
G1 X152.718 Y217.782 E27.42981 ; infill
G1 X149.294 Y214.045 E27.42981 ; infill
G1 X146.417 Y210.227 E25.87219 ; infill
G1 X143.552 Y205.552 E29.67372 ; infill
G1 X141.29 Y200.888 E28.05303 ; infill
G1 X139.505 Y196.017 E28.07564 ; infill
G1 X138.133 Y190.709 E29.67046 ; infill
G1 X137.333 Y185.588 E28.05048 ; infill
G1 X137.04 Y180 E30.28324 ; infill
G1 X137.301 Y174.819 E28.07461 ; infill
G1 X138.111 Y169.396 E29.6743 ; infill
G1 X139.376 Y164.37 E28.04852 ; infill
G1 X141.29 Y159.112 E30.28245 ; infill
G1 X143.555 Y154.443 E28.08447 ; infill
G1 X146.203 Y150.122 E27.42661 ; infill
G1 X149.222 Y146.043 E27.46378 ; infill
G1 X152.698 Y142.198 E28.0515 ; infill
G1 X156.856 Y138.454 E30.28077 ; infill
G1 X161.384 Y135.165 E30.28745 ; infill
G1 X165.872 Y132.561 E28.08091 ; infill
G1 X170.855 Y130.29 E29.63613 ; infill
G1 X175.376 Y128.733 E25.87753 ; infill
G1 X180.701 Y127.455 E29.63671 ; infill
G1 X185.435 Y126.79 E25.87147 ; infill
G1 X190.231 Y126.58 E25.98034 ; infill
M204 P1000 ; adjust acceleration
G1 X191.059 Y135.231 F4800 ; move to first infill point
M204 P500 ; adjust acceleration
G1 F1200
G1 X195.538 Y135.513 E24.28789 ; infill
G1 X199.81 Y136.2 E23.41668 ; infill
G1 X203.875 Y137.276 E22.75702 ; infill
G1 X207.982 Y138.811 E23.72837 ; infill
G1 X211.947 Y140.703 E23.77598 ; infill
G1 X215.54 Y142.877 E22.72735 ; infill
G1 X218.906 Y145.397 E22.75596 ; infill
G1 X222.14 Y148.36 E23.73729 ; infill
G1 X225.103 Y151.594 E23.73729 ; infill
G1 X227.623 Y154.96 E22.75596 ; infill
G1 X230.038 Y158.978 E25.37052 ; infill
G1 X232.018 Y163.226 E25.36438 ; infill
G1 X233.399 Y167.197 E22.75316 ; infill
G1 X234.536 Y171.932 E26.35378 ; infill
G1 X235.054 Y175.618 E20.14428 ; infill
G1 X235.245 Y180 E23.73746 ; infill
G1 X235.054 Y184.382 E23.73746 ; infill
G1 X234.536 Y188.068 E20.14428 ; infill
G1 X233.399 Y192.803 E26.35378 ; infill
G1 X232.018 Y196.775 E22.75827 ; infill
G1 X230.038 Y201.022 E25.35947 ; infill
G1 X227.623 Y205.04 E25.37052 ; infill
G1 X225.103 Y208.406 E22.75596 ; infill
G1 X222.141 Y211.639 E23.72964 ; infill
G1 X218.901 Y214.607 E23.77951 ; infill
G1 X215.933 Y216.843 E20.11066 ; infill
G1 X211.781 Y219.388 E26.35552 ; infill
G1 X207.996 Y221.219 E22.75495 ; infill
G1 X203.592 Y222.822 E25.36376 ; infill
G1 X199.516 Y223.852 E22.75231 ; infill
G1 X194.699 Y224.572 E26.35872 ; infill
G1 X190.5 Y224.779 E22.75216 ; infill
G1 X185.819 Y224.534 E25.36778 ; infill
G1 X181.19 Y223.801 E25.36382 ; infill
G1 X177.125 Y222.724 E22.75841 ; infill
G1 X172.564 Y221.019 E26.35197 ; infill
G1 X169.219 Y219.388 E20.14011 ; infill
G1 X165.067 Y216.843 E26.35552 ; infill
G1 X162.094 Y214.603 E20.1453 ; infill
G1 X158.86 Y211.64 E23.73729 ; infill
G1 X155.897 Y208.406 E23.73729 ; infill
G1 X153.658 Y205.434 E20.13772 ; infill
G1 X151.11 Y201.276 E26.39169 ; infill
G1 X149.281 Y197.497 E22.72101 ; infill
G1 X147.831 Y193.551 E22.7515 ; infill
G1 X146.61 Y188.83 E26.39026 ; infill
G1 X145.966 Y184.681 E22.72285 ; infill
G1 X145.721 Y180 E25.36778 ; infill
G1 X145.928 Y175.802 E22.74676 ; infill
G1 X146.649 Y170.979 E26.39164 ; infill
G1 X147.678 Y166.908 E22.72475 ; infill
G1 X149.281 Y162.503 E25.36884 ; infill
G1 X151.112 Y158.719 E22.75008 ; infill
G1 X153.404 Y154.98 E23.73436 ; infill
G1 X156.017 Y151.448 E23.77715 ; infill
G1 X158.836 Y148.336 E22.72437 ; infill
G1 X162.32 Y145.2 E25.36833 ; infill
G1 X166.112 Y142.445 E25.36633 ; infill
G1 X169.746 Y140.332 E22.74976 ; infill
G1 X174.178 Y138.313 E26.35711 ; infill
G1 X177.697 Y137.101 E20.14238 ; infill
G1 X182.432 Y135.964 E26.35378 ; infill
G1 X186.116 Y135.446 E20.13356 ; infill
G1 X189.71 Y135.289 E19.46892 ; infill
M204 P1000 ; adjust acceleration
G1 X190.974 Y143.921 F4800 ; move to first infill point
M204 P500 ; adjust acceleration
G1 F1200
G1 X194.697 Y144.156 E20.1886 ; infill
G1 X198.005 Y144.691 E18.13518 ; infill
G1 X201.119 Y145.51 E17.42578 ; infill
G1 X204.588 Y146.807 E20.04316 ; infill
G1 X207.938 Y148.405 E20.0869 ; infill
G1 X210.686 Y150.073 E17.39715 ; infill
G1 X213.266 Y152 E17.42743 ; infill
G1 X215.998 Y154.502 E20.04875 ; infill
G1 X218.5 Y157.234 E20.04875 ; infill
G1 X220.427 Y159.814 E17.42743 ; infill
G1 X222.373 Y163.053 E20.44956 ; infill
G1 X223.969 Y166.477 E20.44451 ; infill
G1 X225.032 Y169.517 E17.42898 ; infill
G1 X226.027 Y173.663 E23.07484 ; infill
G1 X226.397 Y176.299 E14.40561 ; infill
G1 X226.559 Y180 E20.04862 ; infill
G1 X226.397 Y183.701 E20.04862 ; infill
G1 X226.027 Y186.337 E14.40561 ; infill
G1 X225.032 Y190.483 E23.07484 ; infill
G1 X223.969 Y193.523 E17.42898 ; infill
G1 X222.373 Y196.947 E20.44451 ; infill
G1 X220.427 Y200.186 E20.44956 ; infill
G1 X218.5 Y202.766 E17.42743 ; infill
G1 X215.999 Y205.496 E20.03711 ; infill
G1 X213.262 Y208.004 E20.09064 ; infill
G1 X211.14 Y209.602 E14.3762 ; infill
G1 X207.505 Y211.83 E23.07349 ; infill
G1 X204.605 Y213.228 E17.42296 ; infill
G1 X201.054 Y214.521 E20.452 ; infill
G1 X197.933 Y215.314 E17.42723 ; infill
G1 X193.716 Y215.944 E23.07526 ; infill
G1 X190.5 Y216.098 E17.42461 ; infill
G1 X186.727 Y215.9 E20.44719 ; infill
G1 X182.995 Y215.309 E20.44889 ; infill
G1 X179.881 Y214.49 E17.42578 ; infill
G1 X175.887 Y212.997 E23.07595 ; infill
G1 X173.495 Y211.83 E14.40374 ; infill
G1 X169.86 Y209.602 E23.07349 ; infill
G1 X167.734 Y208 E14.40651 ; infill
G1 X165.002 Y205.498 E20.04875 ; infill
G1 X162.5 Y202.766 E20.04875 ; infill
G1 X160.899 Y200.642 E14.39461 ; infill
G1 X158.668 Y197.001 E23.10966 ; infill
G1 X157.272 Y194.105 E17.39876 ; infill
G1 X156.157 Y191.085 E17.4223 ; infill
G1 X155.088 Y186.951 E23.10869 ; infill
G1 X154.6 Y183.773 E17.40061 ; infill
G1 X154.402 Y180 E20.44719 ; infill
G1 X154.556 Y176.785 E17.41921 ; infill
G1 X155.187 Y172.562 E23.10817 ; infill
G1 X155.979 Y169.446 E17.39967 ; infill
G1 X157.272 Y165.895 E20.452 ; infill
G1 X158.67 Y162.995 E17.42296 ; infill
G1 X160.605 Y159.837 E20.0439 ; infill
G1 X162.813 Y156.854 E20.08504 ; infill
G1 X164.975 Y154.475 E17.39729 ; infill
G1 X167.783 Y151.947 E20.44785 ; infill
G1 X170.84 Y149.726 E20.4496 ; infill
G1 X173.621 Y148.103 E17.42606 ; infill
G1 X177.501 Y146.335 E23.0754 ; infill
G1 X180.017 Y145.468 E14.40211 ; infill
G1 X184.163 Y144.473 E23.07484 ; infill
G1 X186.798 Y144.103 E14.40025 ; infill
G1 X189.626 Y143.979 E15.31956 ; infill
M204 P1000 ; adjust acceleration
G1 X190.89 Y152.611 F4800 ; move to first infill point
M204 P500 ; adjust acceleration
G1 F1200
G1 X193.856 Y152.798 E16.08356 ; infill
G1 X196.2 Y153.182 E12.85459 ; infill
G1 X198.364 Y153.745 E12.10121 ; infill
G1 X201.194 Y154.803 E16.35098 ; infill
G1 X203.928 Y156.107 E16.39294 ; infill
G1 X205.831 Y157.27 E12.06984 ; infill
G1 X207.627 Y158.603 E12.10441 ; infill
G1 X209.855 Y160.645 E16.35589 ; infill
G1 X211.897 Y162.873 E16.35589 ; infill
G1 X213.23 Y164.669 E12.10441 ; infill
G1 X214.708 Y167.129 E15.53138 ; infill
G1 X215.921 Y169.729 E15.52694 ; infill
G1 X216.664 Y171.838 E12.10129 ; infill
G1 X217.518 Y175.394 E19.79191 ; infill
G1 X217.741 Y176.98 E8.6677 ; infill
G1 X217.873 Y180 E16.35954 ; infill
G1 X217.741 Y183.02 E16.35954 ; infill
G1 X217.518 Y184.606 E8.6677 ; infill
G1 X216.664 Y188.162 E19.79191 ; infill
G1 X215.92 Y190.271 E12.10309 ; infill
G1 X214.708 Y192.871 E15.52465 ; infill
G1 X213.23 Y195.331 E15.53138 ; infill
G1 X211.897 Y197.127 E12.10441 ; infill
G1 X209.856 Y199.354 E16.34825 ; infill
G1 X207.623 Y201.401 E16.39412 ; infill
G1 X206.348 Y202.361 E8.63741 ; infill
G1 X203.229 Y204.272 E19.79608 ; infill
G1 X201.213 Y205.237 E12.0959 ; infill
G1 X197.133 Y206.602 E23.28351 ; infill
G1 X191.935 Y207.379 E28.4436 ; infill
G1 X187.634 Y207.267 E23.28447 ; infill
G1 X184.8 Y206.818 E15.52862 ; infill
G1 X182.636 Y206.255 E12.10121 ; infill
G1 X179.21 Y204.974 E19.79486 ; infill
G1 X177.771 Y204.272 E8.665 ; infill
G1 X174.652 Y202.361 E19.79608 ; infill
G1 X173.373 Y201.397 E8.66772 ; infill
G1 X171.145 Y199.355 E16.35589 ; infill
G1 X169.103 Y197.127 E16.35589 ; infill
G1 X168.14 Y195.849 E8.66014 ; infill
G1 X165.858 Y192.02 E24.12321 ; infill
G1 X164.483 Y188.619 E19.85321 ; infill
G1 X163.566 Y185.072 E19.82713 ; infill
G1 X163.121 Y181.435 E19.82986 ; infill
G1 X163.183 Y177.768 E19.84827 ; infill
G1 X163.725 Y174.145 E19.8255 ; infill
G1 X164.737 Y170.623 E19.83195 ; infill
G1 X166.228 Y167.271 E19.85436 ; infill
G1 X167.806 Y164.695 E16.34883 ; infill
G1 X170.125 Y161.655 E20.69254 ; infill
G1 X173.246 Y158.693 E23.28632 ; infill
G1 X175.568 Y157.006 E15.53286 ; infill
G1 X177.495 Y155.874 E12.09502 ; infill
G1 X180.824 Y154.357 E19.79863 ; infill
G1 X182.338 Y153.836 E8.66519 ; infill
G1 X186.684 Y152.85 E24.11784 ; infill
G1 X189.541 Y152.669 E15.49279 ; infill
M204 P1000 ; adjust acceleration
G1 X190.805 Y161.301 F4800 ; move to first infill point
M204 P500 ; adjust acceleration
G1 F1200
G1 X193.431 Y161.495 E14.25038 ; infill
G1 X194.726 Y161.753 E7.14614 ; infill
G1 X197.8 Y162.799 E17.57292 ; infill
G1 X200.69 Y164.285 E17.58684 ; infill
G1 X201.987 Y165.206 E8.60892 ; infill
G1 X203.713 Y166.787 E12.66736 ; infill
G1 X206.033 Y169.523 E19.41363 ; infill
G1 X207.736 Y172.669 E19.36033 ; infill
G1 X208.296 Y174.158 E8.60938 ; infill
G1 X209.009 Y177.125 E16.51424 ; infill
G1 X209.186 Y180 E15.58867 ; infill
G1 X209.009 Y182.875 E15.58867 ; infill
G1 X207.872 Y187.019 E23.25575 ; infill
G1 X206.216 Y190.19 E19.36037 ; infill
G1 X205.295 Y191.487 E8.60892 ; infill
G1 X203.714 Y193.212 E12.66337 ; infill
G1 X201.555 Y195.12 E15.59317 ; infill
G1 X197.821 Y197.246 E23.25394 ; infill
G1 X194.768 Y198.238 E17.37285 ; infill
G1 X191.481 Y198.71 E17.97138 ; infill
G1 X188.542 Y198.633 E15.91103 ; infill
G1 X185.391 Y198.02 E17.37259 ; infill
G1 X182.047 Y196.715 E19.42665 ; infill
G1 X179.013 Y194.795 E19.43132 ; infill
G1 X177.287 Y193.213 E12.67101 ; infill
G1 X175.705 Y191.487 E12.67101 ; infill
G1 X173.661 Y188.214 E20.88353 ; infill
G1 X172.809 Y186.153 E12.06942 ; infill
G1 X171.995 Y182.932 E17.97976 ; infill
G1 X171.79 Y180.981 E10.61674 ; infill
G1 X171.811 Y178.751 E12.06907 ; infill
G1 X172.32 Y175.468 E17.97954 ; infill
G1 X172.894 Y173.592 E10.61733 ; infill
G1 X173.785 Y171.547 E12.07218 ; infill
G1 X175.007 Y169.552 E12.66119 ; infill
G1 X176.576 Y167.464 E14.1348 ; infill
G1 X178.709 Y165.44 E15.91344 ; infill
G1 X181.37 Y163.645 E17.37122 ; infill
G1 X184.658 Y162.204 E19.42821 ; infill
G1 X187.625 Y161.491 E16.51424 ; infill
G1 X189.457 Y161.36 E9.93991 ; infill
M204 P1000 ; adjust acceleration
G1 X190.721 Y169.991 F4800 ; move to first infill point
M204 P500 ; adjust acceleration
G1 F1200
G1 X192.424 Y170.134 E9.2489 ; infill
G1 X194.405 Y170.794 E11.30033 ; infill
G1 X195.806 Y171.462 E8.39983 ; infill
G1 X197.571 Y172.929 E12.42065 ; infill
G1 X198.836 Y174.377 E10.40568 ; infill
G1 X199.955 Y176.587 E13.40607 ; infill
G1 X200.439 Y178.603 E11.22041 ; infill
G1 X200.481 Y180.436 E9.92262 ; infill
G1 X200.439 Y181.397 E5.2058 ; infill
G1 X199.613 Y184.249 E16.06904 ; infill
G1 X198.616 Y185.93 E10.57714 ; infill
G1 X197.572 Y187.069 E8.36179 ; infill
G1 X196.539 Y188.016 E7.58419 ; infill
G1 X194.323 Y189.297 E13.85237 ; infill
G1 X193.076 Y189.716 E7.11941 ; infill
G1 X190.5 Y190.055 E14.06125 ; infill
G1 X188.042 Y189.747 E13.40648 ; infill
G1 X186.1 Y189.021 E11.22032 ; infill
G1 X184.46 Y188.016 E10.40947 ; infill
G1 X183.429 Y187.071 E7.5689 ; infill
G1 X182.485 Y186.041 E7.56125 ; infill
G1 X181.4 Y184.271 E11.23556 ; infill
G1 X180.549 Y181.424 E16.08127 ; infill
G1 X180.454 Y180.344 E5.86742 ; infill
G1 X180.784 Y177.422 E15.9141 ; infill
G1 X181.119 Y176.391 E5.86682 ; infill
G1 X182.209 Y174.41 E12.23671 ; infill
G1 X183.39 Y172.89 E10.41725 ; infill
G1 X185.346 Y171.37 E13.40616 ; infill
G1 X187.232 Y170.51 E11.21791 ; infill
G1 X189.372 Y170.05 E11.846 ; infill
M204 P1000 ; adjust acceleration
G1 X191.206 Y178.777 F4800 ; move to first infill point
M204 P500 ; adjust acceleration
;WIDTH:11.6241
G1 F1200
G1 X189.794 Y178.777 E9.95228 ; infill
G1 X189.087 Y180 E9.95686 ; infill
G1 X189.794 Y181.224 E9.96296 ; infill
G1 X191.238 Y181.169 E10.18521 ; infill
M204 P1000 ; adjust acceleration
;LAYER_CHANGE
;Z:3
;HEIGHT:1.5
G1 E-80 F1020 ; retract
G1 Z3 F960 ; simple layer change
G1 Z8 ; travel to first layer point
G1 X240.398 Y261.392 F4800 ; travel to first layer point
G1 Z3 F960 ; travel to first layer point
G1 E90 F1020 ;  ; unretract
;TYPE:External perimeter
;WIDTH:9
G1 F2400
G1 X236.795 Y263.6 E22.86928 ; perimeter
G1 X232.392 Y265.892 E26.86378 ; perimeter
G1 X227.84 Y267.966 E27.0715 ; perimeter
G1 X223.185 Y269.8 E27.07712 ; perimeter
G1 X218.44 Y271.388 E27.07939 ; perimeter
G1 X213.619 Y272.725 E27.07552 ; perimeter
G1 X208.773 Y273.799 E26.86243 ; perimeter
G1 X200.45 Y275.043 E45.54359 ; perimeter
G1 X195.501 Y275.432 E26.8661 ; perimeter
G1 X190.5 Y275.563 E27.07419 ; perimeter
G1 X185.499 Y275.432 E27.07419 ; perimeter
G1 X180.511 Y275.04 E27.07779 ; perimeter
G1 X175.551 Y274.387 E27.07465 ; perimeter
G1 X170.631 Y273.475 E27.08013 ; perimeter
G1 X165.766 Y272.307 E27.07705 ; perimeter
G1 X161.007 Y270.897 E26.86188 ; perimeter
G1 X153.125 Y267.95 E45.54065 ; perimeter
G1 X148.608 Y265.892 E26.86323 ; perimeter
G1 X144.205 Y263.6 E26.86378 ; perimeter
G1 X137.03 Y259.203 E45.54178 ; perimeter
G1 X132.989 Y256.32 E26.86471 ; perimeter
G1 X129.104 Y253.23 E26.86468 ; perimeter
G1 X122.929 Y247.572 E45.32561 ; perimeter
G1 X117.27 Y241.396 E45.33326 ; perimeter
G1 X114.18 Y237.511 E26.86468 ; perimeter
G1 X111.274 Y233.438 E27.07798 ; perimeter
G1 X108.586 Y229.219 E27.07319 ; perimeter
G1 X106.142 Y224.899 E26.86153 ; perimeter
G1 X102.511 Y217.283 E45.66168 ; perimeter
G1 X100.7 Y212.685 E26.74449 ; perimeter
G1 X99.112 Y207.94 E27.07939 ; perimeter
G1 X97.775 Y203.119 E27.07552 ; perimeter
G1 X96.692 Y198.234 E27.07903 ; perimeter
G1 X95.867 Y193.3 E27.07301 ; perimeter
G1 X95.305 Y188.368 E26.86422 ; perimeter
G1 X94.939 Y180 E45.33007 ; perimeter
G1 X95.307 Y171.61 E45.44949 ; perimeter
G1 X95.867 Y166.7 E26.7447 ; perimeter
G1 X96.692 Y161.766 E27.07301 ; perimeter
G1 X97.775 Y156.881 E27.07903 ; perimeter
G1 X99.112 Y152.06 E27.07552 ; perimeter
G1 X100.7 Y147.315 E27.07939 ; perimeter
G1 X102.519 Y142.697 E26.86106 ; perimeter
G1 X106.152 Y135.082 E45.66146 ; perimeter
G1 X108.586 Y130.781 E26.74538 ; perimeter
G1 X111.253 Y126.595 E26.8615 ; perimeter
G1 X116.259 Y119.83 E45.54532 ; perimeter
G1 X119.483 Y116.056 E26.86246 ; perimeter
G1 X122.927 Y112.427 E27.07615 ; perimeter
G1 X126.556 Y108.983 E27.07615 ; perimeter
G1 X130.33 Y105.759 E26.86246 ; perimeter
G1 X137.113 Y100.741 E45.66226 ; perimeter
G1 X141.281 Y98.086 E26.74445 ; perimeter
G1 X145.636 Y95.623 E27.07702 ; perimeter
G1 X150.113 Y93.39 E27.07563 ; perimeter
G1 X154.701 Y91.395 E27.0756 ; perimeter
G1 X159.388 Y89.643 E27.07977 ; perimeter
G1 X164.122 Y88.15 E26.86386 ; perimeter
G1 X172.304 Y86.186 E45.53798 ; perimeter
G1 X177.2 Y85.367 E26.86482 ; perimeter
G1 X182.132 Y84.805 E26.86422 ; perimeter
G1 X190.561 Y84.438 E45.66012 ; perimeter
G1 X195.501 Y84.568 E26.74404 ; perimeter
G1 X200.489 Y84.96 E27.07779 ; perimeter
G1 X205.449 Y85.613 E27.07465 ; perimeter
G1 X210.369 Y86.525 E27.08013 ; perimeter
G1 X215.234 Y87.693 E27.07705 ; perimeter
G1 X219.993 Y89.103 E26.86188 ; perimeter
G1 X227.838 Y92.036 E45.32656 ; perimeter
G1 X235.418 Y95.652 E45.45089 ; perimeter
G1 X239.719 Y98.086 E26.74538 ; perimeter
G1 X243.938 Y100.774 E27.07319 ; perimeter
G1 X248.011 Y103.68 E27.07798 ; perimeter
G1 X251.896 Y106.77 E26.86468 ; perimeter
G1 X258.072 Y112.428 E45.3296 ; perimeter
G1 X263.73 Y118.604 E45.3296 ; perimeter
G1 X266.82 Y122.489 E26.86468 ; perimeter
G1 X269.726 Y126.562 E27.07798 ; perimeter
G1 X272.414 Y130.781 E27.07319 ; perimeter
G1 X274.877 Y135.136 E27.07702 ; perimeter
G1 X277.11 Y139.613 E27.07563 ; perimeter
G1 X279.105 Y144.201 E27.0756 ; perimeter
G1 X280.857 Y148.888 E27.07977 ; perimeter
G1 X282.35 Y153.622 E26.86386 ; perimeter
G1 X284.314 Y161.804 E45.53798 ; perimeter
G1 X285.133 Y166.7 E26.86482 ; perimeter
G1 X285.695 Y171.632 E26.86422 ; perimeter
G1 X286.062 Y180.039 E45.54117 ; perimeter
G1 X285.932 Y185.001 E26.86306 ; perimeter
G1 X285.54 Y189.989 E27.07779 ; perimeter
G1 X284.887 Y194.949 E27.07465 ; perimeter
G1 X283.982 Y199.83 E26.8657 ; perimeter
G1 X281.875 Y207.977 E45.5414 ; perimeter
G1 X280.3 Y212.685 E26.86717 ; perimeter
G1 X278.466 Y217.34 E27.07712 ; perimeter
G1 X276.392 Y221.892 E27.0715 ; perimeter
G1 X274.1 Y226.295 E26.86378 ; perimeter
G1 X269.703 Y233.47 E45.54178 ; perimeter
G1 X266.82 Y237.511 E26.86471 ; perimeter
G1 X263.73 Y241.396 E26.86468 ; perimeter
G1 X258.072 Y247.571 E45.32561 ; perimeter
G1 X251.896 Y253.23 E45.33326 ; perimeter
G1 X248.011 Y256.32 E26.86468 ; perimeter
G1 X243.97 Y259.203 E26.86471 ; perimeter
G1 X241.549 Y260.686 E15.36496 ; perimeter
G1 E-80 F1020 ; retract
G1 Z8 F960 ; move to first infill point
G1 X139.583 Y104.336 F4800 ; move to first infill point
G1 Z3 F960 ; move to first infill point
G1 E90 F1020 ;  ; unretract
;TYPE:Solid infill
;WIDTH:7.9719
G1 F1200
G1 X133.42 Y109.645 E38.80707 ; infill
G1 X126.609 Y116.109 E44.79758 ; infill
G1 X120.144 Y122.921 E44.80433 ; infill
G1 X114.849 Y129.066 E38.69842 ; infill
G1 E-80 F1020 ; retract
G1 Z8 F960 ; move to first infill point
G1 X108.659 Y145.781 F4800 ; move to first infill point
G1 Z3 F960 ; move to first infill point
G1 E90 F1020 ;  ; unretract
G1 F1200
G1 X107.983 Y145.105 E4.56088 ; infill
G1 X107.059 Y145.352 E4.56296 ; infill
G1 X106.812 Y146.276 E4.56296 ; infill
G1 X107.488 Y146.952 E4.56088 ; infill
G1 X108.412 Y146.705 E4.56296 ; infill
;WIDTH:8.02086
G1 X108.584 Y146.38 E1.76547 ; infill
;WIDTH:8.06982
G1 X108.756 Y146.056 E1.77243 ; infill
;WIDTH:8.11877
G1 X108.929 Y145.732 E1.78591 ; infill
;WIDTH:8.16773
G1 X109.101 Y145.407 E1.79915 ; infill
;WIDTH:8.21669
G1 X109.273 Y145.083 E1.80602 ; infill
;WIDTH:8.26564
G1 X109.446 Y144.758 E1.82392 ; infill
;WIDTH:8.3146
G1 X109.618 Y144.434 E1.82842 ; infill
;WIDTH:8.36356
G1 X109.79 Y144.11 E1.83962 ; infill
;WIDTH:8.41252
G1 X109.963 Y143.785 E1.85765 ; infill
;WIDTH:8.46147
G1 X110.135 Y143.461 E1.86202 ; infill
;WIDTH:8.51043
G1 X110.307 Y143.136 E1.87773 ; infill
;WIDTH:8.55939
G1 X110.479 Y142.812 E1.88442 ; infill
;WIDTH:8.60834
G1 X110.652 Y142.488 E1.89805 ; infill
;WIDTH:8.6573
G1 X110.824 Y142.163 E1.91141 ; infill
;WIDTH:8.70626
G1 X110.996 Y141.839 E1.91802 ; infill
;WIDTH:8.75521
G1 X111.169 Y141.514 E1.93633 ; infill
;WIDTH:8.80417
G1 X111.341 Y141.19 E1.94042 ; infill
;WIDTH:8.85313
G1 X111.513 Y140.866 E1.95162 ; infill
;WIDTH:8.90208
G1 X111.686 Y140.541 E1.97005 ; infill
;WIDTH:8.95104
G1 X111.858 Y140.217 E1.97402 ; infill
;WIDTH:9
G1 X112.03 Y139.892 E1.99 ; infill
G1 X150.466 Y101.457 E294.16923 ; infill
G1 X150.79 Y101.285 E1.98522 ; infill
;WIDTH:8.95104
G1 X151.115 Y101.114 E1.97626 ; infill
;WIDTH:8.90208
G1 X151.439 Y100.942 E1.96282 ; infill
;WIDTH:8.85313
G1 X151.764 Y100.771 E1.95384 ; infill
;WIDTH:8.80417
G1 X152.088 Y100.599 E1.94042 ; infill
;WIDTH:8.75521
G1 X152.412 Y100.428 E1.92676 ; infill
;WIDTH:8.70626
G1 X152.737 Y100.256 E1.92264 ; infill
;WIDTH:8.6573
G1 X153.061 Y100.085 E1.90439 ; infill
;WIDTH:8.60834
G1 X153.386 Y99.913 E1.90019 ; infill
;WIDTH:8.55939
G1 X153.71 Y99.742 E1.88202 ; infill
;WIDTH:8.51043
G1 X154.034 Y99.57 E1.87322 ; infill
;WIDTH:8.46147
G1 X154.359 Y99.399 E1.86414 ; infill
;WIDTH:8.41252
G1 X154.683 Y99.227 E1.85082 ; infill
;WIDTH:8.36356
G1 X155.008 Y99.056 E1.84171 ; infill
;WIDTH:8.3146
G1 X155.332 Y98.884 E1.82842 ; infill
;WIDTH:8.26564
G1 X155.656 Y98.713 E1.81491 ; infill
;WIDTH:8.21669
G1 X155.981 Y98.541 E1.81037 ; infill
;WIDTH:8.16773
G1 X156.305 Y98.37 E1.79254 ; infill
;WIDTH:8.11877
G1 X156.63 Y98.198 E1.78792 ; infill
;WIDTH:8.06982
G1 X156.954 Y98.027 E1.77017 ; infill
;WIDTH:8.02086
G1 X157.278 Y97.855 E1.76123 ; infill
;WIDTH:7.9719
G1 X156.355 Y98.103 E4.55958 ; infill
G1 X155.679 Y97.427 E4.56088 ; infill
G1 X155.926 Y96.503 E4.56296 ; infill
G1 X156.85 Y96.256 E4.56296 ; infill
G1 X157.526 Y96.932 E4.56088 ; infill
;WIDTH:9
G1 X169.829 Y94.366 E68.01536 ; infill
G1 X104.766 Y159.43 E497.96879 ; infill
G1 X102.591 Y173.877 E79.0668 ; infill
G1 X184.378 Y92.09 E625.96346 ; infill
G1 X196.635 Y92.106 E66.33371 ; infill
G1 X102.591 Y186.149 E719.76958 ; infill
G1 X103.981 Y197.032 E59.37615 ; infill
G1 X207.515 Y93.498 E792.40589 ; infill
G1 X217.291 Y95.995 E54.60528 ; infill
G1 X106.503 Y206.783 E847.92497 ; infill
G1 X109.906 Y215.653 E51.41512 ; infill
G1 X226.154 Y99.405 E889.71353 ; infill
G1 X234.323 Y103.508 E49.47292 ; infill
G1 X114.009 Y223.823 E920.83681 ; infill
G1 X118.807 Y231.297 E48.06592 ; infill
G1 X241.797 Y108.307 E941.31397 ; infill
G1 X248.612 Y113.765 E47.25242 ; infill
G1 X124.265 Y238.112 E951.69988 ; infill
G1 X130.315 Y244.335 E46.97087 ; infill
G1 X254.835 Y119.815 E953.02395 ; infill
G1 X260.513 Y126.409 E47.09302 ; infill
G1 X136.909 Y250.013 E946.01327 ; infill
G1 X144.231 Y254.964 E47.8346 ; infill
G1 X265.515 Y133.68 E928.25696 ; infill
G1 X269.861 Y141.606 E48.91986 ; infill
G1 X152.094 Y259.374 E901.34314 ; infill
G1 X160.797 Y262.944 E50.90843 ; infill
G1 X273.491 Y150.249 E862.51652 ; infill
G1 X276.24 Y159.773 E53.64707 ; infill
G1 X170.222 Y265.791 E811.41739 ; infill
G1 X180.666 Y267.62 E57.38205 ; infill
G1 X278.106 Y170.18 E745.76497 ; infill
G1 X278.634 Y181.924 E63.62155 ; infill
G1 X192.424 Y268.134 E659.81525 ; infill
G1 X206.089 Y266.742 E74.33631 ; infill
G1 X277.272 Y195.559 E544.80488 ; infill
G1 X277.151 Y206.378 E58.555 ; infill
;WIDTH:7.9719
G1 X276.475 Y205.702 E4.56088 ; infill
G1 X275.551 Y205.95 E4.56419 ; infill
G1 X275.303 Y206.873 E4.55958 ; infill
G1 X275.98 Y207.549 E4.56425 ; infill
G1 X276.903 Y207.302 E4.55835 ; infill
;WIDTH:8.02086
G1 X276.686 Y207.562 E1.62599 ; infill
;WIDTH:8.06982
G1 X276.469 Y207.822 E1.63633 ; infill
;WIDTH:8.11877
G1 X276.252 Y208.082 E1.64667 ; infill
;WIDTH:8.16773
G1 X276.034 Y208.342 E1.66015 ; infill
;WIDTH:8.21669
G1 X275.817 Y208.602 E1.66735 ; infill
;WIDTH:8.26564
G1 X275.6 Y208.862 E1.67769 ; infill
;WIDTH:8.3146
G1 X275.383 Y209.122 E1.68803 ; infill
;WIDTH:8.36356
G1 X275.165 Y209.382 E1.70159 ; infill
;WIDTH:8.41252
G1 X274.948 Y209.642 E1.70871 ; infill
;WIDTH:8.46147
G1 X274.731 Y209.902 E1.71905 ; infill
;WIDTH:8.51043
G1 X274.514 Y210.162 E1.72939 ; infill
;WIDTH:8.55939
G1 X274.297 Y210.422 E1.73973 ; infill
;WIDTH:8.60834
G1 X274.079 Y210.682 E1.75338 ; infill
;WIDTH:8.6573
G1 X273.862 Y210.942 E1.7604 ; infill
;WIDTH:8.70626
G1 X273.645 Y211.202 E1.77074 ; infill
;WIDTH:8.75521
G1 X273.428 Y211.462 E1.78108 ; infill
;WIDTH:8.80417
G1 X273.21 Y211.722 E1.79482 ; infill
;WIDTH:8.85313
G1 X272.993 Y211.982 E1.80176 ; infill
;WIDTH:8.90208
G1 X272.776 Y212.242 E1.8121 ; infill
;WIDTH:8.95104
G1 X272.559 Y212.502 E1.82244 ; infill
;WIDTH:9
G1 X223.014 Y262.015 E379.07425 ; infill
;WIDTH:8.95104
G1 X222.766 Y262.188 E1.62721 ; infill
;WIDTH:8.90208
G1 X222.517 Y262.361 E1.62237 ; infill
;WIDTH:8.85313
G1 X222.269 Y262.534 E1.60875 ; infill
;WIDTH:8.80417
G1 X222.021 Y262.708 E1.60255 ; infill
;WIDTH:8.75521
G1 X221.773 Y262.881 E1.59028 ; infill
;WIDTH:8.70626
G1 X221.525 Y263.054 E1.58105 ; infill
;WIDTH:8.6573
G1 X221.276 Y263.227 E1.57609 ; infill
;WIDTH:8.60834
G1 X221.028 Y263.401 E1.56555 ; infill
;WIDTH:8.55939
G1 X220.78 Y263.574 E1.55336 ; infill
;WIDTH:8.51043
G1 X220.532 Y263.747 E1.54413 ; infill
;WIDTH:8.46147
G1 X220.283 Y263.92 E1.53906 ; infill
;WIDTH:8.41252
G1 X220.035 Y264.094 E1.52855 ; infill
;WIDTH:8.36356
G1 X219.787 Y264.267 E1.51643 ; infill
;WIDTH:8.3146
G1 X219.539 Y264.44 E1.5072 ; infill
;WIDTH:8.26564
G1 X219.291 Y264.613 E1.49797 ; infill
;WIDTH:8.21669
G1 X219.042 Y264.787 E1.49559 ; infill
;WIDTH:8.16773
G1 X218.794 Y264.96 E1.4795 ; infill
;WIDTH:8.11877
G1 X218.546 Y265.133 E1.47027 ; infill
;WIDTH:8.06982
G1 X218.298 Y265.306 E1.46104 ; infill
;WIDTH:8.02086
G1 X218.049 Y265.48 E1.45849 ; infill
;WIDTH:7.9719
G1 X217.373 Y264.803 E4.56425 ; infill
G1 X216.45 Y265.051 E4.55958 ; infill
G1 X216.202 Y265.975 E4.56419 ; infill
G1 X216.878 Y266.651 E4.56088 ; infill
G1 X217.802 Y266.403 E4.56419 ; infill
G1 E-80 F1020 ; retract
G1 Z8 F960 ; move to first infill point
G1 X240.77 Y254.368 F4800 ; move to first infill point
G1 Z3 F960 ; move to first infill point
G1 E90 F1020 ;  ; unretract
G1 F1200
G1 X247.714 Y248.333 E43.891 ; infill
G1 X253.395 Y242.895 E37.51813 ; infill
G1 X258.833 Y237.214 E37.51813 ; infill
G1 X264.868 Y230.27 E43.891 ; infill
;LAYER_CHANGE
;Z:4.5
;HEIGHT:1.5
G1 Z4.5 F960 ; simple layer change
G1 X269.585 Y233.635 F4800 ; travel to first layer point
;TYPE:External perimeter
;WIDTH:9
G1 F2400
G1 X266.82 Y237.511 E25.76689 ; perimeter
G1 X263.73 Y241.396 E26.86468 ; perimeter
G1 X258.072 Y247.571 E45.32561 ; perimeter
G1 X251.868 Y253.253 E45.52908 ; perimeter
G1 X248.012 Y256.32 E26.66437 ; perimeter
G1 X243.97 Y259.203 E26.86911 ; perimeter
G1 X236.795 Y263.6 E45.54178 ; perimeter
G1 X232.392 Y265.892 E26.86378 ; perimeter
G1 X227.84 Y267.966 E27.0715 ; perimeter
G1 X223.185 Y269.8 E27.07712 ; perimeter
G1 X218.44 Y271.388 E27.07939 ; perimeter
G1 X213.619 Y272.725 E27.07552 ; perimeter
G1 X208.773 Y273.799 E26.86243 ; perimeter
G1 X200.414 Y275.046 E45.73868 ; perimeter
G1 X195.502 Y275.432 E26.6652 ; perimeter
G1 X190.5 Y275.563 E27.0796 ; perimeter
G1 X185.499 Y275.432 E27.07419 ; perimeter
G1 X180.511 Y275.04 E27.07779 ; perimeter
G1 X175.551 Y274.387 E27.07465 ; perimeter
G1 X170.631 Y273.475 E27.08013 ; perimeter
G1 X165.766 Y272.307 E27.07705 ; perimeter
G1 X161.007 Y270.897 E26.86188 ; perimeter
G1 X153.125 Y267.95 E45.54065 ; perimeter
G1 X148.608 Y265.892 E26.86323 ; perimeter
G1 X144.205 Y263.6 E26.86378 ; perimeter
G1 X137.03 Y259.203 E45.54178 ; perimeter
G1 X132.989 Y256.32 E26.86471 ; perimeter
G1 X129.104 Y253.23 E26.86468 ; perimeter
G1 X122.928 Y247.571 E45.33326 ; perimeter
G1 X117.27 Y241.396 E45.32561 ; perimeter
G1 X114.18 Y237.511 E26.86468 ; perimeter
G1 X111.297 Y233.47 E26.86471 ; perimeter
G1 X106.9 Y226.295 E45.54178 ; perimeter
G1 X104.608 Y221.892 E26.86378 ; perimeter
G1 X102.55 Y217.375 E26.86323 ; perimeter
G1 X99.603 Y209.493 E45.54065 ; perimeter
G1 X98.193 Y204.734 E26.86188 ; perimeter
G1 X97.025 Y199.869 E27.07705 ; perimeter
G1 X96.113 Y194.949 E27.08013 ; perimeter
G1 X95.46 Y189.989 E27.07465 ; perimeter
G1 X95.068 Y185.001 E27.07779 ; perimeter
G1 X94.938 Y180.039 E26.86306 ; perimeter
G1 X95.305 Y171.632 E45.54117 ; perimeter
G1 X95.867 Y166.7 E26.86422 ; perimeter
G1 X96.692 Y161.766 E27.07301 ; perimeter
G1 X97.775 Y156.881 E27.07903 ; perimeter
G1 X99.112 Y152.06 E27.07552 ; perimeter
G1 X100.7 Y147.315 E27.07939 ; perimeter
G1 X102.534 Y142.66 E27.07712 ; perimeter
G1 X104.608 Y138.108 E27.0715 ; perimeter
G1 X106.9 Y133.705 E26.86378 ; perimeter
G1 X111.276 Y126.564 E45.32551 ; perimeter
G1 X116.282 Y119.802 E45.53227 ; perimeter
G1 X119.482 Y116.056 E26.66288 ; perimeter
G1 X122.927 Y112.427 E27.07987 ; perimeter
G1 X126.556 Y108.983 E27.07615 ; perimeter
G1 X130.36 Y105.733 E27.0773 ; perimeter
G1 X134.329 Y102.688 E27.07302 ; perimeter
G1 X138.453 Y99.854 E27.08056 ; perimeter
G1 X142.718 Y97.24 E27.07206 ; perimeter
G1 X147.081 Y94.871 E26.86828 ; perimeter
G1 X154.738 Y91.381 E45.54034 ; perimeter
G1 X159.388 Y89.643 E26.86568 ; perimeter
G1 X164.122 Y88.15 E26.86386 ; perimeter
G1 X172.304 Y86.186 E45.53798 ; perimeter
G1 X177.2 Y85.367 E26.86482 ; perimeter
G1 X182.132 Y84.805 E26.86422 ; perimeter
G1 X190.575 Y84.438 E45.73581 ; perimeter
G1 X195.501 Y84.568 E26.6683 ; perimeter
G1 X200.489 Y84.96 E27.07779 ; perimeter
G1 X205.449 Y85.613 E27.07465 ; perimeter
G1 X210.369 Y86.525 E27.08013 ; perimeter
G1 X215.234 Y87.693 E27.07705 ; perimeter
G1 X219.993 Y89.103 E26.86188 ; perimeter
G1 X227.875 Y92.05 E45.54065 ; perimeter
G1 X232.392 Y94.108 E26.86323 ; perimeter
G1 X236.795 Y96.4 E26.86378 ; perimeter
G1 X243.97 Y100.797 E45.54178 ; perimeter
G1 X248.011 Y103.68 E26.86471 ; perimeter
G1 X251.896 Y106.77 E26.86468 ; perimeter
G1 X258.072 Y112.428 E45.3296 ; perimeter
G1 X263.73 Y118.604 E45.3296 ; perimeter
G1 X266.82 Y122.489 E26.86468 ; perimeter
G1 X269.726 Y126.562 E27.07798 ; perimeter
G1 X272.414 Y130.781 E27.07319 ; perimeter
G1 X274.877 Y135.136 E27.07702 ; perimeter
G1 X277.11 Y139.613 E27.07563 ; perimeter
G1 X279.105 Y144.201 E27.0756 ; perimeter
G1 X280.857 Y148.888 E27.07977 ; perimeter
G1 X282.35 Y153.622 E26.86386 ; perimeter
G1 X284.314 Y161.804 E45.53798 ; perimeter
G1 X285.133 Y166.7 E26.86482 ; perimeter
G1 X285.695 Y171.632 E26.86422 ; perimeter
G1 X286.061 Y180 E45.33007 ; perimeter
G1 X285.695 Y188.368 E45.33007 ; perimeter
G1 X285.133 Y193.3 E26.86422 ; perimeter
G1 X284.314 Y198.196 E26.86482 ; perimeter
G1 X282.35 Y206.378 E45.53798 ; perimeter
G1 X280.857 Y211.112 E26.86386 ; perimeter
G1 X279.105 Y215.799 E27.07977 ; perimeter
G1 X277.11 Y220.387 E27.0756 ; perimeter
G1 X274.877 Y224.864 E27.07563 ; perimeter
G1 X272.414 Y229.219 E27.07702 ; perimeter
G1 X270.321 Y232.504 E21.07994 ; perimeter
G1 E-80 F1020 ; retract
G1 Z9.5 F960 ; move to first infill point
G1 X271.724 Y136.611 F4800 ; move to first infill point
G1 Z4.5 F960 ; move to first infill point
G1 E90 F1020 ;  ; unretract
;TYPE:Top solid infill
;WIDTH:9.13336
G1 F1200
G1 X251.793 Y116.68 E154.88776 ; infill
G1 X247.103 Y112.382 E34.95697 ; infill
G1 X243.571 Y109.573 E24.79823 ; infill
G1 X239.897 Y106.952 E24.79969 ; infill
G1 X233.161 Y102.824 E43.41245 ; infill
G1 X229.157 Y100.74 E24.80405 ; infill
G1 X225.051 Y98.869 E24.7948 ; infill
G1 X219.412 Y96.761 E33.08103 ; infill
G1 X273.843 Y151.192 E422.99412 ; infill
G1 X275.237 Y155.594 E25.3732 ; infill
G1 X277.081 Y163.276 E43.41224 ; infill
G1 X277.808 Y167.618 E24.19171 ; infill
G1 X202.909 Y92.719 E582.05502 ; infill
G1 X199.741 Y92.302 E17.55854 ; infill
G1 X193.142 Y91.885 E36.33428 ; infill
G1 X189.593 Y91.864 E19.50234 ; infill
G1 X278.637 Y180.909 E691.98251 ; infill
G1 X278.337 Y187.789 E37.84199 ; infill
G1 X277.785 Y192.518 E26.16261 ; infill
G1 X177.982 Y92.715 E775.58896 ; infill
G1 X173.776 Y93.419 E23.43377 ; infill
G1 X167.687 Y94.881 E34.41043 ; infill
G1 X275.619 Y202.813 E838.76103 ; infill
G1 X273.88 Y208.71 E33.78404 ; infill
G1 X272.567 Y212.222 E20.60329 ; infill
G1 X158.278 Y97.933 E888.16254 ; infill
G1 X150.374 Y101.477 E47.5992 ; infill
G1 X149.717 Y101.833 E4.1062 ; infill
G1 X268.669 Y220.785 E924.39964 ; infill
G1 X266.089 Y225.418 E29.13997 ; infill
G1 X264.047 Y228.624 E20.88718 ; infill
G1 X141.875 Y106.452 E949.4229 ; infill
G1 X138.667 Y108.657 E21.39077 ; infill
G1 X134.694 Y111.733 E27.61046 ; infill
G1 X258.758 Y235.797 E964.12601 ; infill
G1 X252.851 Y242.351 E48.48368 ; infill
G1 X128.144 Y117.644 E969.12289 ; infill
G1 X124.966 Y120.994 E25.374 ; infill
G1 X122.232 Y124.193 E23.12396 ; infill
G1 X246.297 Y248.259 E964.13767 ; infill
G1 X243.571 Y250.427 E19.13933 ; infill
G1 X239.108 Y253.531 E29.87275 ; infill
G1 X116.969 Y131.392 E949.16645 ; infill
G1 X113.324 Y137.339 E38.32897 ; infill
G1 X112.342 Y139.226 E11.68925 ; infill
G1 X231.274 Y258.158 E924.24422 ; infill
G1 X224.956 Y261.174 E38.47072 ; infill
G1 X222.713 Y262.058 E13.24813 ; infill
G1 X108.442 Y147.787 E888.02266 ; infill
G1 X106.169 Y154.217 E37.47597 ; infill
G1 X105.353 Y157.159 E16.77681 ; infill
G1 X213.341 Y265.147 E839.19622 ; infill
G1 X207.429 Y266.541 E33.37772 ; infill
G1 X202.943 Y267.211 E24.92429 ; infill
G1 X103.215 Y167.483 E775.00612 ; infill
G1 X102.663 Y172.211 E26.15715 ; infill
G1 X102.363 Y179.092 E37.84748 ; infill
G1 X191.431 Y268.16 E692.16514 ; infill
G1 X185.885 Y268.064 E30.48021 ; infill
G1 X178.091 Y267.281 E43.04414 ; infill
G1 X103.219 Y192.409 E581.8452 ; infill
G1 X104.243 Y198.335 E33.04636 ; infill
G1 X105.32 Y202.824 E25.36737 ; infill
G1 X107.261 Y208.912 E35.1131 ; infill
G1 X161.588 Y263.239 E422.18592 ; infill
G1 X155.949 Y261.131 E33.08103 ; infill
G1 X151.842 Y259.26 E24.7998 ; infill
G1 X147.839 Y257.176 E24.79918 ; infill
G1 X141.103 Y253.048 E43.41245 ; infill
G1 X137.429 Y250.427 E24.79969 ; infill
G1 X133.897 Y247.618 E24.79823 ; infill
G1 X129.206 Y243.319 E34.96473 ; infill
G1 X109.328 Y223.441 E154.47589 ; infill
;LAYER_CHANGE
;Z:6
;HEIGHT:1.5
G1 Z4.500 F960 ; simple layer change
;TYPE:External perimeter
;WIDTH:9
G1 F2400
G1 Z4.501 X106.142 Y224.899 E0.00081 ; perimeter
G1 Z4.522 X102.5 Y217.256 E0.66909 ; perimeter
G1 Z4.534 X100.7 Y212.685 E0.60581 ; perimeter
G1 Z4.547 X99.112 Y207.94 E0.84274 ; perimeter
G1 Z4.559 X97.775 Y203.119 E1.06825 ; perimeter
G1 Z4.572 X96.692 Y198.234 E1.29409 ; perimeter
G1 Z4.584 X95.867 Y193.3 E1.51940 ; perimeter
G1 Z4.597 X95.305 Y188.368 E1.72982 ; perimeter
G1 Z4.618 X94.939 Y180.001 E3.55081 ; perimeter
G1 Z4.639 X95.31 Y171.582 E4.21315 ; perimeter
G1 Z4.651 X95.867 Y166.701 E2.67365 ; perimeter
G1 Z4.663 X96.692 Y161.766 E2.94876 ; perimeter
G1 Z4.676 X97.775 Y156.881 E3.17453 ; perimeter
G1 Z4.688 X99.112 Y152.06 E3.39976 ; perimeter
G1 Z4.701 X100.7 Y147.315 E3.62595 ; perimeter
G1 Z4.713 X102.519 Y142.698 E3.81804 ; perimeter
G1 Z4.734 X106.166 Y135.057 E7.16048 ; perimeter
G1 Z4.747 X108.586 Y130.782 E4.37209 ; perimeter
G1 Z4.759 X111.253 Y126.595 E4.64038 ; perimeter
G1 Z4.780 X116.259 Y119.83 E8.50519 ; perimeter
G1 Z4.793 X119.483 Y116.056 E5.23843 ; perimeter
G1 Z4.805 X122.927 Y112.427 E5.50575 ; perimeter
G1 Z4.818 X126.556 Y108.983 E5.73140 ; perimeter
G1 Z4.830 X130.36 Y105.733 E5.95732 ; perimeter
G1 Z4.843 X134.329 Y102.688 E6.18197 ; perimeter
G1 Z4.855 X138.453 Y99.854 E6.40942 ; perimeter
G1 Z4.868 X142.718 Y97.24 E6.63299 ; perimeter
G1 Z4.880 X147.081 Y94.871 E6.80526 ; perimeter
G1 Z4.901 X154.738 Y91.381 E12.17291 ; perimeter
G1 Z4.913 X159.388 Y89.643 E7.40334 ; perimeter
G1 Z4.926 X164.122 Y88.151 E7.62448 ; perimeter
G1 Z4.947 X172.304 Y86.186 E13.56402 ; perimeter
G1 Z4.959 X177.2 Y85.367 E8.22392 ; perimeter
G1 Z4.972 X182.131 Y84.805 E8.44413 ; perimeter
G1 Z4.993 X190.59 Y84.438 E15.05232 ; perimeter
G1 Z5.005 X195.501 Y84.568 E8.95127 ; perimeter
G1 Z5.018 X200.489 Y84.96 E9.34213 ; perimeter
G1 Z5.030 X205.449 Y85.613 E9.56668 ; perimeter
G1 Z5.043 X210.369 Y86.525 E9.79433 ; perimeter
G1 Z5.055 X215.234 Y87.693 E10.01888 ; perimeter
G1 Z5.067 X219.993 Y89.103 E10.16136 ; perimeter
G1 Z5.088 X227.875 Y92.05 E17.86555 ; perimeter
G1 Z5.101 X232.392 Y94.108 E10.76053 ; perimeter
G1 Z5.113 X236.795 Y96.4 E10.98288 ; perimeter
G1 Z5.134 X243.97 Y100.797 E19.25750 ; perimeter
G1 Z5.147 X248.011 Y103.68 E11.58197 ; perimeter
G1 Z5.159 X251.896 Y106.77 E11.80410 ; perimeter
G1 Z5.180 X258.101 Y112.455 E20.65009 ; perimeter
G1 Z5.193 X261.517 Y116.056 E12.40154 ; perimeter
G1 Z5.205 X264.741 Y119.83 E12.62389 ; perimeter
G1 Z5.226 X269.775 Y126.637 E22.17820 ; perimeter
G1 Z5.238 X272.414 Y130.781 E13.08765 ; perimeter
G1 Z5.251 X274.877 Y135.136 E13.55384 ; perimeter
G1 Z5.263 X277.11 Y139.613 E13.77878 ; perimeter
G1 Z5.276 X279.105 Y144.201 E14.00441 ; perimeter
G1 Z5.288 X280.857 Y148.888 E14.23227 ; perimeter
G1 Z5.301 X282.35 Y153.622 E14.34092 ; perimeter
G1 Z5.322 X284.314 Y161.804 E24.94814 ; perimeter
G1 Z5.334 X285.133 Y166.7 E14.94013 ; perimeter
G1 Z5.347 X285.695 Y171.632 E15.16192 ; perimeter
G1 Z5.368 X286.061 Y180 E26.21635 ; perimeter
G1 Z5.388 X285.695 Y188.368 E26.84881 ; perimeter
G1 Z5.401 X285.133 Y193.3 E16.13369 ; perimeter
G1 Z5.413 X284.314 Y198.196 E16.35620 ; perimeter
G1 Z5.434 X282.35 Y206.378 E28.36332 ; perimeter
G1 Z5.447 X280.857 Y211.112 E16.95427 ; perimeter
G1 Z5.459 X279.105 Y215.799 E17.31624 ; perimeter
G1 Z5.472 X277.11 Y220.387 E17.53923 ; perimeter
G1 Z5.484 X274.877 Y224.864 E17.76488 ; perimeter
G1 Z5.497 X272.414 Y229.219 E17.99146 ; perimeter
G1 Z5.509 X269.726 Y233.438 E18.21451 ; perimeter
G1 Z5.522 X266.82 Y237.511 E18.44342 ; perimeter
G1 Z5.534 X263.73 Y241.396 E18.52028 ; perimeter
G1 Z5.555 X258.072 Y247.572 E31.88228 ; perimeter
G1 Z5.576 X251.896 Y253.23 E32.51473 ; perimeter
G1 Z5.588 X248.011 Y256.32 E19.49207 ; perimeter
G1 Z5.601 X243.97 Y259.203 E19.71422 ; perimeter
G1 Z5.622 X236.795 Y263.6 E34.05847 ; perimeter
G1 Z5.634 X232.392 Y265.892 E20.31223 ; perimeter
G1 Z5.647 X227.84 Y267.966 E20.69486 ; perimeter
G1 Z5.659 X223.185 Y269.8 E20.92483 ; perimeter
G1 Z5.672 X218.44 Y271.388 E21.15228 ; perimeter
G1 Z5.684 X213.619 Y272.725 E21.37490 ; perimeter
G1 Z5.697 X208.773 Y273.799 E21.42879 ; perimeter
G1 Z5.718 X200.45 Y275.043 E36.96960 ; perimeter
G1 Z5.730 X195.501 Y275.432 E22.03049 ; perimeter
G1 Z5.743 X190.5 Y275.563 E22.42674 ; perimeter
G1 Z5.755 X185.499 Y275.432 E22.65236 ; perimeter
G1 Z5.768 X180.511 Y275.04 E22.88104 ; perimeter
G1 Z5.780 X175.551 Y274.387 E23.10402 ; perimeter
G1 Z5.793 X170.631 Y273.475 E23.33441 ; perimeter
G1 Z5.805 X165.766 Y272.307 E23.55742 ; perimeter
G1 Z5.817 X161.007 Y270.897 E23.59232 ; perimeter
G1 Z5.838 X153.125 Y267.95 E40.63589 ; perimeter
G1 Z5.851 X148.608 Y265.892 E24.19215 ; perimeter
G1 Z5.863 X144.205 Y263.6 E24.41478 ; perimeter
G1 Z5.884 X137.03 Y259.203 E42.02840 ; perimeter
G1 Z5.897 X132.989 Y256.32 E25.01433 ; perimeter
G1 Z5.909 X129.104 Y253.23 E25.23645 ; perimeter
G1 Z5.930 X122.929 Y247.572 E43.21083 ; perimeter
G1 Z5.951 X117.27 Y241.396 E43.85067 ; perimeter
G1 Z5.963 X114.18 Y237.511 E26.20823 ; perimeter
G1 Z5.976 X111.274 Y233.438 E26.64200 ; perimeter
G1 Z5.988 X108.586 Y229.219 E26.86288 ; perimeter
G1 Z6.000 X106.29 Y225.16 E25.23774 ; perimeter
;LAYER_CHANGE
;Z:7.5
;HEIGHT:1.5
G1 Z6.000 F960 ; simple layer change
G1 F2400
G1 Z6.009 X104.690 Y221.853 E19.88227 ; perimeter
G1 Z6.022 X102.555 Y217.372 E26.85923 ; perimeter
G1 Z6.043 X99.628 Y209.485 E45.53303 ; perimeter
G1 Z6.055 X98.220 Y204.727 E26.85427 ; perimeter
G1 Z6.068 X97.052 Y199.863 E27.06921 ; perimeter
G1 Z6.080 X96.140 Y194.944 E27.07238 ; perimeter
G1 Z6.093 X95.488 Y189.986 E27.06678 ; perimeter
G1 Z6.105 X95.151 Y184.997 E27.05854 ; perimeter
G1 Z6.117 X94.940 Y180.040 E26.85352 ; perimeter
G1 Z6.139 X95.312 Y171.567 E45.89801 ; perimeter
G1 Z6.151 X95.867 Y166.701 E26.50568 ; perimeter
G1 Z6.163 X96.692 Y161.766 E27.07836 ; perimeter
G1 Z6.176 X97.775 Y156.881 E27.07904 ; perimeter
G1 Z6.188 X99.112 Y152.060 E27.07552 ; perimeter
G1 Z6.201 X100.700 Y147.315 E27.07938 ; perimeter
G1 Z6.213 X102.536 Y142.661 E27.07620 ; perimeter
G1 Z6.226 X104.678 Y138.142 E27.06738 ; perimeter
G1 Z6.238 X106.920 Y133.716 E26.84637 ; perimeter
G1 Z6.259 X111.276 Y126.564 E45.32145 ; perimeter
G1 Z6.280 X116.301 Y119.781 E45.68555 ; perimeter
G1 Z6.293 X119.482 Y116.056 E26.50908 ; perimeter
G1 Z6.305 X122.927 Y112.427 E27.07968 ; perimeter
G1 Z6.318 X126.556 Y108.983 E27.07618 ; perimeter
G1 Z6.330 X130.360 Y105.733 E27.07731 ; perimeter
G1 Z6.343 X134.329 Y102.688 E27.07302 ; perimeter
G1 Z6.355 X138.452 Y99.854 E27.07609 ; perimeter
G1 Z6.368 X142.718 Y97.240 E27.07656 ; perimeter
G1 Z6.380 X147.081 Y94.871 E26.86827 ; perimeter
G1 Z6.401 X154.738 Y91.381 E45.53813 ; perimeter
G1 Z6.413 X159.388 Y89.643 E26.86782 ; perimeter
G1 Z6.426 X164.122 Y88.151 E26.86362 ; perimeter
G1 Z6.447 X172.304 Y86.186 E45.53798 ; perimeter
G1 Z6.459 X177.200 Y85.367 E26.86482 ; perimeter
G1 Z6.472 X182.131 Y84.805 E26.85886 ; perimeter
G1 Z6.493 X190.604 Y84.438 E45.89788 ; perimeter
G1 Z6.505 X195.501 Y84.568 E26.51146 ; perimeter
G1 Z6.518 X200.489 Y84.960 E27.07771 ; perimeter
G1 Z6.530 X205.449 Y85.613 E27.07474 ; perimeter
G1 Z6.543 X210.369 Y86.525 E27.08006 ; perimeter
G1 Z6.555 X215.234 Y87.693 E27.07714 ; perimeter
G1 Z6.567 X219.993 Y89.103 E26.86181 ; perimeter
G1 Z6.588 X227.875 Y92.050 E45.54074 ; perimeter
G1 Z6.601 X232.392 Y94.108 E26.86323 ; perimeter
G1 Z6.613 X236.795 Y96.400 E26.86379 ; perimeter
G1 Z6.634 X243.970 Y100.797 E45.54179 ; perimeter
G1 Z6.647 X248.011 Y103.680 E26.86471 ; perimeter
G1 Z6.659 X251.896 Y106.770 E26.86472 ; perimeter
G1 Z6.680 X258.071 Y112.428 E45.32555 ; perimeter
G1 Z6.701 X263.761 Y118.663 E45.68393 ; perimeter
G1 Z6.713 X266.782 Y122.516 E26.49598 ; perimeter
G1 Z6.726 X269.724 Y126.564 E27.07937 ; perimeter
G1 Z6.738 X272.414 Y130.781 E27.07209 ; perimeter
G1 Z6.751 X274.877 Y135.136 E27.07703 ; perimeter
G1 Z6.763 X277.110 Y139.613 E27.07563 ; perimeter
G1 Z6.776 X279.105 Y144.201 E27.07561 ; perimeter
G1 Z6.788 X280.857 Y148.888 E27.07977 ; perimeter
G1 Z6.801 X282.350 Y153.622 E26.86386 ; perimeter
G1 Z6.822 X284.314 Y161.804 E45.53799 ; perimeter
G1 Z6.834 X285.133 Y166.700 E26.86483 ; perimeter
G1 Z6.847 X285.695 Y171.632 E26.86422 ; perimeter
G1 Z6.868 X286.061 Y180.039 E45.54066 ; perimeter
G1 Z6.880 X285.895 Y184.999 E26.86034 ; perimeter
G1 Z6.893 X285.528 Y189.988 E27.06887 ; perimeter
G1 Z6.905 X284.875 Y194.947 E27.07137 ; perimeter
G1 Z6.917 X283.960 Y199.825 E26.85819 ; perimeter
G1 Z6.938 X281.865 Y207.974 E45.53640 ; perimeter
G1 Z6.951 X280.290 Y212.681 E26.86415 ; perimeter
G1 Z6.963 X278.457 Y217.336 E27.07415 ; perimeter
G1 Z6.976 X276.383 Y221.887 E27.06869 ; perimeter
G1 Z6.988 X274.092 Y226.290 E26.86100 ; perimeter
G1 Z7.009 X269.703 Y233.470 E45.54008 ; perimeter
G1 Z7.022 X266.820 Y237.511 E26.86467 ; perimeter
G1 Z7.034 X263.730 Y241.396 E26.86469 ; perimeter
G1 Z7.055 X258.072 Y247.571 E45.32561 ; perimeter
G1 Z7.076 X251.846 Y253.272 E45.68634 ; perimeter
G1 Z7.088 X248.012 Y256.320 E26.50709 ; perimeter
G1 Z7.101 X243.970 Y259.203 E26.86910 ; perimeter
G1 Z7.122 X236.795 Y263.600 E45.54179 ; perimeter
G1 Z7.134 X232.392 Y265.892 E26.86379 ; perimeter
G1 Z7.147 X227.840 Y267.966 E27.07150 ; perimeter
G1 Z7.159 X223.185 Y269.800 E27.07713 ; perimeter
G1 Z7.172 X218.440 Y271.388 E27.07939 ; perimeter
G1 Z7.184 X213.619 Y272.725 E27.07552 ; perimeter
G1 Z7.197 X208.773 Y273.799 E26.86244 ; perimeter
G1 Z7.218 X200.450 Y275.043 E45.54360 ; perimeter
G1 Z7.230 X195.501 Y275.432 E26.86611 ; perimeter
G1 Z7.243 X190.500 Y275.563 E27.07420 ; perimeter
G1 Z7.255 X185.499 Y275.432 E27.07420 ; perimeter
G1 Z7.268 X180.511 Y275.040 E27.07779 ; perimeter
G1 Z7.280 X175.551 Y274.387 E27.07466 ; perimeter
G1 Z7.293 X170.631 Y273.475 E27.08014 ; perimeter
G1 Z7.305 X165.766 Y272.307 E27.07706 ; perimeter
G1 Z7.317 X161.007 Y270.897 E26.86181 ; perimeter
G1 Z7.338 X153.125 Y267.950 E45.54074 ; perimeter
G1 Z7.351 X148.608 Y265.892 E26.86323 ; perimeter
G1 Z7.363 X144.205 Y263.600 E26.86379 ; perimeter
G1 Z7.384 X137.030 Y259.203 E45.54179 ; perimeter
G1 Z7.397 X132.989 Y256.320 E26.86471 ; perimeter
G1 Z7.409 X129.104 Y253.230 E26.86469 ; perimeter
G1 Z7.430 X122.929 Y247.572 E45.32562 ; perimeter
G1 Z7.451 X117.270 Y241.396 E45.33327 ; perimeter
G1 Z7.463 X114.180 Y237.511 E26.86469 ; perimeter
G1 Z7.476 X111.297 Y233.470 E26.86471 ; perimeter
G1 Z7.497 X106.900 Y226.295 E45.54180 ; perimeter
G1 Z7.500 X106.305 Y225.152 E6.97371 ; perimeter
;LAYER_CHANGE
;Z:9
;HEIGHT:1.5
G1 Z7.500 F960 ; simple layer change
G1 F2400
G1 Z7.509 X104.608 Y221.892 E19.89005 ; perimeter
G1 Z7.522 X102.537 Y217.339 E27.07048 ; perimeter
G1 Z7.534 X100.783 Y212.654 E27.07296 ; perimeter
G1 Z7.547 X99.151 Y207.970 E26.84234 ; perimeter
G1 Z7.568 X97.003 Y199.752 E45.97152 ; perimeter
G1 Z7.580 X96.113 Y194.950 E26.42959 ; perimeter
G1 Z7.593 X95.460 Y189.989 E27.07998 ; perimeter
G1 Z7.605 X95.068 Y185.001 E27.07779 ; perimeter
G1 Z7.617 X94.938 Y180.040 E26.85765 ; perimeter
G1 Z7.639 X95.313 Y171.553 E45.97517 ; perimeter
G1 Z7.651 X95.867 Y166.701 E26.42977 ; perimeter
G1 Z7.663 X96.692 Y161.766 E27.07835 ; perimeter
G1 Z7.676 X97.775 Y156.881 E27.07896 ; perimeter
G1 Z7.688 X99.112 Y152.060 E27.07560 ; perimeter
G1 Z7.701 X100.700 Y147.315 E27.07939 ; perimeter
G1 Z7.713 X102.519 Y142.697 E26.86108 ; perimeter
G1 Z7.734 X106.162 Y135.113 E45.53617 ; perimeter
G1 Z7.747 X108.650 Y130.820 E26.84908 ; perimeter
G1 Z7.759 X111.255 Y126.596 E26.85756 ; perimeter
G1 Z7.780 X116.261 Y119.832 E45.54400 ; perimeter
G1 Z7.793 X119.483 Y116.056 E26.86160 ; perimeter
G1 Z7.805 X122.927 Y112.427 E27.07619 ; perimeter
G1 Z7.818 X126.556 Y108.983 E27.07615 ; perimeter
G1 Z7.830 X130.329 Y105.760 E26.85483 ; perimeter
G1 Z7.851 X137.173 Y100.726 E45.97813 ; perimeter
G1 Z7.863 X141.292 Y98.105 E26.42353 ; perimeter
G1 Z7.876 X145.646 Y95.642 E27.07351 ; perimeter
G1 Z7.888 X150.141 Y93.451 E27.05999 ; perimeter
G1 Z7.901 X154.702 Y91.397 E27.07179 ; perimeter
G1 Z7.913 X159.388 Y89.643 E27.07881 ; perimeter
G1 Z7.926 X164.122 Y88.150 E26.86386 ; perimeter
G1 Z7.947 X172.304 Y86.186 E45.53799 ; perimeter
G1 Z7.959 X177.200 Y85.367 E26.86475 ; perimeter
G1 Z7.972 X182.131 Y84.805 E26.85893 ; perimeter
G1 Z7.993 X190.619 Y84.438 E45.97898 ; perimeter
G1 Z8.005 X195.501 Y84.568 E26.43030 ; perimeter
G1 Z8.018 X200.489 Y84.960 E27.07788 ; perimeter
G1 Z8.030 X205.449 Y85.613 E27.07457 ; perimeter
G1 Z8.043 X210.369 Y86.525 E27.08014 ; perimeter
G1 Z8.055 X215.234 Y87.693 E27.07697 ; perimeter
G1 Z8.067 X219.993 Y89.103 E26.86190 ; perimeter
G1 Z8.088 X227.875 Y92.050 E45.54074 ; perimeter
G1 Z8.101 X232.392 Y94.108 E26.86323 ; perimeter
G1 Z8.113 X236.795 Y96.400 E26.86388 ; perimeter
G1 Z8.134 X243.970 Y100.797 E45.54169 ; perimeter
G1 Z8.147 X248.011 Y103.680 E26.86462 ; perimeter
G1 Z8.159 X251.896 Y106.770 E26.86469 ; perimeter
G1 Z8.180 X258.072 Y112.428 E45.32958 ; perimeter
G1 Z8.201 X263.729 Y118.605 E45.32955 ; perimeter
G1 Z8.213 X266.820 Y122.489 E26.86424 ; perimeter
G1 Z8.226 X269.726 Y126.562 E27.07796 ; perimeter
G1 Z8.238 X272.414 Y130.781 E27.07319 ; perimeter
G1 Z8.251 X274.877 Y135.136 E27.07703 ; perimeter
G1 Z8.263 X277.110 Y139.613 E27.07563 ; perimeter
G1 Z8.276 X279.105 Y144.201 E27.07561 ; perimeter
G1 Z8.288 X280.857 Y148.888 E27.07977 ; perimeter
G1 Z8.301 X282.350 Y153.622 E26.86386 ; perimeter
G1 Z8.322 X284.314 Y161.804 E45.53799 ; perimeter
G1 Z8.334 X285.133 Y166.700 E26.86483 ; perimeter
G1 Z8.347 X285.695 Y171.632 E26.86422 ; perimeter
G1 Z8.368 X286.061 Y180.000 E45.33009 ; perimeter
G1 Z8.388 X285.684 Y188.367 E45.32790 ; perimeter
G1 Z8.401 X285.122 Y193.299 E26.86095 ; perimeter
G1 Z8.413 X284.303 Y198.194 E26.86165 ; perimeter
G1 Z8.434 X282.328 Y206.372 E45.53265 ; perimeter
G1 Z8.447 X280.847 Y211.109 E26.85658 ; perimeter
G1 Z8.459 X279.095 Y215.795 E27.07675 ; perimeter
G1 Z8.472 X277.101 Y220.383 E27.07253 ; perimeter
G1 Z8.484 X274.868 Y224.859 E27.07283 ; perimeter
G1 Z8.497 X272.388 Y229.203 E27.06960 ; perimeter
G1 Z8.509 X269.725 Y233.438 E27.07088 ; perimeter
G1 Z8.522 X266.820 Y237.511 E27.07771 ; perimeter
G1 Z8.534 X263.730 Y241.396 E26.86469 ; perimeter
G1 Z8.555 X258.071 Y247.572 E45.33321 ; perimeter
G1 Z8.576 X251.895 Y253.229 E45.32563 ; perimeter
G1 Z8.588 X248.011 Y256.320 E26.86446 ; perimeter
G1 Z8.601 X243.970 Y259.203 E26.86473 ; perimeter
G1 Z8.622 X236.795 Y263.600 E45.54179 ; perimeter
G1 Z8.634 X232.392 Y265.892 E26.86379 ; perimeter
G1 Z8.647 X227.840 Y267.966 E27.07150 ; perimeter
G1 Z8.659 X223.185 Y269.800 E27.07713 ; perimeter
G1 Z8.672 X218.440 Y271.388 E27.07939 ; perimeter
G1 Z8.684 X213.619 Y272.725 E27.07552 ; perimeter
G1 Z8.697 X208.773 Y273.799 E26.86244 ; perimeter
G1 Z8.718 X200.450 Y275.043 E45.54368 ; perimeter
G1 Z8.730 X195.501 Y275.432 E26.86603 ; perimeter
G1 Z8.743 X190.500 Y275.563 E27.07420 ; perimeter
G1 Z8.755 X185.499 Y275.432 E27.07420 ; perimeter
G1 Z8.768 X180.511 Y275.040 E27.07779 ; perimeter
G1 Z8.780 X175.551 Y274.387 E27.07466 ; perimeter
G1 Z8.793 X170.631 Y273.475 E27.08014 ; perimeter
G1 Z8.805 X165.766 Y272.307 E27.07706 ; perimeter
G1 Z8.817 X161.007 Y270.897 E26.86181 ; perimeter
G1 Z8.838 X153.125 Y267.950 E45.54074 ; perimeter
G1 Z8.851 X148.608 Y265.892 E26.86323 ; perimeter
G1 Z8.863 X144.205 Y263.600 E26.86379 ; perimeter
G1 Z8.884 X137.030 Y259.203 E45.54179 ; perimeter
G1 Z8.897 X132.989 Y256.320 E26.86471 ; perimeter
G1 Z8.909 X129.104 Y253.230 E26.86469 ; perimeter
G1 Z8.930 X122.928 Y247.571 E45.33324 ; perimeter
G1 Z8.951 X117.270 Y241.396 E45.32565 ; perimeter
G1 Z8.963 X114.180 Y237.511 E26.86469 ; perimeter
G1 Z8.976 X111.297 Y233.470 E26.86471 ; perimeter
G1 Z8.997 X106.900 Y226.295 E45.54179 ; perimeter
G1 Z9.000 X106.305 Y225.152 E6.97374 ; perimeter
;LAYER_CHANGE
;Z:10.5
;HEIGHT:1.5
G1 Z9.000 F960 ; simple layer change
G1 F2400
G1 Z9.009 X104.608 Y221.892 E19.89005 ; perimeter
G1 Z9.022 X102.550 Y217.375 E26.86318 ; perimeter
G1 Z9.043 X99.628 Y209.485 E45.53597 ; perimeter
G1 Z9.055 X98.279 Y204.712 E26.84195 ; perimeter
G1 Z9.068 X97.031 Y199.867 E27.07316 ; perimeter
G1 Z9.080 X96.113 Y194.949 E27.07779 ; perimeter
G1 Z9.093 X95.460 Y189.989 E27.07457 ; perimeter
G1 Z9.105 X95.068 Y185.001 E27.07779 ; perimeter
G1 Z9.117 X94.938 Y180.041 E26.85224 ; perimeter
G1 Z9.139 X95.314 Y171.539 E46.05711 ; perimeter
G1 Z9.151 X95.867 Y166.701 E26.35324 ; perimeter
G1 Z9.163 X96.692 Y161.766 E27.07844 ; perimeter
G1 Z9.176 X97.775 Y156.881 E27.07896 ; perimeter
G1 Z9.188 X99.112 Y152.060 E27.07552 ; perimeter
G1 Z9.201 X100.700 Y147.315 E27.07939 ; perimeter
G1 Z9.213 X102.536 Y142.661 E27.07635 ; perimeter
G1 Z9.226 X104.677 Y138.141 E27.06747 ; perimeter
G1 Z9.238 X106.920 Y133.717 E26.84635 ; perimeter
G1 Z9.259 X111.276 Y126.564 E45.32129 ; perimeter
G1 Z9.280 X116.320 Y119.759 E45.84243 ; perimeter
G1 Z9.293 X119.482 Y116.056 E26.35182 ; perimeter
G1 Z9.305 X122.927 Y112.427 E27.07970 ; perimeter
G1 Z9.318 X126.556 Y108.983 E27.07615 ; perimeter
G1 Z9.330 X130.362 Y105.735 E27.07635 ; perimeter
G1 Z9.343 X134.371 Y102.745 E27.06895 ; perimeter
G1 Z9.355 X138.464 Y99.872 E27.06010 ; perimeter
G1 Z9.368 X142.729 Y97.259 E27.07045 ; perimeter
G1 Z9.380 X147.090 Y94.890 E26.86225 ; perimeter
G1 Z9.401 X154.738 Y91.381 E45.53648 ; perimeter
G1 Z9.413 X159.388 Y89.643 E26.86565 ; perimeter
G1 Z9.426 X164.122 Y88.150 E26.86393 ; perimeter
G1 Z9.447 X172.304 Y86.186 E45.53793 ; perimeter
G1 Z9.459 X177.200 Y85.367 E26.86483 ; perimeter
G1 Z9.472 X182.131 Y84.805 E26.85885 ; perimeter
G1 Z9.493 X190.633 Y84.439 E46.05477 ; perimeter
G1 Z9.505 X195.501 Y84.568 E26.35436 ; perimeter
G1 Z9.518 X200.489 Y84.960 E27.07779 ; perimeter
G1 Z9.530 X205.449 Y85.613 E27.07466 ; perimeter
G1 Z9.543 X210.369 Y86.525 E27.08022 ; perimeter
G1 Z9.555 X215.234 Y87.693 E27.07698 ; perimeter
G1 Z9.567 X219.993 Y89.103 E26.86189 ; perimeter
G1 Z9.588 X227.838 Y92.036 E45.32651 ; perimeter
G1 Z9.609 X235.391 Y95.656 E45.32699 ; perimeter
G1 Z9.622 X239.691 Y98.131 E26.85385 ; perimeter
G1 Z9.634 X243.937 Y100.775 E27.06977 ; perimeter
G1 Z9.647 X248.011 Y103.680 E27.07741 ; perimeter
G1 Z9.659 X251.896 Y106.770 E26.86453 ; perimeter
G1 Z9.680 X258.071 Y112.428 E45.32571 ; perimeter
G1 Z9.701 X263.730 Y118.604 E45.33342 ; perimeter
G1 Z9.713 X266.820 Y122.489 E26.86473 ; perimeter
G1 Z9.726 X269.726 Y126.562 E27.07802 ; perimeter
G1 Z9.738 X272.414 Y130.781 E27.07315 ; perimeter
G1 Z9.751 X274.877 Y135.136 E27.07703 ; perimeter
G1 Z9.763 X277.110 Y139.613 E27.07563 ; perimeter
G1 Z9.776 X279.105 Y144.201 E27.07561 ; perimeter
G1 Z9.788 X280.857 Y148.888 E27.07977 ; perimeter
G1 Z9.801 X282.350 Y153.622 E26.86386 ; perimeter
G1 Z9.822 X284.314 Y161.804 E45.53799 ; perimeter
G1 Z9.834 X285.133 Y166.700 E26.86483 ; perimeter
G1 Z9.847 X285.695 Y171.632 E26.86422 ; perimeter
G1 Z9.868 X286.061 Y180.000 E45.33008 ; perimeter
G1 Z9.888 X285.695 Y188.368 E45.33008 ; perimeter
G1 Z9.901 X285.133 Y193.300 E26.86422 ; perimeter
G1 Z9.913 X284.314 Y198.196 E26.86483 ; perimeter
G1 Z9.934 X282.350 Y206.378 E45.53807 ; perimeter
G1 Z9.947 X280.857 Y211.112 E26.86378 ; perimeter
G1 Z9.959 X279.105 Y215.799 E27.07969 ; perimeter
G1 Z9.972 X277.110 Y220.387 E27.07568 ; perimeter
G1 Z9.984 X274.877 Y224.864 E27.07556 ; perimeter
G1 Z9.997 X272.414 Y229.219 E27.07710 ; perimeter
G1 Z10.009 X269.726 Y233.438 E27.07312 ; perimeter
G1 Z10.022 X266.820 Y237.511 E27.07799 ; perimeter
G1 Z10.034 X263.730 Y241.396 E26.86476 ; perimeter
G1 Z10.055 X258.072 Y247.572 E45.32961 ; perimeter
G1 Z10.076 X251.896 Y253.230 E45.32950 ; perimeter
G1 Z10.088 X248.011 Y256.320 E26.86469 ; perimeter
G1 Z10.101 X243.970 Y259.203 E26.86471 ; perimeter
G1 Z10.122 X236.795 Y263.600 E45.54179 ; perimeter
G1 Z10.134 X232.392 Y265.892 E26.86379 ; perimeter
G1 Z10.147 X227.840 Y267.966 E27.07150 ; perimeter
G1 Z10.159 X223.185 Y269.800 E27.07713 ; perimeter
G1 Z10.172 X218.440 Y271.388 E27.07939 ; perimeter
G1 Z10.184 X213.619 Y272.725 E27.07552 ; perimeter
G1 Z10.197 X208.773 Y273.799 E26.86244 ; perimeter
G1 Z10.218 X200.450 Y275.043 E45.54360 ; perimeter
G1 Z10.230 X195.501 Y275.432 E26.86611 ; perimeter
G1 Z10.243 X190.500 Y275.563 E27.07420 ; perimeter
G1 Z10.255 X185.499 Y275.432 E27.07420 ; perimeter
G1 Z10.268 X180.511 Y275.040 E27.07779 ; perimeter
G1 Z10.280 X175.551 Y274.387 E27.07466 ; perimeter
G1 Z10.293 X170.631 Y273.475 E27.08014 ; perimeter
G1 Z10.305 X165.766 Y272.307 E27.07706 ; perimeter
G1 Z10.317 X161.007 Y270.897 E26.86181 ; perimeter
G1 Z10.338 X153.125 Y267.950 E45.54074 ; perimeter
G1 Z10.351 X148.608 Y265.892 E26.86323 ; perimeter
G1 Z10.363 X144.205 Y263.600 E26.86379 ; perimeter
G1 Z10.384 X137.030 Y259.203 E45.54179 ; perimeter
G1 Z10.397 X132.989 Y256.320 E26.86471 ; perimeter
G1 Z10.409 X129.104 Y253.230 E26.86469 ; perimeter
G1 Z10.430 X122.929 Y247.572 E45.32562 ; perimeter
G1 Z10.451 X117.210 Y241.324 E45.83986 ; perimeter
G1 Z10.463 X114.180 Y237.512 E26.35346 ; perimeter
G1 Z10.476 X111.297 Y233.470 E26.86907 ; perimeter
G1 Z10.497 X106.900 Y226.295 E45.54179 ; perimeter
G1 Z10.500 X106.305 Y225.152 E6.97374 ; perimeter
;LAYER_CHANGE
;Z:12
;HEIGHT:1.5
G1 Z10.500 F960 ; simple layer change
G1 F2400
G1 Z10.509 X104.608 Y221.892 E19.89005 ; perimeter
G1 Z10.522 X102.550 Y217.375 E26.86325 ; perimeter
G1 Z10.543 X99.603 Y209.493 E45.54072 ; perimeter
G1 Z10.555 X98.193 Y204.734 E26.86172 ; perimeter
G1 Z10.568 X97.025 Y199.869 E27.07723 ; perimeter
G1 Z10.580 X96.113 Y194.949 E27.08006 ; perimeter
G1 Z10.593 X95.460 Y189.989 E27.07466 ; perimeter
G1 Z10.605 X95.068 Y185.001 E27.07779 ; perimeter
G1 Z10.617 X94.938 Y180.039 E26.86305 ; perimeter
G1 Z10.638 X95.309 Y171.632 E45.54114 ; perimeter
G1 Z10.651 X95.867 Y166.700 E26.86251 ; perimeter
G1 Z10.663 X96.692 Y161.766 E27.07313 ; perimeter
G1 Z10.676 X97.775 Y156.881 E27.07896 ; perimeter
G1 Z10.688 X99.112 Y152.060 E27.07546 ; perimeter
G1 Z10.701 X100.700 Y147.315 E27.07945 ; perimeter
G1 Z10.713 X102.519 Y142.698 E26.85598 ; perimeter
G1 Z10.735 X106.213 Y135.016 E46.13169 ; perimeter
G1 Z10.747 X108.650 Y130.821 E26.25422 ; perimeter
G1 Z10.759 X111.255 Y126.597 E26.85749 ; perimeter
G1 Z10.780 X116.328 Y119.747 E46.13169 ; perimeter
G1 Z10.793 X119.482 Y116.056 E26.27486 ; perimeter
G1 Z10.805 X122.927 Y112.427 E27.07988 ; perimeter
G1 Z10.818 X126.556 Y108.983 E27.07615 ; perimeter
G1 Z10.830 X130.360 Y105.733 E27.07731 ; perimeter
G1 Z10.843 X134.329 Y102.688 E27.07302 ; perimeter
G1 Z10.855 X138.452 Y99.854 E27.07610 ; perimeter
G1 Z10.868 X142.718 Y97.240 E27.07670 ; perimeter
G1 Z10.880 X147.081 Y94.871 E26.86827 ; perimeter
G1 Z10.901 X154.738 Y91.381 E45.54035 ; perimeter
G1 Z10.913 X159.388 Y89.643 E26.86568 ; perimeter
G1 Z10.926 X164.122 Y88.150 E26.86387 ; perimeter
G1 Z10.947 X172.304 Y86.186 E45.53798 ; perimeter
G1 Z10.959 X177.200 Y85.367 E26.86491 ; perimeter
G1 Z10.972 X182.131 Y84.805 E26.85885 ; perimeter
G1 Z10.993 X190.648 Y84.439 E46.13547 ; perimeter
G1 Z11.005 X195.501 Y84.568 E26.27328 ; perimeter
G1 Z11.018 X200.489 Y84.960 E27.07779 ; perimeter
G1 Z11.030 X205.449 Y85.613 E27.07458 ; perimeter
G1 Z11.043 X210.369 Y86.525 E27.08031 ; perimeter
G1 Z11.055 X215.234 Y87.693 E27.07706 ; perimeter
G1 Z11.067 X219.993 Y89.103 E26.86188 ; perimeter
G1 Z11.088 X227.837 Y92.036 E45.32151 ; perimeter
G1 Z11.110 X235.493 Y95.695 E45.92448 ; perimeter
G1 Z11.122 X239.718 Y98.086 E26.27071 ; perimeter
G1 Z11.134 X243.938 Y100.774 E27.07794 ; perimeter
G1 Z11.147 X248.011 Y103.680 E27.07790 ; perimeter
G1 Z11.159 X251.896 Y106.770 E26.86472 ; perimeter
G1 Z11.180 X258.072 Y112.428 E45.32949 ; perimeter
G1 Z11.201 X263.730 Y118.604 E45.32955 ; perimeter
G1 Z11.213 X266.820 Y122.489 E26.86469 ; perimeter
G1 Z11.226 X269.726 Y126.562 E27.07802 ; perimeter
G1 Z11.238 X272.414 Y130.781 E27.07315 ; perimeter
G1 Z11.251 X274.877 Y135.136 E27.07703 ; perimeter
G1 Z11.263 X277.110 Y139.613 E27.07563 ; perimeter
G1 Z11.276 X279.105 Y144.201 E27.07561 ; perimeter
G1 Z11.288 X280.857 Y148.888 E27.07977 ; perimeter
G1 Z11.301 X282.350 Y153.622 E26.86386 ; perimeter
G1 Z11.322 X284.314 Y161.804 E45.53799 ; perimeter
G1 Z11.334 X285.133 Y166.700 E26.86483 ; perimeter
G1 Z11.347 X285.695 Y171.632 E26.86422 ; perimeter
G1 Z11.368 X286.061 Y180.039 E45.54066 ; perimeter
G1 Z11.380 X285.895 Y184.999 E26.86034 ; perimeter
G1 Z11.393 X285.528 Y189.988 E27.06887 ; perimeter
G1 Z11.405 X284.875 Y194.947 E27.07137 ; perimeter
G1 Z11.417 X283.960 Y199.825 E26.85822 ; perimeter
G1 Z11.438 X281.865 Y207.974 E45.53632 ; perimeter
G1 Z11.451 X280.290 Y212.681 E26.86420 ; perimeter
G1 Z11.463 X278.457 Y217.336 E27.07423 ; perimeter
G1 Z11.476 X276.383 Y221.887 E27.06861 ; perimeter
G1 Z11.488 X274.092 Y226.290 E26.86100 ; perimeter
G1 Z11.509 X269.703 Y233.470 E45.53999 ; perimeter
G1 Z11.522 X266.820 Y237.511 E26.86470 ; perimeter
G1 Z11.534 X263.730 Y241.396 E26.86476 ; perimeter
G1 Z11.555 X258.071 Y247.572 E45.33326 ; perimeter
G1 Z11.576 X251.896 Y253.230 E45.32568 ; perimeter
G1 Z11.588 X248.011 Y256.320 E26.86474 ; perimeter
G1 Z11.601 X243.938 Y259.225 E27.07770 ; perimeter
G1 Z11.613 X239.707 Y261.894 E27.07136 ; perimeter
G1 Z11.626 X235.361 Y264.371 E27.07135 ; perimeter
G1 Z11.638 X230.884 Y266.604 E27.07364 ; perimeter
G1 Z11.651 X226.333 Y268.583 E26.86061 ; perimeter
G1 Z11.672 X218.402 Y271.398 E45.54337 ; perimeter
G1 Z11.684 X213.619 Y272.725 E26.86287 ; perimeter
G1 Z11.697 X208.773 Y273.799 E26.86236 ; perimeter
G1 Z11.718 X200.450 Y275.043 E45.54368 ; perimeter
G1 Z11.730 X195.501 Y275.432 E26.86611 ; perimeter
G1 Z11.743 X190.500 Y275.563 E27.07420 ; perimeter
G1 Z11.755 X185.499 Y275.432 E27.07420 ; perimeter
G1 Z11.768 X180.511 Y275.040 E27.07779 ; perimeter
G1 Z11.780 X175.551 Y274.387 E27.07466 ; perimeter
G1 Z11.793 X170.631 Y273.475 E27.08014 ; perimeter
G1 Z11.805 X165.766 Y272.307 E27.07706 ; perimeter
G1 Z11.817 X161.007 Y270.897 E26.86189 ; perimeter
G1 Z11.838 X153.125 Y267.950 E45.54066 ; perimeter
G1 Z11.851 X148.608 Y265.892 E26.86323 ; perimeter
G1 Z11.863 X144.205 Y263.600 E26.86379 ; perimeter
G1 Z11.884 X137.030 Y259.203 E45.54179 ; perimeter
G1 Z11.897 X132.989 Y256.320 E26.86471 ; perimeter
G1 Z11.909 X129.104 Y253.230 E26.86469 ; perimeter
G1 Z11.930 X122.929 Y247.572 E45.32562 ; perimeter
G1 Z11.951 X117.270 Y241.396 E45.33331 ; perimeter
G1 Z11.963 X114.180 Y237.511 E26.86462 ; perimeter
G1 Z11.976 X111.297 Y233.470 E26.86468 ; perimeter
G1 Z11.997 X106.900 Y226.295 E45.54179 ; perimeter
G1 Z12.000 X106.305 Y225.152 E6.97374 ; perimeter
;LAYER_CHANGE
;Z:13.5
;HEIGHT:1.5
G1 Z12.000 F960 ; simple layer change
G1 F2400
G1 Z12.022 X102.479 Y217.186 E47.82309 ; perimeter
G1 Z12.034 X100.783 Y212.654 E26.19003 ; perimeter
G1 Z12.047 X99.139 Y207.932 E27.05920 ; perimeter
G1 Z12.059 X97.802 Y203.112 E27.06740 ; perimeter
G1 Z12.072 X96.720 Y198.229 E27.07117 ; perimeter
G1 Z12.084 X95.894 Y193.296 E27.06520 ; perimeter
G1 Z12.097 X95.331 Y188.366 E26.85680 ; perimeter
G1 Z12.118 X94.940 Y180.002 E45.31458 ; perimeter
G1 Z12.139 X95.319 Y171.510 E46.00247 ; perimeter
G1 Z12.151 X95.867 Y166.701 E26.19553 ; perimeter
G1 Z12.163 X96.692 Y161.766 E27.07837 ; perimeter
G1 Z12.176 X97.775 Y156.881 E27.07904 ; perimeter
G1 Z12.188 X99.112 Y152.060 E27.07552 ; perimeter
G1 Z12.201 X100.700 Y147.315 E27.07939 ; perimeter
G1 Z12.213 X102.536 Y142.661 E27.07619 ; perimeter
G1 Z12.226 X104.680 Y138.142 E27.06714 ; perimeter
G1 Z12.238 X106.920 Y133.716 E26.84646 ; perimeter
G1 Z12.259 X111.277 Y126.563 E45.32882 ; perimeter
G1 Z12.280 X116.263 Y119.833 E45.32883 ; perimeter
G1 Z12.293 X119.483 Y116.056 E26.86082 ; perimeter
G1 Z12.305 X122.927 Y112.427 E27.07616 ; perimeter
G1 Z12.318 X126.556 Y108.983 E27.07615 ; perimeter
G1 Z12.330 X130.360 Y105.733 E27.07731 ; perimeter
G1 Z12.343 X134.329 Y102.688 E27.07302 ; perimeter
G1 Z12.355 X138.453 Y99.854 E27.08066 ; perimeter
G1 Z12.368 X142.718 Y97.240 E27.07208 ; perimeter
G1 Z12.380 X147.081 Y94.871 E26.86829 ; perimeter
G1 Z12.401 X154.738 Y91.381 E45.54035 ; perimeter
G1 Z12.413 X159.388 Y89.643 E26.86568 ; perimeter
G1 Z12.426 X164.122 Y88.150 E26.86378 ; perimeter
G1 Z12.447 X172.304 Y86.186 E45.53799 ; perimeter
G1 Z12.459 X177.200 Y85.367 E26.86491 ; perimeter
G1 Z12.472 X182.130 Y84.805 E26.85350 ; perimeter
G1 Z12.493 X190.662 Y84.439 E46.21659 ; perimeter
G1 Z12.505 X195.500 Y84.568 E26.19212 ; perimeter
G1 Z12.518 X200.489 Y84.960 E27.08328 ; perimeter
G1 Z12.530 X205.449 Y85.613 E27.07458 ; perimeter
G1 Z12.543 X210.369 Y86.525 E27.08014 ; perimeter
G1 Z12.555 X215.234 Y87.693 E27.07697 ; perimeter
G1 Z12.567 X219.993 Y89.103 E26.86190 ; perimeter
G1 Z12.588 X227.874 Y92.052 E45.53962 ; perimeter
G1 Z12.601 X232.368 Y94.159 E26.85956 ; perimeter
G1 Z12.613 X236.787 Y96.414 E26.85118 ; perimeter
G1 Z12.634 X243.970 Y100.797 E45.53892 ; perimeter
G1 Z12.647 X248.011 Y103.680 E26.86477 ; perimeter
G1 Z12.659 X251.896 Y106.770 E26.86466 ; perimeter
G1 Z12.680 X258.072 Y112.428 E45.32961 ; perimeter
G1 Z12.701 X263.730 Y118.604 E45.32961 ; perimeter
G1 Z12.713 X266.820 Y122.489 E26.86473 ; perimeter
G1 Z12.726 X269.726 Y126.562 E27.07799 ; perimeter
G1 Z12.738 X272.414 Y130.781 E27.07319 ; perimeter
G1 Z12.751 X274.877 Y135.136 E27.07703 ; perimeter
G1 Z12.763 X277.110 Y139.613 E27.07563 ; perimeter
G1 Z12.776 X279.105 Y144.201 E27.07561 ; perimeter
G1 Z12.788 X280.857 Y148.888 E27.07977 ; perimeter
G1 Z12.801 X282.350 Y153.622 E26.86386 ; perimeter
G1 Z12.822 X284.314 Y161.804 E45.53799 ; perimeter
G1 Z12.834 X285.133 Y166.700 E26.86483 ; perimeter
G1 Z12.847 X285.695 Y171.632 E26.86422 ; perimeter
G1 Z12.868 X286.061 Y180.000 E45.33009 ; perimeter
G1 Z12.888 X285.684 Y188.367 E45.32790 ; perimeter
G1 Z12.901 X285.122 Y193.299 E26.86105 ; perimeter
G1 Z12.913 X284.303 Y198.194 E26.86157 ; perimeter
G1 Z12.934 X282.328 Y206.372 E45.53273 ; perimeter
G1 Z12.947 X280.847 Y211.109 E26.85649 ; perimeter
G1 Z12.959 X279.095 Y215.795 E27.07675 ; perimeter
G1 Z12.972 X277.101 Y220.383 E27.07253 ; perimeter
G1 Z12.984 X274.868 Y224.859 E27.07275 ; perimeter
G1 Z12.997 X272.388 Y229.203 E27.06968 ; perimeter
G1 Z13.009 X269.725 Y233.438 E27.07095 ; perimeter
G1 Z13.022 X266.820 Y237.511 E27.07771 ; perimeter
G1 Z13.034 X263.730 Y241.396 E26.86463 ; perimeter
G1 Z13.055 X258.072 Y247.571 E45.32555 ; perimeter
G1 Z13.076 X251.896 Y253.230 E45.33332 ; perimeter
G1 Z13.088 X248.011 Y256.320 E26.86476 ; perimeter
G1 Z13.101 X243.970 Y259.203 E26.86467 ; perimeter
G1 Z13.122 X236.792 Y263.594 E45.54049 ; perimeter
G1 Z13.134 X232.389 Y265.886 E26.86172 ; perimeter
G1 Z13.147 X227.837 Y267.960 E27.06951 ; perimeter
G1 Z13.159 X223.178 Y269.781 E27.07216 ; perimeter
G1 Z13.172 X218.440 Y271.387 E27.07767 ; perimeter
G1 Z13.184 X213.619 Y272.725 E27.07530 ; perimeter
G1 Z13.197 X208.773 Y273.799 E26.86244 ; perimeter
G1 Z13.218 X200.450 Y275.043 E45.54360 ; perimeter
G1 Z13.230 X195.501 Y275.432 E26.86611 ; perimeter
G1 Z13.243 X190.500 Y275.563 E27.07420 ; perimeter
G1 Z13.255 X185.499 Y275.432 E27.07420 ; perimeter
G1 Z13.268 X180.511 Y275.040 E27.07779 ; perimeter
G1 Z13.280 X175.551 Y274.387 E27.07466 ; perimeter
G1 Z13.293 X170.631 Y273.475 E27.08014 ; perimeter
G1 Z13.305 X165.766 Y272.307 E27.07706 ; perimeter
G1 Z13.317 X161.007 Y270.897 E26.86189 ; perimeter
G1 Z13.338 X153.125 Y267.950 E45.54066 ; perimeter
G1 Z13.351 X148.608 Y265.892 E26.86323 ; perimeter
G1 Z13.363 X144.205 Y263.600 E26.86379 ; perimeter
G1 Z13.384 X137.030 Y259.203 E45.54179 ; perimeter
G1 Z13.397 X132.989 Y256.320 E26.86471 ; perimeter
G1 Z13.409 X129.104 Y253.230 E26.86469 ; perimeter
G1 Z13.430 X122.929 Y247.572 E45.32562 ; perimeter
G1 Z13.451 X117.270 Y241.396 E45.33327 ; perimeter
G1 Z13.463 X114.180 Y237.511 E26.86469 ; perimeter
G1 Z13.476 X111.274 Y233.438 E27.07798 ; perimeter
G1 Z13.488 X108.587 Y229.219 E27.07313 ; perimeter
G1 Z13.500 X106.290 Y225.160 E25.23760 ; perimeter
;LAYER_CHANGE
;Z:15
;HEIGHT:1.5
G1 Z13.500 F960 ; simple layer change
G1 F2400
G1 Z13.509 X104.691 Y221.852 E19.88201 ; perimeter
G1 Z13.522 X102.558 Y217.371 E26.85943 ; perimeter
G1 Z13.543 X99.628 Y209.485 E45.53148 ; perimeter
G1 Z13.555 X98.220 Y204.727 E26.85419 ; perimeter
G1 Z13.568 X97.052 Y199.863 E27.06920 ; perimeter
G1 Z13.580 X96.140 Y194.944 E27.07231 ; perimeter
G1 Z13.593 X95.488 Y189.986 E27.06677 ; perimeter
G1 Z13.605 X95.152 Y184.997 E27.05849 ; perimeter
G1 Z13.617 X94.941 Y180.041 E26.84814 ; perimeter
G1 Z13.639 X95.319 Y171.495 E46.29398 ; perimeter
G1 Z13.651 X95.867 Y166.701 E26.11424 ; perimeter
G1 Z13.663 X96.692 Y161.766 E27.07843 ; perimeter
G1 Z13.676 X97.775 Y156.881 E27.07896 ; perimeter
G1 Z13.688 X99.112 Y152.060 E27.07552 ; perimeter
G1 Z13.701 X100.700 Y147.315 E27.07939 ; perimeter
G1 Z13.713 X102.534 Y142.660 E27.07713 ; perimeter
G1 Z13.726 X104.608 Y138.108 E27.07150 ; perimeter
G1 Z13.738 X106.900 Y133.705 E26.86379 ; perimeter
G1 Z13.759 X111.277 Y126.563 E45.33296 ; perimeter
G1 Z13.780 X116.259 Y119.830 E45.32886 ; perimeter
G1 Z13.793 X119.483 Y116.056 E26.86247 ; perimeter
G1 Z13.805 X122.927 Y112.427 E27.07615 ; perimeter
G1 Z13.818 X126.556 Y108.983 E27.07612 ; perimeter
G1 Z13.830 X130.360 Y105.733 E27.07734 ; perimeter
G1 Z13.843 X134.329 Y102.688 E27.07302 ; perimeter
G1 Z13.855 X138.452 Y99.854 E27.07609 ; perimeter
G1 Z13.868 X142.718 Y97.240 E27.07656 ; perimeter
G1 Z13.880 X147.081 Y94.871 E26.86827 ; perimeter
G1 Z13.901 X154.738 Y91.381 E45.54037 ; perimeter
G1 Z13.913 X159.388 Y89.643 E26.86567 ; perimeter
G1 Z13.926 X164.122 Y88.150 E26.86388 ; perimeter
G1 Z13.947 X172.304 Y86.186 E45.53798 ; perimeter
G1 Z13.959 X177.200 Y85.367 E26.86490 ; perimeter
G1 Z13.972 X182.130 Y84.805 E26.85339 ; perimeter
G1 Z13.993 X190.677 Y84.439 E46.29784 ; perimeter
G1 Z14.005 X195.500 Y84.568 E26.11089 ; perimeter
G1 Z14.018 X200.489 Y84.960 E27.08311 ; perimeter
G1 Z14.030 X205.449 Y85.613 E27.07474 ; perimeter
G1 Z14.043 X210.369 Y86.525 E27.08006 ; perimeter
G1 Z14.055 X215.234 Y87.693 E27.07706 ; perimeter
G1 Z14.067 X219.993 Y89.103 E26.86197 ; perimeter
G1 Z14.088 X227.837 Y92.035 E45.31962 ; perimeter
G1 Z14.110 X235.512 Y95.721 E46.07914 ; perimeter
G1 Z14.122 X239.691 Y98.131 E26.10380 ; perimeter
G1 Z14.134 X243.937 Y100.775 E27.07439 ; perimeter
G1 Z14.147 X248.011 Y103.680 E27.07750 ; perimeter
G1 Z14.159 X251.896 Y106.770 E26.86463 ; perimeter
G1 Z14.180 X258.072 Y112.429 E45.33347 ; perimeter
G1 Z14.201 X263.730 Y118.604 E45.32573 ; perimeter
G1 Z14.213 X266.820 Y122.489 E26.86456 ; perimeter
G1 Z14.226 X269.726 Y126.562 E27.07799 ; perimeter
G1 Z14.238 X272.414 Y130.781 E27.07319 ; perimeter
G1 Z14.251 X274.877 Y135.136 E27.07703 ; perimeter
G1 Z14.263 X277.110 Y139.613 E27.07563 ; perimeter
G1 Z14.276 X279.105 Y144.201 E27.07561 ; perimeter
G1 Z14.288 X280.857 Y148.888 E27.07977 ; perimeter
G1 Z14.301 X282.350 Y153.622 E26.86386 ; perimeter
G1 Z14.322 X284.314 Y161.804 E45.53799 ; perimeter
G1 Z14.334 X285.133 Y166.700 E26.86483 ; perimeter
G1 Z14.347 X285.695 Y171.632 E26.86422 ; perimeter
G1 Z14.368 X286.061 Y180.000 E45.33008 ; perimeter
G1 Z14.388 X285.695 Y188.368 E45.33008 ; perimeter
G1 Z14.401 X285.133 Y193.300 E26.86422 ; perimeter
G1 Z14.413 X284.314 Y198.196 E26.86483 ; perimeter
G1 Z14.434 X282.350 Y206.378 E45.53807 ; perimeter
G1 Z14.447 X280.857 Y211.112 E26.86378 ; perimeter
G1 Z14.459 X279.105 Y215.799 E27.07969 ; perimeter
G1 Z14.472 X277.110 Y220.387 E27.07568 ; perimeter
G1 Z14.484 X274.877 Y224.864 E27.07556 ; perimeter
G1 Z14.497 X272.414 Y229.219 E27.07710 ; perimeter
G1 Z14.509 X269.726 Y233.438 E27.07312 ; perimeter
G1 Z14.522 X266.820 Y237.511 E27.07799 ; perimeter
G1 Z14.534 X263.730 Y241.396 E26.86476 ; perimeter
G1 Z14.555 X258.072 Y247.571 E45.32562 ; perimeter
G1 Z14.576 X251.896 Y253.230 E45.33321 ; perimeter
G1 Z14.588 X248.011 Y256.320 E26.86474 ; perimeter
G1 Z14.601 X243.970 Y259.203 E26.86471 ; perimeter
G1 Z14.622 X236.795 Y263.600 E45.54179 ; perimeter
G1 Z14.634 X232.392 Y265.892 E26.86379 ; perimeter
G1 Z14.647 X227.840 Y267.966 E27.07150 ; perimeter
G1 Z14.659 X223.185 Y269.800 E27.07713 ; perimeter
G1 Z14.672 X218.440 Y271.388 E27.07939 ; perimeter
G1 Z14.684 X213.619 Y272.725 E27.07552 ; perimeter
G1 Z14.697 X208.773 Y273.799 E26.86244 ; perimeter
G1 Z14.718 X200.450 Y275.043 E45.54360 ; perimeter
G1 Z14.730 X195.501 Y275.432 E26.86611 ; perimeter
G1 Z14.743 X190.500 Y275.563 E27.07420 ; perimeter
G1 Z14.755 X185.499 Y275.432 E27.07420 ; perimeter
G1 Z14.768 X180.511 Y275.040 E27.07779 ; perimeter
G1 Z14.780 X175.551 Y274.387 E27.07466 ; perimeter
G1 Z14.793 X170.631 Y273.475 E27.08014 ; perimeter
G1 Z14.805 X165.766 Y272.307 E27.07706 ; perimeter
G1 Z14.817 X161.007 Y270.897 E26.86189 ; perimeter
G1 Z14.838 X153.125 Y267.950 E45.54066 ; perimeter
G1 Z14.851 X148.608 Y265.892 E26.86323 ; perimeter
G1 Z14.863 X144.205 Y263.600 E26.86379 ; perimeter
G1 Z14.884 X137.030 Y259.203 E45.54179 ; perimeter
G1 Z14.897 X132.989 Y256.320 E26.86471 ; perimeter
G1 Z14.909 X129.104 Y253.230 E26.86469 ; perimeter
G1 Z14.930 X122.928 Y247.571 E45.33324 ; perimeter
G1 Z14.951 X117.270 Y241.396 E45.32565 ; perimeter
G1 Z14.963 X114.180 Y237.511 E26.86469 ; perimeter
G1 Z14.976 X111.297 Y233.470 E26.86471 ; perimeter
G1 Z14.997 X106.900 Y226.295 E45.54180 ; perimeter
G1 Z15.000 X106.305 Y225.152 E6.97371 ; perimeter
;LAYER_CHANGE
;Z:16.5
;HEIGHT:1.5
G1 Z15.000 F960 ; simple layer change
G1 F2400
G1 Z15.009 X104.608 Y221.892 E19.89005 ; perimeter
G1 Z15.022 X102.550 Y217.375 E26.86325 ; perimeter
G1 Z15.043 X99.603 Y209.493 E45.54072 ; perimeter
G1 Z15.055 X98.193 Y204.734 E26.86172 ; perimeter
G1 Z15.068 X97.025 Y199.869 E27.07723 ; perimeter
G1 Z15.080 X96.113 Y194.949 E27.08006 ; perimeter
G1 Z15.093 X95.460 Y189.989 E27.07466 ; perimeter
G1 Z15.105 X95.068 Y185.001 E27.07779 ; perimeter
G1 Z15.117 X94.938 Y180.041 E26.85224 ; perimeter
G1 Z15.139 X95.320 Y171.481 E46.37154 ; perimeter
G1 Z15.151 X95.867 Y166.701 E26.03824 ; perimeter
G1 Z15.163 X96.692 Y161.766 E27.07843 ; perimeter
G1 Z15.176 X97.775 Y156.881 E27.07912 ; perimeter
G1 Z15.188 X99.112 Y152.060 E27.07546 ; perimeter
G1 Z15.201 X100.700 Y147.315 E27.07938 ; perimeter
G1 Z15.213 X102.534 Y142.660 E27.07713 ; perimeter
G1 Z15.226 X104.608 Y138.108 E27.07152 ; perimeter
G1 Z15.238 X106.900 Y133.705 E26.86375 ; perimeter
G1 Z15.259 X111.276 Y126.565 E45.32092 ; perimeter
G1 Z15.280 X116.357 Y119.715 E46.15798 ; perimeter
G1 Z15.293 X119.482 Y116.057 E26.03595 ; perimeter
G1 Z15.305 X122.927 Y112.427 E27.08378 ; perimeter
G1 Z15.318 X126.556 Y108.983 E27.07615 ; perimeter
G1 Z15.330 X130.360 Y105.733 E27.07731 ; perimeter
G1 Z15.343 X134.329 Y102.688 E27.07302 ; perimeter
G1 Z15.355 X138.452 Y99.854 E27.07610 ; perimeter
G1 Z15.368 X142.718 Y97.240 E27.07670 ; perimeter
G1 Z15.380 X147.081 Y94.871 E26.86827 ; perimeter
G1 Z15.401 X154.738 Y91.381 E45.54035 ; perimeter
G1 Z15.413 X159.388 Y89.643 E26.86568 ; perimeter
G1 Z15.426 X164.122 Y88.150 E26.86393 ; perimeter
G1 Z15.447 X172.304 Y86.186 E45.53793 ; perimeter
G1 Z15.459 X177.200 Y85.367 E26.86484 ; perimeter
G1 Z15.472 X182.130 Y84.805 E26.85346 ; perimeter
G1 Z15.493 X190.691 Y84.439 E46.37346 ; perimeter
G1 Z15.505 X195.500 Y84.568 E26.03524 ; perimeter
G1 Z15.518 X200.489 Y84.960 E27.08320 ; perimeter
G1 Z15.530 X205.449 Y85.613 E27.07466 ; perimeter
G1 Z15.543 X210.369 Y86.525 E27.08014 ; perimeter
G1 Z15.555 X215.234 Y87.693 E27.07697 ; perimeter
G1 Z15.567 X219.993 Y89.103 E26.86190 ; perimeter
G1 Z15.588 X227.837 Y92.035 E45.31968 ; perimeter
G1 Z15.610 X235.532 Y95.715 E46.15924 ; perimeter
G1 Z15.622 X239.718 Y98.086 E26.03849 ; perimeter
G1 Z15.634 X243.938 Y100.774 E27.07776 ; perimeter
G1 Z15.647 X248.011 Y103.680 E27.07799 ; perimeter
G1 Z15.659 X251.896 Y106.770 E26.86463 ; perimeter
G1 Z15.680 X258.072 Y112.429 E45.33327 ; perimeter
G1 Z15.701 X263.730 Y118.604 E45.32576 ; perimeter
G1 Z15.713 X266.820 Y122.489 E26.86456 ; perimeter
G1 Z15.726 X269.726 Y126.562 E27.07799 ; perimeter
G1 Z15.738 X272.414 Y130.781 E27.07319 ; perimeter
G1 Z15.751 X274.877 Y135.136 E27.07703 ; perimeter
G1 Z15.763 X277.110 Y139.613 E27.07563 ; perimeter
G1 Z15.776 X279.105 Y144.201 E27.07561 ; perimeter
G1 Z15.788 X280.857 Y148.888 E27.07977 ; perimeter
G1 Z15.801 X282.350 Y153.622 E26.86386 ; perimeter
G1 Z15.822 X284.314 Y161.804 E45.53799 ; perimeter
G1 Z15.834 X285.133 Y166.700 E26.86483 ; perimeter
G1 Z15.847 X285.695 Y171.632 E26.86422 ; perimeter
G1 Z15.868 X286.061 Y180.000 E45.33008 ; perimeter
G1 Z15.888 X285.695 Y188.368 E45.33008 ; perimeter
G1 Z15.901 X285.133 Y193.300 E26.86422 ; perimeter
G1 Z15.913 X284.314 Y198.196 E26.86483 ; perimeter
G1 Z15.934 X282.350 Y206.378 E45.53791 ; perimeter
G1 Z15.947 X280.857 Y211.112 E26.86394 ; perimeter
G1 Z15.959 X279.105 Y215.799 E27.07969 ; perimeter
G1 Z15.972 X277.110 Y220.387 E27.07568 ; perimeter
G1 Z15.984 X274.877 Y224.864 E27.07563 ; perimeter
G1 Z15.997 X272.414 Y229.219 E27.07703 ; perimeter
G1 Z16.009 X269.726 Y233.438 E27.07312 ; perimeter
G1 Z16.022 X266.820 Y237.511 E27.07806 ; perimeter
G1 Z16.034 X263.730 Y241.396 E26.86469 ; perimeter
G1 Z16.055 X258.071 Y247.572 E45.33321 ; perimeter
G1 Z16.076 X251.896 Y253.230 E45.32568 ; perimeter
G1 Z16.088 X248.011 Y256.320 E26.86469 ; perimeter
G1 Z16.101 X243.938 Y259.225 E27.07770 ; perimeter
G1 Z16.113 X239.707 Y261.894 E27.07129 ; perimeter
G1 Z16.126 X235.397 Y264.351 E26.84865 ; perimeter
G1 Z16.147 X227.663 Y268.038 E46.37000 ; perimeter
G1 Z16.159 X223.186 Y269.800 E26.03611 ; perimeter
G1 Z16.172 X218.440 Y271.388 E27.08448 ; perimeter
G1 Z16.184 X213.619 Y272.725 E27.07552 ; perimeter
G1 Z16.197 X208.773 Y273.799 E26.86244 ; perimeter
G1 Z16.218 X200.450 Y275.043 E45.54360 ; perimeter
G1 Z16.230 X195.501 Y275.432 E26.86611 ; perimeter
G1 Z16.243 X190.500 Y275.563 E27.07420 ; perimeter
G1 Z16.255 X185.499 Y275.432 E27.07420 ; perimeter
G1 Z16.268 X180.511 Y275.040 E27.07779 ; perimeter
G1 Z16.280 X175.551 Y274.387 E27.07466 ; perimeter
G1 Z16.293 X170.631 Y273.475 E27.08014 ; perimeter
G1 Z16.305 X165.766 Y272.307 E27.07706 ; perimeter
G1 Z16.317 X161.007 Y270.897 E26.86189 ; perimeter
G1 Z16.338 X153.125 Y267.950 E45.54066 ; perimeter
G1 Z16.351 X148.608 Y265.892 E26.86323 ; perimeter
G1 Z16.363 X144.205 Y263.600 E26.86379 ; perimeter
G1 Z16.384 X137.030 Y259.203 E45.54179 ; perimeter
G1 Z16.397 X132.989 Y256.320 E26.86471 ; perimeter
G1 Z16.409 X129.104 Y253.230 E26.86469 ; perimeter
G1 Z16.430 X122.929 Y247.572 E45.32562 ; perimeter
G1 Z16.451 X117.270 Y241.396 E45.33327 ; perimeter
G1 Z16.463 X114.180 Y237.511 E26.86469 ; perimeter
G1 Z16.476 X111.297 Y233.470 E26.86471 ; perimeter
G1 Z16.497 X106.900 Y226.295 E45.54179 ; perimeter
G1 Z16.500 X106.305 Y225.152 E6.97374 ; perimeter
;LAYER_CHANGE
;Z:18
;HEIGHT:1.5
G1 Z16.500 F960 ; simple layer change
G1 F2400
G1 Z16.509 X104.608 Y221.892 E19.89005 ; perimeter
G1 Z16.522 X102.550 Y217.375 E26.86323 ; perimeter
G1 Z16.543 X99.603 Y209.493 E45.54065 ; perimeter
G1 Z16.555 X98.193 Y204.734 E26.86190 ; perimeter
G1 Z16.568 X97.025 Y199.869 E27.07706 ; perimeter
G1 Z16.580 X96.113 Y194.949 E27.08022 ; perimeter
G1 Z16.593 X95.460 Y189.989 E27.07458 ; perimeter
G1 Z16.605 X95.068 Y185.001 E27.07779 ; perimeter
G1 Z16.617 X94.938 Y180.039 E26.86305 ; perimeter
G1 Z16.638 X95.312 Y171.632 E45.54108 ; perimeter
G1 Z16.651 X95.867 Y166.700 E26.86177 ; perimeter
G1 Z16.663 X96.692 Y161.766 E27.07298 ; perimeter
G1 Z16.676 X97.775 Y156.881 E27.07912 ; perimeter
G1 Z16.688 X99.112 Y152.060 E27.07552 ; perimeter
G1 Z16.701 X100.700 Y147.315 E27.07939 ; perimeter
G1 Z16.713 X102.534 Y142.660 E27.07714 ; perimeter
G1 Z16.726 X104.608 Y138.108 E27.07148 ; perimeter
G1 Z16.738 X106.900 Y133.705 E26.86379 ; perimeter
G1 Z16.759 X111.277 Y126.563 E45.33284 ; perimeter
G1 Z16.780 X116.264 Y119.834 E45.32883 ; perimeter
G1 Z16.793 X119.483 Y116.056 E26.86018 ; perimeter
G1 Z16.805 X122.927 Y112.427 E27.07621 ; perimeter
G1 Z16.818 X126.556 Y108.983 E27.07612 ; perimeter
G1 Z16.830 X130.360 Y105.733 E27.07731 ; perimeter
G1 Z16.843 X134.329 Y102.688 E27.07309 ; perimeter
G1 Z16.855 X138.453 Y99.854 E27.08062 ; perimeter
G1 Z16.868 X142.718 Y97.240 E27.07206 ; perimeter
G1 Z16.880 X147.081 Y94.871 E26.86829 ; perimeter
G1 Z16.901 X154.738 Y91.381 E45.54035 ; perimeter
G1 Z16.913 X159.388 Y89.643 E26.86567 ; perimeter
G1 Z16.926 X164.122 Y88.150 E26.86387 ; perimeter
G1 Z16.947 X172.304 Y86.186 E45.53799 ; perimeter
G1 Z16.959 X177.200 Y85.367 E26.86483 ; perimeter
G1 Z16.972 X182.130 Y84.805 E26.85347 ; perimeter
G1 Z16.993 X190.706 Y84.439 E46.45456 ; perimeter
G1 Z17.005 X195.500 Y84.568 E25.95408 ; perimeter
G1 Z17.018 X200.489 Y84.960 E27.08328 ; perimeter
G1 Z17.030 X205.449 Y85.613 E27.07458 ; perimeter
G1 Z17.043 X210.369 Y86.525 E27.08022 ; perimeter
G1 Z17.055 X215.234 Y87.693 E27.07706 ; perimeter
G1 Z17.067 X219.993 Y89.103 E26.86189 ; perimeter
G1 Z17.088 X227.836 Y92.035 E45.31447 ; perimeter
G1 Z17.110 X235.545 Y95.721 E46.24423 ; perimeter
G1 Z17.122 X239.718 Y98.086 E25.95860 ; perimeter
G1 Z17.134 X243.938 Y100.774 E27.07776 ; perimeter
G1 Z17.147 X248.011 Y103.680 E27.07799 ; perimeter
G1 Z17.159 X251.896 Y106.770 E26.86453 ; perimeter
G1 Z17.180 X258.072 Y112.429 E45.33336 ; perimeter
G1 Z17.201 X263.730 Y118.604 E45.32559 ; perimeter
G1 Z17.213 X266.820 Y122.489 E26.86473 ; perimeter
G1 Z17.226 X269.726 Y126.562 E27.07802 ; perimeter
G1 Z17.238 X272.414 Y130.781 E27.07315 ; perimeter
G1 Z17.251 X274.877 Y135.136 E27.07703 ; perimeter
G1 Z17.263 X277.110 Y139.613 E27.07563 ; perimeter
G1 Z17.276 X279.105 Y144.201 E27.07561 ; perimeter
G1 Z17.288 X280.857 Y148.888 E27.07977 ; perimeter
G1 Z17.301 X282.350 Y153.622 E26.86386 ; perimeter
G1 Z17.322 X284.314 Y161.804 E45.53799 ; perimeter
G1 Z17.334 X285.133 Y166.700 E26.86483 ; perimeter
G1 Z17.347 X285.695 Y171.632 E26.86422 ; perimeter
G1 Z17.368 X286.061 Y180.000 E45.33008 ; perimeter
G1 Z17.388 X285.695 Y188.368 E45.33008 ; perimeter
G1 Z17.401 X285.133 Y193.300 E26.86422 ; perimeter
G1 Z17.413 X284.314 Y198.196 E26.86483 ; perimeter
G1 Z17.434 X282.350 Y206.378 E45.53807 ; perimeter
G1 Z17.447 X280.857 Y211.112 E26.86378 ; perimeter
G1 Z17.459 X279.105 Y215.799 E27.07969 ; perimeter
G1 Z17.472 X277.110 Y220.387 E27.07568 ; perimeter
G1 Z17.484 X274.877 Y224.864 E27.07556 ; perimeter
G1 Z17.497 X272.414 Y229.219 E27.07710 ; perimeter
G1 Z17.509 X269.726 Y233.438 E27.07326 ; perimeter
G1 Z17.522 X266.820 Y237.511 E27.07785 ; perimeter
G1 Z17.534 X263.730 Y241.396 E26.86476 ; perimeter
G1 Z17.555 X258.072 Y247.572 E45.32961 ; perimeter
G1 Z17.576 X251.896 Y253.230 E45.32950 ; perimeter
G1 Z17.588 X248.011 Y256.320 E26.86469 ; perimeter
G1 Z17.601 X243.970 Y259.203 E26.86467 ; perimeter
G1 Z17.622 X236.792 Y263.594 E45.54050 ; perimeter
G1 Z17.634 X232.382 Y265.871 E26.85818 ; perimeter
G1 Z17.647 X227.839 Y267.964 E27.06988 ; perimeter
G1 Z17.659 X223.185 Y269.800 E27.07625 ; perimeter
G1 Z17.672 X218.440 Y271.388 E27.07944 ; perimeter
G1 Z17.684 X213.619 Y272.725 E27.07552 ; perimeter
G1 Z17.697 X208.773 Y273.799 E26.86244 ; perimeter
G1 Z17.718 X200.450 Y275.043 E45.54360 ; perimeter
G1 Z17.730 X195.501 Y275.432 E26.86611 ; perimeter
G1 Z17.743 X190.500 Y275.563 E27.07420 ; perimeter
G1 Z17.755 X185.499 Y275.432 E27.07420 ; perimeter
G1 Z17.768 X180.511 Y275.040 E27.07779 ; perimeter
G1 Z17.780 X175.551 Y274.387 E27.07466 ; perimeter
G1 Z17.793 X170.631 Y273.475 E27.08014 ; perimeter
G1 Z17.805 X165.766 Y272.307 E27.07706 ; perimeter
G1 Z17.817 X161.007 Y270.897 E26.86181 ; perimeter
G1 Z17.838 X153.125 Y267.950 E45.54074 ; perimeter
G1 Z17.851 X148.608 Y265.892 E26.86323 ; perimeter
G1 Z17.863 X144.205 Y263.600 E26.86379 ; perimeter
G1 Z17.884 X137.030 Y259.203 E45.54179 ; perimeter
G1 Z17.897 X132.989 Y256.320 E26.86471 ; perimeter
G1 Z17.909 X129.104 Y253.230 E26.86469 ; perimeter
G1 Z17.930 X122.929 Y247.572 E45.32562 ; perimeter
G1 Z17.951 X117.270 Y241.396 E45.33327 ; perimeter
G1 Z17.963 X114.180 Y237.511 E26.86469 ; perimeter
G1 Z17.976 X111.297 Y233.470 E26.86471 ; perimeter
G1 Z17.997 X106.900 Y226.295 E45.54179 ; perimeter
G1 Z18.000 X106.305 Y225.152 E6.97374 ; perimeter
;LAYER_CHANGE
;Z:19.5
;HEIGHT:1.5
G1 Z18.000 F960 ; simple layer change
G1 F2400
G1 Z18.009 X104.608 Y221.892 E19.89005 ; perimeter
G1 Z18.022 X102.550 Y217.375 E26.86315 ; perimeter
G1 Z18.043 X99.603 Y209.493 E45.54072 ; perimeter
G1 Z18.055 X98.193 Y204.734 E26.86190 ; perimeter
G1 Z18.068 X97.025 Y199.869 E27.07706 ; perimeter
G1 Z18.080 X96.113 Y194.949 E27.08014 ; perimeter
G1 Z18.093 X95.460 Y189.989 E27.07466 ; perimeter
G1 Z18.105 X95.068 Y185.001 E27.07779 ; perimeter
G1 Z18.117 X94.938 Y180.039 E26.86306 ; perimeter
G1 Z18.138 X95.305 Y171.632 E45.54118 ; perimeter
G1 Z18.151 X95.867 Y166.700 E26.86422 ; perimeter
G1 Z18.163 X96.692 Y161.766 E27.07302 ; perimeter
G1 Z18.176 X97.775 Y156.881 E27.07903 ; perimeter
G1 Z18.188 X99.112 Y152.060 E27.07553 ; perimeter
G1 Z18.201 X100.700 Y147.315 E27.07939 ; perimeter
G1 Z18.213 X102.534 Y142.660 E27.07713 ; perimeter
G1 Z18.226 X104.608 Y138.108 E27.07150 ; perimeter
G1 Z18.238 X106.900 Y133.705 E26.86379 ; perimeter
G1 Z18.259 X111.275 Y126.565 E45.31808 ; perimeter
G1 Z18.281 X116.376 Y119.692 E46.31785 ; perimeter
G1 Z18.293 X119.482 Y116.057 E25.87860 ; perimeter
G1 Z18.305 X122.927 Y112.427 E27.08375 ; perimeter
G1 Z18.318 X126.556 Y108.983 E27.07615 ; perimeter
G1 Z18.330 X130.360 Y105.733 E27.07731 ; perimeter
G1 Z18.343 X134.329 Y102.688 E27.07302 ; perimeter
G1 Z18.355 X138.452 Y99.854 E27.07609 ; perimeter
G1 Z18.368 X142.718 Y97.240 E27.07659 ; perimeter
G1 Z18.380 X147.081 Y94.871 E26.86827 ; perimeter
G1 Z18.401 X154.738 Y91.381 E45.54035 ; perimeter
G1 Z18.413 X159.388 Y89.643 E26.86568 ; perimeter
G1 Z18.426 X164.122 Y88.150 E26.86387 ; perimeter
G1 Z18.447 X172.304 Y86.186 E45.53799 ; perimeter
G1 Z18.459 X177.200 Y85.367 E26.86482 ; perimeter
G1 Z18.472 X182.130 Y84.805 E26.85347 ; perimeter
G1 Z18.493 X190.720 Y84.439 E46.53034 ; perimeter
G1 Z18.505 X195.500 Y84.568 E25.87826 ; perimeter
G1 Z18.518 X200.489 Y84.960 E27.08320 ; perimeter
G1 Z18.530 X205.449 Y85.613 E27.07466 ; perimeter
G1 Z18.543 X210.369 Y86.525 E27.08022 ; perimeter
G1 Z18.555 X215.234 Y87.693 E27.07698 ; perimeter
G1 Z18.567 X219.993 Y89.103 E26.86189 ; perimeter
G1 Z18.588 X227.874 Y92.052 E45.53976 ; perimeter
G1 Z18.601 X232.367 Y94.159 E26.85929 ; perimeter
G1 Z18.613 X236.788 Y96.413 E26.85138 ; perimeter
G1 Z18.634 X243.970 Y100.797 E45.53904 ; perimeter
G1 Z18.647 X248.011 Y103.680 E26.86467 ; perimeter
G1 Z18.659 X251.896 Y106.770 E26.86478 ; perimeter
G1 Z18.680 X258.072 Y112.428 E45.32960 ; perimeter
G1 Z18.701 X263.730 Y118.604 E45.32942 ; perimeter
G1 Z18.713 X266.820 Y122.489 E26.86469 ; perimeter
G1 Z18.726 X269.726 Y126.562 E27.07799 ; perimeter
G1 Z18.738 X272.414 Y130.781 E27.07319 ; perimeter
G1 Z18.751 X274.877 Y135.136 E27.07703 ; perimeter
G1 Z18.763 X277.110 Y139.613 E27.07563 ; perimeter
G1 Z18.776 X279.105 Y144.201 E27.07561 ; perimeter
G1 Z18.788 X280.857 Y148.888 E27.07977 ; perimeter
G1 Z18.801 X282.350 Y153.622 E26.86386 ; perimeter
G1 Z18.822 X284.314 Y161.804 E45.53799 ; perimeter
G1 Z18.834 X285.133 Y166.700 E26.86483 ; perimeter
G1 Z18.847 X285.695 Y171.632 E26.86422 ; perimeter
G1 Z18.868 X286.061 Y180.000 E45.33008 ; perimeter
G1 Z18.888 X285.695 Y188.368 E45.33008 ; perimeter
G1 Z18.901 X285.133 Y193.300 E26.86422 ; perimeter
G1 Z18.913 X284.314 Y198.196 E26.86483 ; perimeter
G1 Z18.934 X282.350 Y206.378 E45.53799 ; perimeter
G1 Z18.947 X280.857 Y211.112 E26.86386 ; perimeter
G1 Z18.959 X279.105 Y215.799 E27.07977 ; perimeter
G1 Z18.972 X277.110 Y220.387 E27.07561 ; perimeter
G1 Z18.984 X274.877 Y224.864 E27.07563 ; perimeter
G1 Z18.997 X272.414 Y229.219 E27.07703 ; perimeter
G1 Z19.009 X269.726 Y233.438 E27.07319 ; perimeter
G1 Z19.022 X266.820 Y237.511 E27.07799 ; perimeter
G1 Z19.034 X263.730 Y241.396 E26.86469 ; perimeter
G1 Z19.055 X258.072 Y247.572 E45.32961 ; perimeter
G1 Z19.076 X251.896 Y253.230 E45.32961 ; perimeter
G1 Z19.088 X248.011 Y256.320 E26.86469 ; perimeter
G1 Z19.101 X243.970 Y259.203 E26.86471 ; perimeter
G1 Z19.122 X236.795 Y263.600 E45.54179 ; perimeter
G1 Z19.134 X232.392 Y265.892 E26.86379 ; perimeter
G1 Z19.147 X227.840 Y267.966 E27.07150 ; perimeter
G1 Z19.159 X223.185 Y269.800 E27.07713 ; perimeter
G1 Z19.172 X218.440 Y271.388 E27.07939 ; perimeter
G1 Z19.184 X213.619 Y272.725 E27.07552 ; perimeter
G1 Z19.197 X208.773 Y273.799 E26.86252 ; perimeter
G1 Z19.218 X200.450 Y275.043 E45.54352 ; perimeter
G1 Z19.230 X195.501 Y275.432 E26.86611 ; perimeter
G1 Z19.243 X190.500 Y275.563 E27.07420 ; perimeter
G1 Z19.255 X185.499 Y275.432 E27.07420 ; perimeter
G1 Z19.268 X180.511 Y275.040 E27.07779 ; perimeter
G1 Z19.280 X175.551 Y274.387 E27.07466 ; perimeter
G1 Z19.293 X170.631 Y273.475 E27.08014 ; perimeter
G1 Z19.305 X165.766 Y272.307 E27.07706 ; perimeter
G1 Z19.317 X161.007 Y270.897 E26.86189 ; perimeter
G1 Z19.338 X153.125 Y267.950 E45.54066 ; perimeter
G1 Z19.351 X148.608 Y265.892 E26.86323 ; perimeter
G1 Z19.363 X144.205 Y263.600 E26.86379 ; perimeter
G1 Z19.384 X137.030 Y259.203 E45.54179 ; perimeter
G1 Z19.397 X132.989 Y256.320 E26.86471 ; perimeter
G1 Z19.409 X129.104 Y253.230 E26.86469 ; perimeter
G1 Z19.430 X122.930 Y247.573 E45.31804 ; perimeter
G1 Z19.451 X117.155 Y241.257 E46.31594 ; perimeter
G1 Z19.463 X114.181 Y237.513 E25.87670 ; perimeter
G1 Z19.476 X111.297 Y233.470 E26.87665 ; perimeter
G1 Z19.497 X106.900 Y226.295 E45.54179 ; perimeter
G1 Z19.500 X106.305 Y225.152 E6.97374 ; perimeter
;LAYER_CHANGE
;Z:21
;HEIGHT:1.5
G1 Z19.500 F960 ; simple layer change
G1 F2400
G1 Z19.522 X102.454 Y217.119 E48.20906 ; perimeter
G1 Z19.534 X100.783 Y212.655 E25.79732 ; perimeter
G1 Z19.547 X99.140 Y207.932 E27.06428 ; perimeter
G1 Z19.559 X97.802 Y203.112 E27.06750 ; perimeter
G1 Z19.572 X96.720 Y198.229 E27.07107 ; perimeter
G1 Z19.584 X95.894 Y193.296 E27.06529 ; perimeter
G1 Z19.597 X95.331 Y188.366 E26.85680 ; perimeter
G1 Z19.618 X94.940 Y180.000 E45.32514 ; perimeter
G1 Z19.638 X95.305 Y171.632 E45.33017 ; perimeter
G1 Z19.651 X95.867 Y166.700 E26.86414 ; perimeter
G1 Z19.663 X96.692 Y161.766 E27.07302 ; perimeter
G1 Z19.676 X97.775 Y156.881 E27.07905 ; perimeter
G1 Z19.688 X99.112 Y152.060 E27.07552 ; perimeter
G1 Z19.701 X100.700 Y147.315 E27.07939 ; perimeter
G1 Z19.713 X102.534 Y142.660 E27.07713 ; perimeter
G1 Z19.726 X104.608 Y138.108 E27.07150 ; perimeter
G1 Z19.738 X106.900 Y133.705 E26.86379 ; perimeter
G1 Z19.759 X111.275 Y126.565 E45.31805 ; perimeter
G1 Z19.781 X116.383 Y119.680 E46.39571 ; perimeter
G1 Z19.793 X119.482 Y116.057 E25.80169 ; perimeter
G1 Z19.805 X122.927 Y112.427 E27.08380 ; perimeter
G1 Z19.818 X126.556 Y108.983 E27.07618 ; perimeter
G1 Z19.830 X130.360 Y105.733 E27.07731 ; perimeter
G1 Z19.843 X134.329 Y102.688 E27.07302 ; perimeter
G1 Z19.855 X138.452 Y99.854 E27.07610 ; perimeter
G1 Z19.868 X142.718 Y97.240 E27.07668 ; perimeter
G1 Z19.880 X147.081 Y94.871 E26.86831 ; perimeter
G1 Z19.901 X154.738 Y91.381 E45.54033 ; perimeter
G1 Z19.913 X159.388 Y89.643 E26.86569 ; perimeter
G1 Z19.926 X164.122 Y88.150 E26.86393 ; perimeter
G1 Z19.947 X172.304 Y86.186 E45.53790 ; perimeter
G1 Z19.959 X177.200 Y85.367 E26.86484 ; perimeter
G1 Z19.972 X182.129 Y84.805 E26.84804 ; perimeter
G1 Z19.993 X190.734 Y84.439 E46.61139 ; perimeter
G1 Z20.005 X195.500 Y84.568 E25.80261 ; perimeter
G1 Z20.018 X200.489 Y84.960 E27.08327 ; perimeter
G1 Z20.030 X205.449 Y85.613 E27.07458 ; perimeter
G1 Z20.043 X210.369 Y86.525 E27.08006 ; perimeter
G1 Z20.055 X215.234 Y87.693 E27.07705 ; perimeter
G1 Z20.067 X219.993 Y89.103 E26.86198 ; perimeter
G1 Z20.088 X227.875 Y92.050 E45.54066 ; perimeter
G1 Z20.101 X232.392 Y94.108 E26.86315 ; perimeter
G1 Z20.113 X236.795 Y96.400 E26.86396 ; perimeter
G1 Z20.134 X243.970 Y100.797 E45.54169 ; perimeter
G1 Z20.147 X248.011 Y103.680 E26.86480 ; perimeter
G1 Z20.159 X251.896 Y106.770 E26.86460 ; perimeter
G1 Z20.180 X258.100 Y112.456 E45.54320 ; perimeter
G1 Z20.193 X261.482 Y116.089 E26.85877 ; perimeter
G1 Z20.205 X264.755 Y119.870 E27.06577 ; perimeter
G1 Z20.218 X267.800 Y123.838 E27.06876 ; perimeter
G1 Z20.230 X270.634 Y127.961 E27.07631 ; perimeter
G1 Z20.243 X273.247 Y132.225 E27.06787 ; perimeter
G1 Z20.255 X275.617 Y136.587 E26.86429 ; perimeter
G1 Z20.276 X279.119 Y144.238 E45.53786 ; perimeter
G1 Z20.288 X280.857 Y148.888 E26.86564 ; perimeter
G1 Z20.301 X282.350 Y153.622 E26.86386 ; perimeter
G1 Z20.322 X284.314 Y161.804 E45.53799 ; perimeter
G1 Z20.334 X285.133 Y166.700 E26.86483 ; perimeter
G1 Z20.347 X285.695 Y171.632 E26.86422 ; perimeter
G1 Z20.368 X286.061 Y180.039 E45.54057 ; perimeter
G1 Z20.380 X285.895 Y184.999 E26.86042 ; perimeter
G1 Z20.393 X285.528 Y189.988 E27.06887 ; perimeter
G1 Z20.405 X284.875 Y194.947 E27.07137 ; perimeter
G1 Z20.417 X283.960 Y199.825 E26.85822 ; perimeter
G1 Z20.438 X281.865 Y207.974 E45.53635 ; perimeter
G1 Z20.451 X280.290 Y212.681 E26.86415 ; perimeter
G1 Z20.463 X278.457 Y217.336 E27.07423 ; perimeter
G1 Z20.476 X276.383 Y221.887 E27.06854 ; perimeter
G1 Z20.488 X274.092 Y226.290 E26.86108 ; perimeter
G1 Z20.509 X269.703 Y233.470 E45.53997 ; perimeter
G1 Z20.522 X266.820 Y237.511 E26.86484 ; perimeter
G1 Z20.534 X263.730 Y241.396 E26.86463 ; perimeter
G1 Z20.555 X258.071 Y247.572 E45.33337 ; perimeter
G1 Z20.576 X251.896 Y253.230 E45.32555 ; perimeter
G1 Z20.588 X248.011 Y256.320 E26.86468 ; perimeter
G1 Z20.601 X243.970 Y259.203 E26.86478 ; perimeter
G1 Z20.622 X236.795 Y263.600 E45.54179 ; perimeter
G1 Z20.634 X232.392 Y265.892 E26.86379 ; perimeter
G1 Z20.647 X227.840 Y267.966 E27.07150 ; perimeter
G1 Z20.659 X223.185 Y269.800 E27.07713 ; perimeter
G1 Z20.672 X218.440 Y271.388 E27.07939 ; perimeter
G1 Z20.684 X213.619 Y272.725 E27.07560 ; perimeter
G1 Z20.697 X208.773 Y273.799 E26.86236 ; perimeter
G1 Z20.718 X200.450 Y275.043 E45.54368 ; perimeter
G1 Z20.730 X195.501 Y275.432 E26.86603 ; perimeter
G1 Z20.743 X190.500 Y275.563 E27.07420 ; perimeter
G1 Z20.755 X185.499 Y275.432 E27.07420 ; perimeter
G1 Z20.768 X180.511 Y275.040 E27.07779 ; perimeter
G1 Z20.780 X175.551 Y274.387 E27.07466 ; perimeter
G1 Z20.793 X170.631 Y273.475 E27.08014 ; perimeter
G1 Z20.805 X165.766 Y272.307 E27.07706 ; perimeter
G1 Z20.817 X161.007 Y270.897 E26.86189 ; perimeter
G1 Z20.838 X153.125 Y267.950 E45.54066 ; perimeter
G1 Z20.851 X148.608 Y265.892 E26.86323 ; perimeter
G1 Z20.863 X144.205 Y263.600 E26.86386 ; perimeter
G1 Z20.884 X137.030 Y259.203 E45.54172 ; perimeter
G1 Z20.897 X132.989 Y256.320 E26.86471 ; perimeter
G1 Z20.909 X129.104 Y253.230 E26.86469 ; perimeter
G1 Z20.930 X122.929 Y247.572 E45.32562 ; perimeter
G1 Z20.951 X117.270 Y241.396 E45.33322 ; perimeter
G1 Z20.963 X114.180 Y237.511 E26.86460 ; perimeter
G1 Z20.976 X111.274 Y233.438 E27.07804 ; perimeter
G1 Z20.988 X108.587 Y229.219 E27.07310 ; perimeter
G1 Z21.000 X106.290 Y225.161 E25.23289 ; perimeter
;LAYER_CHANGE
;Z:22.5
;HEIGHT:1.5
G1 Z21.000 F960 ; simple layer change
G1 F2400
G1 Z21.009 X104.692 Y221.852 E19.88656 ; perimeter
G1 Z21.022 X102.561 Y217.370 E26.85955 ; perimeter
G1 Z21.043 X99.628 Y209.485 E45.53021 ; perimeter
G1 Z21.055 X98.220 Y204.727 E26.85410 ; perimeter
G1 Z21.068 X97.052 Y199.863 E27.06931 ; perimeter
G1 Z21.080 X96.140 Y194.944 E27.07230 ; perimeter
G1 Z21.093 X95.488 Y189.986 E27.06686 ; perimeter
G1 Z21.105 X95.151 Y184.997 E27.05853 ; perimeter
G1 Z21.117 X94.941 Y180.042 E26.84268 ; perimeter
G1 Z21.139 X95.328 Y171.423 E46.68973 ; perimeter
G1 Z21.151 X95.867 Y166.702 E25.71675 ; perimeter
G1 Z21.163 X96.692 Y161.766 E27.08439 ; perimeter
G1 Z21.176 X97.775 Y156.881 E27.07904 ; perimeter
G1 Z21.188 X99.112 Y152.060 E27.07552 ; perimeter
G1 Z21.201 X100.700 Y147.315 E27.07939 ; perimeter
G1 Z21.213 X102.518 Y142.700 E26.84395 ; perimeter
G1 Z21.235 X106.260 Y134.926 E46.69058 ; perimeter
G1 Z21.247 X108.649 Y130.822 E25.70019 ; perimeter
G1 Z21.259 X111.254 Y126.598 E26.85748 ; perimeter
G1 Z21.281 X116.393 Y119.669 E46.68873 ; perimeter
G1 Z21.293 X119.482 Y116.057 E25.72070 ; perimeter
G1 Z21.305 X122.927 Y112.427 E27.08383 ; perimeter
G1 Z21.318 X126.556 Y108.983 E27.07618 ; perimeter
G1 Z21.330 X130.360 Y105.733 E27.07732 ; perimeter
G1 Z21.343 X134.329 Y102.688 E27.07298 ; perimeter
G1 Z21.355 X138.452 Y99.854 E27.07610 ; perimeter
G1 Z21.368 X142.718 Y97.240 E27.07668 ; perimeter
G1 Z21.380 X147.081 Y94.871 E26.86829 ; perimeter
G1 Z21.401 X154.738 Y91.381 E45.54035 ; perimeter
G1 Z21.413 X159.388 Y89.643 E26.86568 ; perimeter
G1 Z21.426 X164.122 Y88.150 E26.86385 ; perimeter
G1 Z21.447 X172.304 Y86.186 E45.53800 ; perimeter
G1 Z21.459 X177.200 Y85.367 E26.86484 ; perimeter
G1 Z21.472 X182.129 Y84.805 E26.84808 ; perimeter
G1 Z21.493 X190.749 Y84.440 E46.69247 ; perimeter
G1 Z21.505 X195.500 Y84.568 E25.72133 ; perimeter
G1 Z21.518 X200.489 Y84.960 E27.08327 ; perimeter
G1 Z21.530 X205.449 Y85.613 E27.07458 ; perimeter
G1 Z21.543 X210.369 Y86.525 E27.08014 ; perimeter
G1 Z21.555 X215.234 Y87.693 E27.07706 ; perimeter
G1 Z21.567 X219.993 Y89.103 E26.86181 ; perimeter
G1 Z21.588 X227.875 Y92.050 E45.54074 ; perimeter
G1 Z21.601 X232.392 Y94.108 E26.86323 ; perimeter
G1 Z21.613 X236.795 Y96.400 E26.86379 ; perimeter
G1 Z21.634 X243.970 Y100.797 E45.54179 ; perimeter
G1 Z21.647 X248.011 Y103.680 E26.86468 ; perimeter
G1 Z21.659 X251.896 Y106.770 E26.86469 ; perimeter
G1 Z21.680 X258.072 Y112.429 E45.33327 ; perimeter
G1 Z21.701 X263.719 Y118.613 E45.32312 ; perimeter
G1 Z21.713 X266.808 Y122.498 E26.86044 ; perimeter
G1 Z21.726 X269.713 Y126.571 E27.07380 ; perimeter
G1 Z21.738 X272.401 Y130.789 E27.06886 ; perimeter
G1 Z21.751 X274.864 Y135.143 E27.07279 ; perimeter
G1 Z21.763 X277.070 Y139.631 E27.06498 ; perimeter
G1 Z21.776 X279.104 Y144.202 E27.07273 ; perimeter
G1 Z21.788 X280.857 Y148.888 E27.07920 ; perimeter
G1 Z21.801 X282.350 Y153.622 E26.86386 ; perimeter
G1 Z21.822 X284.314 Y161.804 E45.53799 ; perimeter
G1 Z21.834 X285.133 Y166.700 E26.86483 ; perimeter
G1 Z21.847 X285.695 Y171.632 E26.86422 ; perimeter
G1 Z21.868 X286.061 Y180.000 E45.33009 ; perimeter
G1 Z21.888 X285.684 Y188.367 E45.32790 ; perimeter
G1 Z21.901 X285.122 Y193.299 E26.86097 ; perimeter
G1 Z21.913 X284.303 Y198.194 E26.86165 ; perimeter
G1 Z21.934 X282.328 Y206.372 E45.53265 ; perimeter
G1 Z21.947 X280.847 Y211.109 E26.85658 ; perimeter
G1 Z21.959 X279.095 Y215.795 E27.07675 ; perimeter
G1 Z21.972 X277.101 Y220.383 E27.07259 ; perimeter
G1 Z21.984 X274.868 Y224.859 E27.07275 ; perimeter
G1 Z21.997 X272.388 Y229.203 E27.06960 ; perimeter
G1 Z22.009 X269.725 Y233.438 E27.07095 ; perimeter
G1 Z22.022 X266.820 Y237.511 E27.07765 ; perimeter
G1 Z22.034 X263.730 Y241.396 E26.86469 ; perimeter
G1 Z22.055 X258.072 Y247.572 E45.32961 ; perimeter
G1 Z22.076 X251.896 Y253.230 E45.32950 ; perimeter
G1 Z22.088 X248.011 Y256.320 E26.86469 ; perimeter
G1 Z22.101 X243.970 Y259.203 E26.86471 ; perimeter
G1 Z22.122 X236.795 Y263.600 E45.54179 ; perimeter
G1 Z22.134 X232.392 Y265.892 E26.86379 ; perimeter
G1 Z22.147 X227.840 Y267.966 E27.07150 ; perimeter
G1 Z22.159 X223.185 Y269.800 E27.07713 ; perimeter
G1 Z22.172 X218.440 Y271.388 E27.07939 ; perimeter
G1 Z22.184 X213.619 Y272.725 E27.07552 ; perimeter
G1 Z22.197 X208.773 Y273.799 E26.86236 ; perimeter
G1 Z22.218 X200.450 Y275.043 E45.54368 ; perimeter
G1 Z22.230 X195.501 Y275.432 E26.86611 ; perimeter
G1 Z22.243 X190.500 Y275.563 E27.07420 ; perimeter
G1 Z22.255 X185.499 Y275.432 E27.07420 ; perimeter
G1 Z22.268 X180.511 Y275.040 E27.07771 ; perimeter
G1 Z22.280 X175.551 Y274.387 E27.07474 ; perimeter
G1 Z22.293 X170.631 Y273.475 E27.08014 ; perimeter
G1 Z22.305 X165.766 Y272.307 E27.07706 ; perimeter
G1 Z22.317 X161.007 Y270.897 E26.86189 ; perimeter
G1 Z22.338 X153.125 Y267.950 E45.54066 ; perimeter
G1 Z22.351 X148.608 Y265.892 E26.86323 ; perimeter
G1 Z22.363 X144.205 Y263.600 E26.86379 ; perimeter
G1 Z22.384 X137.030 Y259.203 E45.54179 ; perimeter
G1 Z22.397 X132.989 Y256.320 E26.86471 ; perimeter
G1 Z22.409 X129.104 Y253.230 E26.86469 ; perimeter
G1 Z22.430 X122.929 Y247.572 E45.32562 ; perimeter
G1 Z22.451 X117.270 Y241.396 E45.33327 ; perimeter
G1 Z22.463 X114.180 Y237.511 E26.86469 ; perimeter
G1 Z22.476 X111.297 Y233.470 E26.86471 ; perimeter
G1 Z22.497 X106.900 Y226.295 E45.54178 ; perimeter
G1 Z22.500 X106.306 Y225.153 E6.96643 ; perimeter
;LAYER_CHANGE
;Z:24
;HEIGHT:1.5
G1 Z22.500 F960 ; simple layer change
G1 F2400
G1 Z22.522 X102.444 Y217.092 E48.37337 ; perimeter
G1 Z22.534 X100.783 Y212.655 E25.63956 ; perimeter
G1 Z22.547 X99.140 Y207.932 E27.06434 ; perimeter
G1 Z22.559 X97.802 Y203.112 E27.06750 ; perimeter
G1 Z22.572 X96.720 Y198.229 E27.07099 ; perimeter
G1 Z22.584 X95.894 Y193.296 E27.06537 ; perimeter
G1 Z22.597 X95.331 Y188.366 E26.85672 ; perimeter
G1 Z22.618 X94.940 Y180.003 E45.30914 ; perimeter
G1 Z22.639 X95.327 Y171.409 E46.55661 ; perimeter
G1 Z22.651 X95.866 Y166.702 E25.64089 ; perimeter
G1 Z22.663 X96.692 Y161.766 E27.08451 ; perimeter
G1 Z22.676 X97.775 Y156.881 E27.07904 ; perimeter
G1 Z22.688 X99.112 Y152.060 E27.07552 ; perimeter
G1 Z22.701 X100.700 Y147.315 E27.07938 ; perimeter
G1 Z22.713 X102.518 Y142.700 E26.84398 ; perimeter
G1 Z22.735 X106.249 Y134.905 E46.76919 ; perimeter
G1 Z22.747 X108.585 Y130.783 E25.64104 ; perimeter
G1 Z22.759 X111.252 Y126.597 E26.86153 ; perimeter
G1 Z22.781 X116.401 Y119.657 E46.76691 ; perimeter
G1 Z22.793 X119.481 Y116.057 E25.64033 ; perimeter
G1 Z22.805 X122.927 Y112.427 E27.08735 ; perimeter
G1 Z22.818 X126.556 Y108.983 E27.07615 ; perimeter
G1 Z22.830 X130.360 Y105.733 E27.07731 ; perimeter
G1 Z22.843 X134.329 Y102.688 E27.07302 ; perimeter
G1 Z22.855 X138.452 Y99.854 E27.07610 ; perimeter
G1 Z22.868 X142.718 Y97.240 E27.07668 ; perimeter
G1 Z22.880 X147.081 Y94.871 E26.86829 ; perimeter
G1 Z22.901 X154.738 Y91.381 E45.54035 ; perimeter
G1 Z22.913 X159.388 Y89.643 E26.86567 ; perimeter
G1 Z22.926 X164.122 Y88.150 E26.86387 ; perimeter
G1 Z22.947 X172.304 Y86.186 E45.53799 ; perimeter
G1 Z22.959 X177.200 Y85.367 E26.86483 ; perimeter
G1 Z22.972 X182.129 Y84.805 E26.84809 ; perimeter
G1 Z22.993 X190.763 Y84.440 E46.76794 ; perimeter
G1 Z23.005 X195.500 Y84.568 E25.64558 ; perimeter
G1 Z23.018 X200.489 Y84.960 E27.08327 ; perimeter
G1 Z23.030 X205.449 Y85.613 E27.07458 ; perimeter
G1 Z23.043 X210.369 Y86.525 E27.08006 ; perimeter
G1 Z23.055 X215.234 Y87.693 E27.07706 ; perimeter
G1 Z23.067 X219.993 Y89.103 E26.86189 ; perimeter
G1 Z23.088 X227.875 Y92.050 E45.54074 ; perimeter
G1 Z23.101 X232.392 Y94.108 E26.86323 ; perimeter
G1 Z23.113 X236.795 Y96.400 E26.86372 ; perimeter
G1 Z23.134 X243.970 Y100.797 E45.54186 ; perimeter
G1 Z23.147 X248.011 Y103.680 E26.86471 ; perimeter
G1 Z23.159 X251.896 Y106.770 E26.86466 ; perimeter
G1 Z23.180 X258.072 Y112.428 E45.32963 ; perimeter
G1 Z23.201 X263.730 Y118.604 E45.32942 ; perimeter
G1 Z23.213 X266.820 Y122.489 E26.86469 ; perimeter
G1 Z23.226 X269.726 Y126.562 E27.07799 ; perimeter
G1 Z23.238 X272.414 Y130.781 E27.07319 ; perimeter
G1 Z23.251 X274.877 Y135.136 E27.07703 ; perimeter
G1 Z23.263 X277.110 Y139.613 E27.07563 ; perimeter
G1 Z23.276 X279.105 Y144.201 E27.07561 ; perimeter
G1 Z23.288 X280.857 Y148.888 E27.07977 ; perimeter
G1 Z23.301 X282.350 Y153.622 E26.86386 ; perimeter
G1 Z23.322 X284.314 Y161.804 E45.53799 ; perimeter
G1 Z23.334 X285.133 Y166.700 E26.86483 ; perimeter
G1 Z23.347 X285.695 Y171.632 E26.86422 ; perimeter
G1 Z23.368 X286.061 Y180.000 E45.33008 ; perimeter
G1 Z23.388 X285.695 Y188.368 E45.33008 ; perimeter
G1 Z23.401 X285.133 Y193.300 E26.86422 ; perimeter
G1 Z23.413 X284.314 Y198.196 E26.86483 ; perimeter
G1 Z23.434 X282.350 Y206.378 E45.53807 ; perimeter
G1 Z23.447 X280.857 Y211.112 E26.86378 ; perimeter
G1 Z23.459 X279.105 Y215.799 E27.07985 ; perimeter
G1 Z23.472 X277.110 Y220.387 E27.07553 ; perimeter
G1 Z23.484 X274.877 Y224.864 E27.07563 ; perimeter
G1 Z23.497 X272.414 Y229.219 E27.07703 ; perimeter
G1 Z23.509 X269.726 Y233.438 E27.07319 ; perimeter
G1 Z23.522 X266.820 Y237.511 E27.07792 ; perimeter
G1 Z23.534 X263.730 Y241.396 E26.86476 ; perimeter
G1 Z23.555 X258.072 Y247.572 E45.32955 ; perimeter
G1 Z23.576 X251.896 Y253.230 E45.32961 ; perimeter
G1 Z23.588 X248.011 Y256.320 E26.86481 ; perimeter
G1 Z23.601 X243.970 Y259.203 E26.86464 ; perimeter
G1 Z23.622 X236.795 Y263.600 E45.54179 ; perimeter
G1 Z23.634 X232.392 Y265.892 E26.86379 ; perimeter
G1 Z23.647 X227.840 Y267.966 E27.07150 ; perimeter
G1 Z23.659 X223.185 Y269.800 E27.07713 ; perimeter
G1 Z23.672 X218.440 Y271.388 E27.07939 ; perimeter
G1 Z23.684 X213.619 Y272.725 E27.07552 ; perimeter
G1 Z23.697 X208.773 Y273.799 E26.86244 ; perimeter
G1 Z23.718 X200.450 Y275.043 E45.54360 ; perimeter
G1 Z23.730 X195.501 Y275.432 E26.86611 ; perimeter
G1 Z23.743 X190.500 Y275.563 E27.07420 ; perimeter
G1 Z23.755 X185.499 Y275.432 E27.07420 ; perimeter
G1 Z23.768 X180.511 Y275.040 E27.07779 ; perimeter
G1 Z23.780 X175.551 Y274.387 E27.07466 ; perimeter
G1 Z23.793 X170.631 Y273.475 E27.08014 ; perimeter
G1 Z23.805 X165.766 Y272.307 E27.07706 ; perimeter
G1 Z23.817 X161.007 Y270.897 E26.86189 ; perimeter
G1 Z23.838 X153.125 Y267.950 E45.54066 ; perimeter
G1 Z23.851 X148.608 Y265.892 E26.86323 ; perimeter
G1 Z23.863 X144.205 Y263.600 E26.86379 ; perimeter
G1 Z23.884 X137.030 Y259.203 E45.54179 ; perimeter
G1 Z23.897 X132.989 Y256.320 E26.86471 ; perimeter
G1 Z23.909 X129.104 Y253.230 E26.86469 ; perimeter
G1 Z23.930 X122.929 Y247.572 E45.32562 ; perimeter
G1 Z23.951 X117.270 Y241.396 E45.33327 ; perimeter
G1 Z23.963 X114.180 Y237.511 E26.86469 ; perimeter
G1 Z23.976 X111.274 Y233.438 E27.07798 ; perimeter
G1 Z23.988 X108.587 Y229.219 E27.07313 ; perimeter
G1 Z24.000 X106.291 Y225.161 E25.23022 ; perimeter
;LAYER_CHANGE
;Z:25.5
;HEIGHT:1.5
G1 Z24.000 F960 ; simple layer change
G1 F2400
G1 Z24.009 X104.693 Y221.852 E19.88885 ; perimeter
G1 Z24.022 X102.563 Y217.369 E26.85965 ; perimeter
G1 Z24.043 X99.628 Y209.485 E45.52932 ; perimeter
G1 Z24.055 X98.220 Y204.727 E26.85420 ; perimeter
G1 Z24.068 X97.052 Y199.863 E27.06921 ; perimeter
G1 Z24.080 X96.140 Y194.944 E27.07246 ; perimeter
G1 Z24.093 X95.488 Y189.986 E27.06677 ; perimeter
G1 Z24.105 X95.152 Y184.997 E27.05842 ; perimeter
G1 Z24.117 X94.941 Y180.039 E26.85898 ; perimeter
G1 Z24.138 X95.315 Y171.632 E45.53962 ; perimeter
G1 Z24.151 X95.866 Y166.700 E26.86071 ; perimeter
G1 Z24.163 X96.692 Y161.766 E27.07305 ; perimeter
G1 Z24.176 X97.775 Y156.881 E27.07898 ; perimeter
G1 Z24.188 X99.112 Y152.060 E27.07559 ; perimeter
G1 Z24.201 X100.700 Y147.315 E27.07939 ; perimeter
G1 Z24.213 X102.536 Y142.661 E27.07617 ; perimeter
G1 Z24.226 X104.683 Y138.144 E27.06683 ; perimeter
G1 Z24.238 X106.919 Y133.715 E26.84672 ; perimeter
G1 Z24.259 X111.275 Y126.566 E45.30964 ; perimeter
G1 Z24.281 X116.411 Y119.646 E46.63836 ; perimeter
G1 Z24.293 X119.481 Y116.057 E25.55988 ; perimeter
G1 Z24.305 X122.927 Y112.427 E27.08753 ; perimeter
G1 Z24.318 X126.556 Y108.983 E27.07615 ; perimeter
G1 Z24.330 X130.360 Y105.733 E27.07731 ; perimeter
G1 Z24.343 X134.329 Y102.688 E27.07302 ; perimeter
G1 Z24.355 X138.452 Y99.854 E27.07612 ; perimeter
G1 Z24.368 X142.718 Y97.240 E27.07666 ; perimeter
G1 Z24.380 X147.081 Y94.871 E26.86829 ; perimeter
G1 Z24.401 X154.738 Y91.381 E45.54037 ; perimeter
G1 Z24.413 X159.388 Y89.643 E26.86567 ; perimeter
G1 Z24.426 X164.122 Y88.150 E26.86386 ; perimeter
G1 Z24.447 X172.304 Y86.186 E45.53799 ; perimeter
G1 Z24.459 X177.200 Y85.367 E26.86491 ; perimeter
G1 Z24.472 X182.129 Y84.805 E26.84800 ; perimeter
G1 Z24.493 X190.778 Y84.440 E46.84904 ; perimeter
G1 Z24.505 X195.499 Y84.568 E25.55901 ; perimeter
G1 Z24.518 X200.489 Y84.960 E27.08850 ; perimeter
G1 Z24.530 X205.449 Y85.613 E27.07475 ; perimeter
G1 Z24.543 X210.369 Y86.525 E27.08022 ; perimeter
G1 Z24.555 X215.234 Y87.693 E27.07690 ; perimeter
G1 Z24.567 X219.993 Y89.103 E26.86205 ; perimeter
G1 Z24.588 X227.875 Y92.050 E45.54058 ; perimeter
G1 Z24.601 X232.392 Y94.108 E26.86323 ; perimeter
G1 Z24.613 X236.795 Y96.400 E26.86372 ; perimeter
G1 Z24.634 X243.970 Y100.797 E45.54179 ; perimeter
G1 Z24.647 X248.011 Y103.680 E26.86468 ; perimeter
G1 Z24.659 X251.896 Y106.770 E26.86478 ; perimeter
G1 Z24.680 X258.100 Y112.456 E45.54320 ; perimeter
G1 Z24.693 X261.482 Y116.089 E26.85877 ; perimeter
G1 Z24.705 X264.755 Y119.870 E27.06588 ; perimeter
G1 Z24.718 X267.800 Y123.838 E27.06866 ; perimeter
G1 Z24.730 X270.634 Y127.961 E27.07631 ; perimeter
G1 Z24.743 X273.247 Y132.225 E27.06787 ; perimeter
G1 Z24.755 X275.617 Y136.587 E26.86436 ; perimeter
G1 Z24.776 X279.119 Y144.238 E45.53779 ; perimeter
G1 Z24.788 X280.857 Y148.888 E26.86564 ; perimeter
G1 Z24.801 X282.350 Y153.622 E26.86386 ; perimeter
G1 Z24.822 X284.314 Y161.804 E45.53799 ; perimeter
G1 Z24.834 X285.133 Y166.700 E26.86483 ; perimeter
G1 Z24.847 X285.695 Y171.632 E26.86422 ; perimeter
G1 Z24.868 X286.061 Y180.000 E45.33008 ; perimeter
G1 Z24.888 X285.695 Y188.368 E45.33008 ; perimeter
G1 Z24.901 X285.133 Y193.300 E26.86422 ; perimeter
G1 Z24.913 X284.314 Y198.196 E26.86483 ; perimeter
G1 Z24.934 X282.350 Y206.378 E45.53799 ; perimeter
G1 Z24.947 X280.857 Y211.112 E26.86386 ; perimeter
G1 Z24.959 X279.105 Y215.799 E27.07969 ; perimeter
G1 Z24.972 X277.110 Y220.387 E27.07568 ; perimeter
G1 Z24.984 X274.877 Y224.864 E27.07571 ; perimeter
G1 Z24.997 X272.414 Y229.219 E27.07696 ; perimeter
G1 Z25.009 X269.726 Y233.438 E27.07319 ; perimeter
G1 Z25.022 X266.820 Y237.511 E27.07792 ; perimeter
G1 Z25.034 X263.730 Y241.396 E26.86476 ; perimeter
G1 Z25.055 X258.072 Y247.571 E45.32561 ; perimeter
G1 Z25.076 X251.896 Y253.230 E45.33338 ; perimeter
G1 Z25.088 X248.011 Y256.320 E26.86469 ; perimeter
G1 Z25.101 X243.970 Y259.203 E26.86471 ; perimeter
G1 Z25.122 X236.795 Y263.600 E45.54172 ; perimeter
G1 Z25.134 X232.392 Y265.892 E26.86386 ; perimeter
G1 Z25.147 X227.840 Y267.966 E27.07150 ; perimeter
G1 Z25.159 X223.185 Y269.800 E27.07713 ; perimeter
G1 Z25.172 X218.440 Y271.388 E27.07939 ; perimeter
G1 Z25.184 X213.619 Y272.725 E27.07552 ; perimeter
G1 Z25.197 X208.773 Y273.799 E26.86244 ; perimeter
G1 Z25.218 X200.450 Y275.043 E45.54352 ; perimeter
G1 Z25.230 X195.501 Y275.432 E26.86619 ; perimeter
G1 Z25.243 X190.500 Y275.563 E27.07420 ; perimeter
G1 Z25.255 X185.499 Y275.432 E27.07420 ; perimeter
G1 Z25.268 X180.511 Y275.040 E27.07779 ; perimeter
G1 Z25.280 X175.551 Y274.387 E27.07466 ; perimeter
G1 Z25.293 X170.631 Y273.475 E27.08014 ; perimeter
G1 Z25.305 X165.766 Y272.307 E27.07706 ; perimeter
G1 Z25.317 X161.007 Y270.897 E26.86189 ; perimeter
G1 Z25.338 X153.125 Y267.950 E45.54066 ; perimeter
G1 Z25.351 X148.608 Y265.892 E26.86323 ; perimeter
G1 Z25.363 X144.205 Y263.600 E26.86379 ; perimeter
G1 Z25.384 X137.030 Y259.203 E45.54179 ; perimeter
G1 Z25.397 X132.989 Y256.320 E26.86471 ; perimeter
G1 Z25.409 X129.104 Y253.230 E26.86469 ; perimeter
G1 Z25.430 X122.928 Y247.571 E45.33327 ; perimeter
G1 Z25.451 X117.270 Y241.396 E45.32562 ; perimeter
G1 Z25.463 X114.180 Y237.511 E26.86469 ; perimeter
G1 Z25.476 X111.297 Y233.470 E26.86471 ; perimeter
G1 Z25.497 X106.900 Y226.295 E45.54178 ; perimeter
G1 Z25.500 X106.306 Y225.153 E6.96643 ; perimeter
;LAYER_CHANGE
;Z:27
;HEIGHT:1.5
G1 Z25.500 F960 ; simple layer change
G1 F2400
G1 Z25.509 X104.608 Y221.892 E19.89735 ; perimeter
G1 Z25.522 X102.550 Y217.375 E26.86323 ; perimeter
G1 Z25.543 X99.603 Y209.493 E45.54075 ; perimeter
G1 Z25.555 X98.193 Y204.734 E26.86179 ; perimeter
G1 Z25.568 X97.025 Y199.869 E27.07707 ; perimeter
G1 Z25.580 X96.113 Y194.949 E27.08014 ; perimeter
G1 Z25.593 X95.460 Y189.989 E27.07467 ; perimeter
G1 Z25.605 X95.068 Y185.001 E27.07779 ; perimeter
G1 Z25.617 X94.938 Y180.039 E26.86306 ; perimeter
G1 Z25.638 X95.305 Y171.632 E45.54117 ; perimeter
G1 Z25.651 X95.867 Y166.700 E26.86414 ; perimeter
G1 Z25.663 X96.692 Y161.766 E27.07310 ; perimeter
G1 Z25.676 X97.775 Y156.881 E27.07896 ; perimeter
G1 Z25.688 X99.112 Y152.060 E27.07560 ; perimeter
G1 Z25.701 X100.700 Y147.315 E27.07938 ; perimeter
G1 Z25.713 X102.518 Y142.700 E26.84403 ; perimeter
G1 Z25.735 X106.280 Y134.888 E46.92528 ; perimeter
G1 Z25.747 X108.649 Y130.822 E25.46541 ; perimeter
G1 Z25.759 X111.254 Y126.599 E26.85293 ; perimeter
G1 Z25.781 X116.420 Y119.635 E46.92698 ; perimeter
G1 Z25.793 X119.481 Y116.057 E25.48304 ; perimeter
G1 Z25.805 X122.927 Y112.427 E27.08756 ; perimeter
G1 Z25.818 X126.556 Y108.983 E27.07612 ; perimeter
G1 Z25.830 X130.360 Y105.733 E27.07731 ; perimeter
G1 Z25.843 X134.329 Y102.688 E27.07302 ; perimeter
G1 Z25.855 X138.452 Y99.854 E27.07610 ; perimeter
G1 Z25.868 X142.718 Y97.240 E27.07668 ; perimeter
G1 Z25.880 X147.081 Y94.871 E26.86829 ; perimeter
G1 Z25.901 X154.738 Y91.381 E45.54035 ; perimeter
G1 Z25.913 X159.388 Y89.643 E26.86568 ; perimeter
G1 Z25.926 X164.122 Y88.150 E26.86393 ; perimeter
G1 Z25.947 X172.304 Y86.186 E45.53793 ; perimeter
G1 Z25.959 X177.200 Y85.367 E26.86475 ; perimeter
G1 Z25.972 X182.129 Y84.805 E26.84817 ; perimeter
G1 Z25.993 X190.792 Y84.440 E46.92483 ; perimeter
G1 Z26.005 X195.499 Y84.568 E25.48319 ; perimeter
G1 Z26.018 X200.489 Y84.960 E27.08858 ; perimeter
G1 Z26.030 X205.449 Y85.613 E27.07466 ; perimeter
G1 Z26.043 X210.369 Y86.525 E27.08014 ; perimeter
G1 Z26.055 X215.234 Y87.693 E27.07715 ; perimeter
G1 Z26.067 X219.993 Y89.103 E26.86188 ; perimeter
G1 Z26.088 X227.875 Y92.050 E45.54066 ; perimeter
G1 Z26.101 X232.392 Y94.108 E26.86315 ; perimeter
G1 Z26.113 X236.795 Y96.400 E26.86379 ; perimeter
G1 Z26.134 X243.970 Y100.797 E45.54179 ; perimeter
G1 Z26.147 X248.011 Y103.680 E26.86478 ; perimeter
G1 Z26.159 X251.896 Y106.770 E26.86460 ; perimeter
G1 Z26.180 X258.072 Y112.428 E45.32957 ; perimeter
G1 Z26.201 X263.719 Y118.613 E45.32696 ; perimeter
G1 Z26.213 X266.808 Y122.498 E26.86044 ; perimeter
G1 Z26.226 X269.713 Y126.571 E27.07380 ; perimeter
G1 Z26.238 X272.401 Y130.789 E27.06886 ; perimeter
G1 Z26.251 X274.864 Y135.143 E27.07279 ; perimeter
G1 Z26.263 X277.070 Y139.631 E27.06505 ; perimeter
G1 Z26.276 X279.104 Y144.202 E27.07265 ; perimeter
G1 Z26.288 X280.857 Y148.888 E27.07920 ; perimeter
G1 Z26.301 X282.350 Y153.622 E26.86386 ; perimeter
G1 Z26.322 X284.314 Y161.804 E45.53799 ; perimeter
G1 Z26.334 X285.133 Y166.700 E26.86483 ; perimeter
G1 Z26.347 X285.695 Y171.632 E26.86422 ; perimeter
G1 Z26.368 X286.061 Y180.000 E45.33008 ; perimeter
G1 Z26.388 X285.695 Y188.368 E45.33008 ; perimeter
G1 Z26.401 X285.133 Y193.300 E26.86422 ; perimeter
G1 Z26.413 X284.314 Y198.196 E26.86483 ; perimeter
G1 Z26.434 X282.350 Y206.378 E45.53791 ; perimeter
G1 Z26.447 X280.857 Y211.112 E26.86394 ; perimeter
G1 Z26.459 X279.105 Y215.799 E27.07969 ; perimeter
G1 Z26.472 X277.110 Y220.387 E27.07568 ; perimeter
G1 Z26.484 X274.877 Y224.864 E27.07563 ; perimeter
G1 Z26.497 X272.414 Y229.219 E27.07703 ; perimeter
G1 Z26.509 X269.726 Y233.438 E27.07319 ; perimeter
G1 Z26.522 X266.820 Y237.511 E27.07806 ; perimeter
G1 Z26.534 X263.730 Y241.396 E26.86463 ; perimeter
G1 Z26.555 X258.072 Y247.572 E45.32950 ; perimeter
G1 Z26.576 X251.896 Y253.230 E45.32961 ; perimeter
G1 Z26.588 X248.011 Y256.320 E26.86469 ; perimeter
G1 Z26.601 X243.970 Y259.203 E26.86471 ; perimeter
G1 Z26.622 X236.795 Y263.600 E45.54179 ; perimeter
G1 Z26.634 X232.392 Y265.892 E26.86379 ; perimeter
G1 Z26.647 X227.840 Y267.966 E27.07150 ; perimeter
G1 Z26.659 X223.185 Y269.800 E27.07713 ; perimeter
G1 Z26.672 X218.440 Y271.388 E27.07939 ; perimeter
G1 Z26.684 X213.619 Y272.725 E27.07552 ; perimeter
G1 Z26.697 X208.773 Y273.799 E26.86244 ; perimeter
G1 Z26.718 X200.450 Y275.043 E45.54360 ; perimeter
G1 Z26.730 X195.501 Y275.432 E26.86611 ; perimeter
G1 Z26.743 X190.500 Y275.563 E27.07420 ; perimeter
G1 Z26.755 X185.499 Y275.432 E27.07420 ; perimeter
G1 Z26.768 X180.511 Y275.040 E27.07779 ; perimeter
G1 Z26.780 X175.551 Y274.387 E27.07466 ; perimeter
G1 Z26.793 X170.631 Y273.475 E27.08014 ; perimeter
G1 Z26.805 X165.766 Y272.307 E27.07706 ; perimeter
G1 Z26.817 X161.007 Y270.897 E26.86189 ; perimeter
G1 Z26.838 X153.125 Y267.950 E45.54066 ; perimeter
G1 Z26.851 X148.608 Y265.892 E26.86323 ; perimeter
G1 Z26.863 X144.205 Y263.600 E26.86379 ; perimeter
G1 Z26.884 X137.030 Y259.203 E45.54179 ; perimeter
G1 Z26.897 X132.989 Y256.320 E26.86471 ; perimeter
G1 Z26.909 X129.104 Y253.230 E26.86469 ; perimeter
G1 Z26.930 X122.931 Y247.574 E45.31036 ; perimeter
G1 Z26.952 X117.109 Y241.201 E46.71521 ; perimeter
G1 Z26.963 X114.181 Y237.513 E25.48452 ; perimeter
G1 Z26.976 X111.297 Y233.470 E26.87672 ; perimeter
G1 Z26.997 X106.900 Y226.295 E45.54179 ; perimeter
G1 Z27.000 X106.306 Y225.153 E6.96644 ; perimeter
;LAYER_CHANGE
;Z:28.5
;HEIGHT:1.5
G1 Z27.000 F960 ; simple layer change
G1 F2400
G1 Z27.009 X104.608 Y221.892 E19.89735 ; perimeter
G1 Z27.022 X102.550 Y217.375 E26.86314 ; perimeter
G1 Z27.043 X99.603 Y209.493 E45.54075 ; perimeter
G1 Z27.055 X98.193 Y204.734 E26.86189 ; perimeter
G1 Z27.068 X97.025 Y199.869 E27.07706 ; perimeter
G1 Z27.080 X96.113 Y194.949 E27.08014 ; perimeter
G1 Z27.093 X95.460 Y189.989 E27.07458 ; perimeter
G1 Z27.105 X95.068 Y185.001 E27.07787 ; perimeter
G1 Z27.118 X94.939 Y180.000 E27.07327 ; perimeter
G1 Z27.130 X95.150 Y175.003 E27.07017 ; perimeter
G1 Z27.142 X95.482 Y170.057 E26.82605 ; perimeter
G1 Z27.164 X96.758 Y161.466 E47.00340 ; perimeter
G1 Z27.176 X97.775 Y156.883 E25.40558 ; perimeter
G1 Z27.188 X99.112 Y152.060 E27.08600 ; perimeter
G1 Z27.201 X100.700 Y147.315 E27.07939 ; perimeter
G1 Z27.213 X102.536 Y142.661 E27.07619 ; perimeter
G1 Z27.226 X104.683 Y138.144 E27.06668 ; perimeter
G1 Z27.238 X106.918 Y133.715 E26.84681 ; perimeter
G1 Z27.259 X111.278 Y126.563 E45.32897 ; perimeter
G1 Z27.280 X116.268 Y119.836 E45.32882 ; perimeter
G1 Z27.293 X119.483 Y116.056 E26.85879 ; perimeter
G1 Z27.305 X122.927 Y112.427 E27.07612 ; perimeter
G1 Z27.318 X126.556 Y108.983 E27.07615 ; perimeter
G1 Z27.330 X130.360 Y105.733 E27.07725 ; perimeter
G1 Z27.343 X134.329 Y102.688 E27.07309 ; perimeter
G1 Z27.355 X138.452 Y99.854 E27.07610 ; perimeter
G1 Z27.368 X142.718 Y97.240 E27.07670 ; perimeter
G1 Z27.380 X147.081 Y94.871 E26.86827 ; perimeter
G1 Z27.401 X154.738 Y91.381 E45.54035 ; perimeter
G1 Z27.413 X159.388 Y89.643 E26.86569 ; perimeter
G1 Z27.426 X164.122 Y88.150 E26.86385 ; perimeter
G1 Z27.447 X172.304 Y86.186 E45.53791 ; perimeter
G1 Z27.459 X177.200 Y85.367 E26.86491 ; perimeter
G1 Z27.472 X182.128 Y84.805 E26.84274 ; perimeter
G1 Z27.493 X190.807 Y84.440 E47.01110 ; perimeter
G1 Z27.505 X195.499 Y84.568 E25.40221 ; perimeter
G1 Z27.518 X200.489 Y84.960 E27.08866 ; perimeter
G1 Z27.530 X205.449 Y85.613 E27.07458 ; perimeter
G1 Z27.543 X210.369 Y86.525 E27.08005 ; perimeter
G1 Z27.555 X215.234 Y87.693 E27.07715 ; perimeter
G1 Z27.567 X219.993 Y89.103 E26.86181 ; perimeter
G1 Z27.588 X227.875 Y92.050 E45.54074 ; perimeter
G1 Z27.601 X232.392 Y94.108 E26.86323 ; perimeter
G1 Z27.613 X236.795 Y96.400 E26.86370 ; perimeter
G1 Z27.634 X243.970 Y100.797 E45.54188 ; perimeter
G1 Z27.647 X248.011 Y103.680 E26.86471 ; perimeter
G1 Z27.659 X251.896 Y106.770 E26.86472 ; perimeter
G1 Z27.680 X258.072 Y112.429 E45.33342 ; perimeter
G1 Z27.701 X263.730 Y118.604 E45.32562 ; perimeter
G1 Z27.713 X266.820 Y122.489 E26.86469 ; perimeter
G1 Z27.726 X269.726 Y126.562 E27.07799 ; perimeter
G1 Z27.738 X272.414 Y130.781 E27.07319 ; perimeter
G1 Z27.751 X274.877 Y135.136 E27.07703 ; perimeter
G1 Z27.763 X277.110 Y139.613 E27.07563 ; perimeter
G1 Z27.776 X279.105 Y144.201 E27.07561 ; perimeter
G1 Z27.788 X280.857 Y148.888 E27.07977 ; perimeter
G1 Z27.801 X282.350 Y153.622 E26.86386 ; perimeter
G1 Z27.822 X284.314 Y161.804 E45.53799 ; perimeter
G1 Z27.834 X285.133 Y166.700 E26.86483 ; perimeter
G1 Z27.847 X285.695 Y171.632 E26.86422 ; perimeter
G1 Z27.868 X286.061 Y180.000 E45.33008 ; perimeter
G1 Z27.888 X285.695 Y188.368 E45.33008 ; perimeter
G1 Z27.901 X285.133 Y193.300 E26.86422 ; perimeter
G1 Z27.913 X284.314 Y198.196 E26.86483 ; perimeter
G1 Z27.934 X282.350 Y206.378 E45.53791 ; perimeter
G1 Z27.947 X280.857 Y211.112 E26.86394 ; perimeter
G1 Z27.959 X279.105 Y215.799 E27.07985 ; perimeter
G1 Z27.972 X277.110 Y220.387 E27.07553 ; perimeter
G1 Z27.984 X274.877 Y224.864 E27.07563 ; perimeter
G1 Z27.997 X272.414 Y229.219 E27.07703 ; perimeter
G1 Z28.009 X269.726 Y233.438 E27.07319 ; perimeter
G1 Z28.022 X266.820 Y237.511 E27.07806 ; perimeter
G1 Z28.034 X263.730 Y241.396 E26.86463 ; perimeter
G1 Z28.055 X258.072 Y247.571 E45.32561 ; perimeter
G1 Z28.076 X251.896 Y253.230 E45.33338 ; perimeter
G1 Z28.088 X248.011 Y256.320 E26.86469 ; perimeter
G1 Z28.101 X243.970 Y259.203 E26.86471 ; perimeter
G1 Z28.122 X236.795 Y263.600 E45.54172 ; perimeter
G1 Z28.134 X232.392 Y265.892 E26.86386 ; perimeter
G1 Z28.147 X227.840 Y267.966 E27.07150 ; perimeter
G1 Z28.159 X223.185 Y269.800 E27.07713 ; perimeter
G1 Z28.172 X218.440 Y271.388 E27.07939 ; perimeter
G1 Z28.184 X213.619 Y272.725 E27.07552 ; perimeter
G1 Z28.197 X208.773 Y273.799 E26.86236 ; perimeter
G1 Z28.218 X200.450 Y275.043 E45.54368 ; perimeter
G1 Z28.230 X195.501 Y275.432 E26.86611 ; perimeter
G1 Z28.243 X190.500 Y275.563 E27.07420 ; perimeter
G1 Z28.255 X185.499 Y275.432 E27.07420 ; perimeter
G1 Z28.268 X180.511 Y275.040 E27.07779 ; perimeter
G1 Z28.280 X175.551 Y274.387 E27.07466 ; perimeter
G1 Z28.293 X170.631 Y273.475 E27.08014 ; perimeter
G1 Z28.305 X165.766 Y272.307 E27.07706 ; perimeter
G1 Z28.317 X161.007 Y270.897 E26.86189 ; perimeter
G1 Z28.338 X153.125 Y267.950 E45.54066 ; perimeter
G1 Z28.351 X148.608 Y265.892 E26.86323 ; perimeter
G1 Z28.363 X144.205 Y263.600 E26.86379 ; perimeter
G1 Z28.384 X137.030 Y259.203 E45.54179 ; perimeter
G1 Z28.397 X132.989 Y256.320 E26.86471 ; perimeter
G1 Z28.409 X129.104 Y253.230 E26.86469 ; perimeter
G1 Z28.430 X122.929 Y247.572 E45.32562 ; perimeter
G1 Z28.451 X117.270 Y241.396 E45.33325 ; perimeter
G1 Z28.463 X114.180 Y237.511 E26.86458 ; perimeter
G1 Z28.476 X111.297 Y233.470 E26.86468 ; perimeter
G1 Z28.497 X106.900 Y226.295 E45.54179 ; perimeter
G1 Z28.500 X106.306 Y225.153 E6.96644 ; perimeter
;LAYER_CHANGE
;Z:30
;HEIGHT:1.5
G1 Z28.500 F960 ; simple layer change
G1 F2400
G1 Z28.522 X102.445 Y217.094 E48.36318 ; perimeter
G1 Z28.534 X100.783 Y212.656 E25.64274 ; perimeter
G1 Z28.547 X99.139 Y207.932 E27.07129 ; perimeter
G1 Z28.559 X97.802 Y203.112 E27.06742 ; perimeter
G1 Z28.572 X96.720 Y198.229 E27.07115 ; perimeter
G1 Z28.584 X95.894 Y193.296 E27.06521 ; perimeter
G1 Z28.597 X95.331 Y188.366 E26.85680 ; perimeter
G1 Z28.618 X94.938 Y179.961 E45.53656 ; perimeter
G1 Z28.630 X95.069 Y174.984 E26.94396 ; perimeter
G1 Z28.651 X95.951 Y166.715 E45.00605 ; perimeter
G1 Z28.663 X96.706 Y161.768 E27.08110 ; perimeter
G1 Z28.676 X97.775 Y156.881 E27.07368 ; perimeter
G1 Z28.688 X99.112 Y152.060 E27.07550 ; perimeter
G1 Z28.701 X100.700 Y147.315 E27.07939 ; perimeter
G1 Z28.713 X102.534 Y142.660 E27.07713 ; perimeter
G1 Z28.726 X104.615 Y138.094 E27.15614 ; perimeter
G1 Z28.747 X108.649 Y130.822 E45.00395 ; perimeter
G1 Z28.759 X111.276 Y126.563 E27.08124 ; perimeter
G1 Z28.772 X114.248 Y122.520 E27.15839 ; perimeter
G1 Z28.793 X119.482 Y116.057 E45.00331 ; perimeter
G1 Z28.805 X122.927 Y112.427 E27.08734 ; perimeter
G1 Z28.818 X126.556 Y108.983 E27.07615 ; perimeter
G1 Z28.830 X130.360 Y105.733 E27.07729 ; perimeter
G1 Z28.843 X134.329 Y102.688 E27.07307 ; perimeter
G1 Z28.855 X138.452 Y99.854 E27.07608 ; perimeter
G1 Z28.868 X142.718 Y97.240 E27.07670 ; perimeter
G1 Z28.880 X147.081 Y94.871 E26.86827 ; perimeter
G1 Z28.901 X154.738 Y91.381 E45.54035 ; perimeter
G1 Z28.913 X159.388 Y89.643 E26.86568 ; perimeter
G1 Z28.926 X164.122 Y88.150 E26.86393 ; perimeter
G1 Z28.947 X172.304 Y86.186 E45.53791 ; perimeter
G1 Z28.959 X177.200 Y85.367 E26.86484 ; perimeter
G1 Z28.972 X182.171 Y84.802 E27.07615 ; perimeter
G1 Z28.984 X187.183 Y84.561 E27.15441 ; perimeter
G1 Z29.005 X195.499 Y84.568 E45.00642 ; perimeter
G1 Z29.018 X200.489 Y84.960 E27.08866 ; perimeter
G1 Z29.030 X205.449 Y85.613 E27.07458 ; perimeter
G1 Z29.043 X210.369 Y86.525 E27.08014 ; perimeter
G1 Z29.055 X215.234 Y87.693 E27.07706 ; perimeter
G1 Z29.067 X219.993 Y89.103 E26.86189 ; perimeter
G1 Z29.088 X227.875 Y92.050 E45.54066 ; perimeter
G1 Z29.101 X232.392 Y94.108 E26.86323 ; perimeter
G1 Z29.113 X236.795 Y96.400 E26.86377 ; perimeter
G1 Z29.134 X243.970 Y100.797 E45.54181 ; perimeter
G1 Z29.147 X248.011 Y103.680 E26.86471 ; perimeter
G1 Z29.159 X251.896 Y106.770 E26.86469 ; perimeter
G1 Z29.180 X258.072 Y112.428 E45.32960 ; perimeter
G1 Z29.201 X263.730 Y118.604 E45.32928 ; perimeter
G1 Z29.213 X266.820 Y122.489 E26.86483 ; perimeter
G1 Z29.226 X269.726 Y126.562 E27.07799 ; perimeter
G1 Z29.238 X272.414 Y130.781 E27.07319 ; perimeter
G1 Z29.251 X274.877 Y135.136 E27.07703 ; perimeter
G1 Z29.263 X277.110 Y139.613 E27.07563 ; perimeter
G1 Z29.276 X279.105 Y144.201 E27.07561 ; perimeter
G1 Z29.288 X280.857 Y148.888 E27.07977 ; perimeter
G1 Z29.301 X282.350 Y153.622 E26.86386 ; perimeter
G1 Z29.322 X284.314 Y161.804 E45.53799 ; perimeter
G1 Z29.334 X285.133 Y166.700 E26.86483 ; perimeter
G1 Z29.347 X285.695 Y171.632 E26.86422 ; perimeter
G1 Z29.368 X286.061 Y180.000 E45.33008 ; perimeter
G1 Z29.388 X285.695 Y188.368 E45.33008 ; perimeter
G1 Z29.401 X285.133 Y193.300 E26.86422 ; perimeter
G1 Z29.413 X284.314 Y198.196 E26.86483 ; perimeter
G1 Z29.434 X282.350 Y206.378 E45.53807 ; perimeter
G1 Z29.447 X280.857 Y211.112 E26.86378 ; perimeter
G1 Z29.459 X279.105 Y215.799 E27.07985 ; perimeter
G1 Z29.472 X277.110 Y220.387 E27.07553 ; perimeter
G1 Z29.484 X274.877 Y224.864 E27.07563 ; perimeter
G1 Z29.497 X272.414 Y229.219 E27.07703 ; perimeter
G1 Z29.509 X269.726 Y233.438 E27.07319 ; perimeter
G1 Z29.522 X266.820 Y237.511 E27.07799 ; perimeter
G1 Z29.534 X263.730 Y241.396 E26.86469 ; perimeter
G1 Z29.555 X258.072 Y247.572 E45.32950 ; perimeter
G1 Z29.576 X251.896 Y253.230 E45.32961 ; perimeter
G1 Z29.588 X248.011 Y256.320 E26.86469 ; perimeter
G1 Z29.601 X243.970 Y259.203 E26.86471 ; perimeter
G1 Z29.622 X236.795 Y263.600 E45.54179 ; perimeter
G1 Z29.634 X232.392 Y265.892 E26.86379 ; perimeter
G1 Z29.647 X227.840 Y267.966 E27.07150 ; perimeter
G1 Z29.659 X223.185 Y269.800 E27.07713 ; perimeter
G1 Z29.672 X218.440 Y271.388 E27.07939 ; perimeter
G1 Z29.684 X213.619 Y272.725 E27.07552 ; perimeter
G1 Z29.697 X208.773 Y273.799 E26.86236 ; perimeter
G1 Z29.718 X200.450 Y275.043 E45.54376 ; perimeter
G1 Z29.730 X195.501 Y275.432 E26.86603 ; perimeter
G1 Z29.743 X190.500 Y275.563 E27.07420 ; perimeter
G1 Z29.755 X185.499 Y275.432 E27.07420 ; perimeter
G1 Z29.768 X180.511 Y275.040 E27.07779 ; perimeter
G1 Z29.780 X175.551 Y274.387 E27.07466 ; perimeter
G1 Z29.793 X170.631 Y273.475 E27.08014 ; perimeter
G1 Z29.805 X165.766 Y272.307 E27.07706 ; perimeter
G1 Z29.817 X161.007 Y270.897 E26.86189 ; perimeter
G1 Z29.838 X153.125 Y267.950 E45.54066 ; perimeter
G1 Z29.851 X148.608 Y265.892 E26.86323 ; perimeter
G1 Z29.863 X144.205 Y263.600 E26.86379 ; perimeter
G1 Z29.884 X137.030 Y259.203 E45.54179 ; perimeter
G1 Z29.897 X132.989 Y256.320 E26.86471 ; perimeter
G1 Z29.909 X129.104 Y253.230 E26.86469 ; perimeter
G1 Z29.930 X122.929 Y247.572 E45.32562 ; perimeter
G1 Z29.951 X117.270 Y241.396 E45.33327 ; perimeter
G1 Z29.963 X114.180 Y237.511 E26.86469 ; perimeter
G1 Z29.976 X111.274 Y233.438 E27.07800 ; perimeter
G1 Z29.988 X108.587 Y229.219 E27.07310 ; perimeter
G1 Z30.000 X106.291 Y225.162 E25.22551 ; perimeter
;LAYER_CHANGE
;Z:31.5
;HEIGHT:1.5
G1 Z30.000 F960 ; simple layer change
G1 F2400
G1 Z30.001 X106.123 Y224.864 E1.85131 ; perimeter
G1 Z30.022 X102.428 Y217.085 E46.60712 ; perimeter
G1 Z30.034 X100.701 Y212.687 E25.57089 ; perimeter
G1 Z30.047 X99.112 Y207.940 E27.09138 ; perimeter
G1 Z30.059 X97.775 Y203.119 E27.07553 ; perimeter
G1 Z30.072 X96.692 Y198.234 E27.07903 ; perimeter
G1 Z30.084 X95.867 Y193.300 E27.07311 ; perimeter
G1 Z30.097 X95.305 Y188.368 E26.86414 ; perimeter
G1 Z30.118 X94.938 Y179.961 E45.54118 ; perimeter
G1 Z30.130 X95.068 Y174.984 E26.94430 ; perimeter
G1 Z30.151 X95.866 Y166.703 E45.02342 ; perimeter
G1 Z30.163 X96.692 Y161.766 E27.09000 ; perimeter
G1 Z30.176 X97.775 Y156.881 E27.07904 ; perimeter
G1 Z30.188 X99.112 Y152.060 E27.07553 ; perimeter
G1 Z30.201 X100.700 Y147.315 E27.07939 ; perimeter
G1 Z30.213 X102.534 Y142.660 E27.07711 ; perimeter
G1 Z30.226 X104.608 Y138.108 E27.07148 ; perimeter
G1 Z30.238 X106.964 Y133.740 E26.85958 ; perimeter
G1 Z30.259 X111.297 Y126.530 E45.52300 ; perimeter
G1 Z30.272 X114.189 Y122.476 E26.94717 ; perimeter
G1 Z30.293 X119.481 Y116.057 E45.02574 ; perimeter
G1 Z30.305 X122.927 Y112.427 E27.08756 ; perimeter
G1 Z30.318 X126.556 Y108.983 E27.07618 ; perimeter
G1 Z30.330 X130.360 Y105.733 E27.07728 ; perimeter
G1 Z30.343 X134.329 Y102.688 E27.07302 ; perimeter
G1 Z30.355 X138.452 Y99.854 E27.07608 ; perimeter
G1 Z30.368 X142.718 Y97.240 E27.07670 ; perimeter
G1 Z30.380 X147.081 Y94.871 E26.86829 ; perimeter
G1 Z30.401 X154.738 Y91.381 E45.54035 ; perimeter
G1 Z30.413 X159.388 Y89.643 E26.86568 ; perimeter
G1 Z30.426 X164.122 Y88.150 E26.86386 ; perimeter
G1 Z30.447 X172.304 Y86.186 E45.53799 ; perimeter
G1 Z30.459 X177.200 Y85.367 E26.86483 ; perimeter
G1 Z30.472 X182.171 Y84.800 E27.07699 ; perimeter
G1 Z30.484 X187.180 Y84.494 E27.15875 ; perimeter
G1 Z30.505 X195.499 Y84.568 E45.02328 ; perimeter
G1 Z30.518 X200.489 Y84.960 E27.08889 ; perimeter
G1 Z30.530 X205.449 Y85.613 E27.07458 ; perimeter
G1 Z30.543 X210.369 Y86.525 E27.08005 ; perimeter
G1 Z30.555 X215.234 Y87.693 E27.07714 ; perimeter
G1 Z30.567 X219.993 Y89.103 E26.86190 ; perimeter
G1 Z30.588 X227.875 Y92.050 E45.54074 ; perimeter
G1 Z30.601 X232.392 Y94.108 E26.86315 ; perimeter
G1 Z30.613 X236.795 Y96.400 E26.86370 ; perimeter
G1 Z30.634 X243.970 Y100.797 E45.54195 ; perimeter
G1 Z30.647 X248.011 Y103.680 E26.86473 ; perimeter
G1 Z30.659 X251.896 Y106.770 E26.86460 ; perimeter
G1 Z30.680 X258.072 Y112.429 E45.33347 ; perimeter
G1 Z30.701 X263.730 Y118.604 E45.32559 ; perimeter
G1 Z30.713 X266.820 Y122.489 E26.86469 ; perimeter
G1 Z30.726 X269.726 Y126.562 E27.07799 ; perimeter
G1 Z30.738 X272.414 Y130.781 E27.07319 ; perimeter
G1 Z30.751 X274.877 Y135.136 E27.07703 ; perimeter
G1 Z30.763 X277.110 Y139.613 E27.07563 ; perimeter
G1 Z30.776 X279.105 Y144.201 E27.07561 ; perimeter
G1 Z30.788 X280.857 Y148.888 E27.07977 ; perimeter
G1 Z30.801 X282.350 Y153.622 E26.86386 ; perimeter
G1 Z30.822 X284.314 Y161.804 E45.53799 ; perimeter
G1 Z30.834 X285.133 Y166.700 E26.86483 ; perimeter
G1 Z30.847 X285.695 Y171.632 E26.86422 ; perimeter
G1 Z30.868 X286.061 Y180.039 E45.54057 ; perimeter
G1 Z30.880 X285.895 Y184.999 E26.86042 ; perimeter
G1 Z30.893 X285.528 Y189.988 E27.06887 ; perimeter
G1 Z30.905 X284.875 Y194.947 E27.07137 ; perimeter
G1 Z30.917 X283.960 Y199.825 E26.85819 ; perimeter
G1 Z30.938 X281.865 Y207.974 E45.53632 ; perimeter
G1 Z30.951 X280.290 Y212.681 E26.86423 ; perimeter
G1 Z30.963 X278.457 Y217.336 E27.07423 ; perimeter
G1 Z30.976 X276.383 Y221.887 E27.06854 ; perimeter
G1 Z30.988 X274.092 Y226.290 E26.86100 ; perimeter
G1 Z31.009 X269.703 Y233.470 E45.54015 ; perimeter
G1 Z31.022 X266.820 Y237.511 E26.86467 ; perimeter
G1 Z31.034 X263.730 Y241.396 E26.86469 ; perimeter
G1 Z31.055 X258.071 Y247.572 E45.33326 ; perimeter
G1 Z31.076 X251.896 Y253.230 E45.32573 ; perimeter
G1 Z31.088 X248.011 Y256.320 E26.86469 ; perimeter
G1 Z31.101 X243.938 Y259.225 E27.07770 ; perimeter
G1 Z31.122 X236.587 Y263.713 E46.60627 ; perimeter
G1 Z31.134 X232.394 Y265.891 E25.57311 ; perimeter
G1 Z31.147 X227.840 Y267.966 E27.08352 ; perimeter
G1 Z31.159 X223.185 Y269.800 E27.07713 ; perimeter
G1 Z31.172 X218.440 Y271.388 E27.07939 ; perimeter
G1 Z31.184 X213.619 Y272.725 E27.07552 ; perimeter
G1 Z31.197 X208.773 Y273.799 E26.86244 ; perimeter
G1 Z31.218 X200.450 Y275.043 E45.54360 ; perimeter
G1 Z31.230 X195.501 Y275.432 E26.86611 ; perimeter
G1 Z31.243 X190.500 Y275.563 E27.07420 ; perimeter
G1 Z31.255 X185.499 Y275.432 E27.07420 ; perimeter
G1 Z31.268 X180.511 Y275.040 E27.07779 ; perimeter
G1 Z31.280 X175.551 Y274.387 E27.07466 ; perimeter
G1 Z31.293 X170.631 Y273.475 E27.08014 ; perimeter
G1 Z31.305 X165.766 Y272.307 E27.07706 ; perimeter
G1 Z31.317 X161.007 Y270.897 E26.86197 ; perimeter
G1 Z31.338 X153.125 Y267.950 E45.54059 ; perimeter
G1 Z31.351 X148.608 Y265.892 E26.86323 ; perimeter
G1 Z31.363 X144.205 Y263.600 E26.86379 ; perimeter
G1 Z31.384 X137.030 Y259.203 E45.54179 ; perimeter
G1 Z31.397 X132.989 Y256.320 E26.86471 ; perimeter
G1 Z31.409 X129.104 Y253.230 E26.86469 ; perimeter
G1 Z31.430 X122.929 Y247.572 E45.32562 ; perimeter
G1 Z31.451 X117.270 Y241.396 E45.33327 ; perimeter
G1 Z31.463 X114.180 Y237.511 E26.86469 ; perimeter
G1 Z31.476 X111.274 Y233.438 E27.07799 ; perimeter
G1 Z31.488 X108.586 Y229.219 E27.07319 ; perimeter
G1 Z31.500 X106.291 Y225.162 E25.22565 ; perimeter
;LAYER_CHANGE
;Z:33
;HEIGHT:1.5
G1 Z31.500 F960 ; simple layer change
G1 F2400
G1 Z31.501 X106.123 Y224.864 E1.85131 ; perimeter
G1 Z31.522 X102.422 Y217.071 E46.68934 ; perimeter
G1 Z31.534 X100.701 Y212.687 E25.48844 ; perimeter
G1 Z31.547 X99.112 Y207.940 E27.09136 ; perimeter
G1 Z31.559 X97.775 Y203.119 E27.07554 ; perimeter
G1 Z31.572 X96.692 Y198.234 E27.07911 ; perimeter
G1 Z31.584 X95.867 Y193.300 E27.07294 ; perimeter
G1 Z31.597 X95.305 Y188.368 E26.86422 ; perimeter
G1 Z31.618 X94.940 Y180.000 E45.33009 ; perimeter
G1 Z31.638 X95.382 Y171.639 E45.30971 ; perimeter
G1 Z31.651 X95.867 Y166.700 E26.86034 ; perimeter
G1 Z31.663 X96.692 Y161.766 E27.07300 ; perimeter
G1 Z31.676 X97.775 Y156.881 E27.07903 ; perimeter
G1 Z31.688 X99.112 Y152.060 E27.07553 ; perimeter
G1 Z31.701 X100.700 Y147.315 E27.07939 ; perimeter
G1 Z31.713 X102.534 Y142.660 E27.07713 ; perimeter
G1 Z31.726 X104.608 Y138.108 E27.07150 ; perimeter
G1 Z31.738 X106.900 Y133.705 E26.86381 ; perimeter
G1 Z31.759 X111.277 Y126.563 E45.33290 ; perimeter
G1 Z31.780 X116.313 Y119.874 E45.31076 ; perimeter
G1 Z31.793 X119.483 Y116.056 E26.85879 ; perimeter
G1 Z31.805 X122.927 Y112.427 E27.07615 ; perimeter
G1 Z31.818 X126.556 Y108.983 E27.07612 ; perimeter
G1 Z31.830 X130.360 Y105.733 E27.07732 ; perimeter
G1 Z31.843 X134.329 Y102.688 E27.07304 ; perimeter
G1 Z31.855 X138.452 Y99.854 E27.07610 ; perimeter
G1 Z31.868 X142.718 Y97.240 E27.07668 ; perimeter
G1 Z31.880 X147.081 Y94.871 E26.86829 ; perimeter
G1 Z31.901 X154.738 Y91.381 E45.54035 ; perimeter
G1 Z31.913 X159.388 Y89.643 E26.86569 ; perimeter
G1 Z31.926 X164.122 Y88.150 E26.86384 ; perimeter
G1 Z31.947 X172.304 Y86.186 E45.53800 ; perimeter
G1 Z31.959 X177.200 Y85.367 E26.86483 ; perimeter
G1 Z31.972 X182.171 Y84.800 E27.07699 ; perimeter
G1 Z31.984 X187.180 Y84.494 E27.15875 ; perimeter
G1 Z32.005 X195.499 Y84.567 E45.02333 ; perimeter
G1 Z32.018 X200.489 Y84.960 E27.08892 ; perimeter
G1 Z32.030 X205.449 Y85.613 E27.07475 ; perimeter
G1 Z32.043 X210.369 Y86.525 E27.08014 ; perimeter
G1 Z32.055 X215.234 Y87.693 E27.07698 ; perimeter
G1 Z32.067 X219.993 Y89.103 E26.86189 ; perimeter
G1 Z32.088 X227.875 Y92.050 E45.54074 ; perimeter
G1 Z32.101 X232.392 Y94.108 E26.86323 ; perimeter
G1 Z32.113 X236.795 Y96.400 E26.86388 ; perimeter
G1 Z32.134 X243.970 Y100.797 E45.54169 ; perimeter
G1 Z32.147 X248.011 Y103.680 E26.86468 ; perimeter
G1 Z32.159 X251.896 Y106.770 E26.86472 ; perimeter
G1 Z32.180 X258.072 Y112.428 E45.32960 ; perimeter
G1 Z32.201 X263.730 Y118.604 E45.32945 ; perimeter
G1 Z32.213 X266.820 Y122.489 E26.86466 ; perimeter
G1 Z32.226 X269.726 Y126.562 E27.07799 ; perimeter
G1 Z32.238 X272.414 Y130.781 E27.07319 ; perimeter
G1 Z32.251 X274.877 Y135.136 E27.07703 ; perimeter
G1 Z32.263 X277.110 Y139.613 E27.07563 ; perimeter
G1 Z32.276 X279.105 Y144.201 E27.07561 ; perimeter
G1 Z32.288 X280.857 Y148.888 E27.07977 ; perimeter
G1 Z32.301 X282.350 Y153.622 E26.86386 ; perimeter
G1 Z32.322 X284.314 Y161.804 E45.53799 ; perimeter
G1 Z32.334 X285.133 Y166.700 E26.86483 ; perimeter
G1 Z32.347 X285.695 Y171.632 E26.86422 ; perimeter
G1 Z32.368 X286.062 Y180.039 E45.54118 ; perimeter
G1 Z32.380 X285.932 Y185.001 E26.86306 ; perimeter
G1 Z32.393 X285.540 Y189.989 E27.07779 ; perimeter
G1 Z32.405 X284.887 Y194.949 E27.07466 ; perimeter
G1 Z32.417 X283.982 Y199.830 E26.86570 ; perimeter
G1 Z32.438 X281.875 Y207.977 E45.54141 ; perimeter
G1 Z32.451 X280.300 Y212.685 E26.86718 ; perimeter
G1 Z32.463 X278.466 Y217.340 E27.07713 ; perimeter
G1 Z32.476 X276.392 Y221.892 E27.07150 ; perimeter
G1 Z32.488 X274.100 Y226.295 E26.86372 ; perimeter
G1 Z32.509 X269.703 Y233.470 E45.54187 ; perimeter
G1 Z32.522 X266.820 Y237.511 E26.86478 ; perimeter
G1 Z32.534 X263.730 Y241.396 E26.86463 ; perimeter
G1 Z32.555 X258.071 Y247.572 E45.33333 ; perimeter
G1 Z32.576 X251.896 Y253.230 E45.32557 ; perimeter
G1 Z32.588 X248.011 Y256.320 E26.86476 ; perimeter
G1 Z32.601 X243.970 Y259.203 E26.86460 ; perimeter
G1 Z32.622 X236.794 Y263.598 E45.54178 ; perimeter
G1 Z32.634 X232.392 Y265.892 E26.86277 ; perimeter
G1 Z32.647 X227.840 Y267.966 E27.07157 ; perimeter
G1 Z32.659 X223.185 Y269.800 E27.07713 ; perimeter
G1 Z32.672 X218.440 Y271.388 E27.07939 ; perimeter
G1 Z32.684 X213.619 Y272.725 E27.07552 ; perimeter
G1 Z32.697 X208.773 Y273.799 E26.86252 ; perimeter
G1 Z32.718 X200.450 Y275.043 E45.54344 ; perimeter
G1 Z32.730 X195.501 Y275.432 E26.86619 ; perimeter
G1 Z32.743 X190.500 Y275.563 E27.07420 ; perimeter
G1 Z32.755 X185.499 Y275.432 E27.07420 ; perimeter
G1 Z32.768 X180.511 Y275.040 E27.07771 ; perimeter
G1 Z32.780 X175.551 Y274.387 E27.07474 ; perimeter
G1 Z32.793 X170.631 Y273.475 E27.08014 ; perimeter
G1 Z32.805 X165.766 Y272.307 E27.07706 ; perimeter
G1 Z32.817 X161.007 Y270.897 E26.86189 ; perimeter
G1 Z32.838 X153.125 Y267.950 E45.54066 ; perimeter
G1 Z32.851 X148.608 Y265.892 E26.86323 ; perimeter
G1 Z32.863 X144.205 Y263.600 E26.86379 ; perimeter
G1 Z32.884 X137.030 Y259.203 E45.54179 ; perimeter
G1 Z32.897 X132.989 Y256.320 E26.86471 ; perimeter
G1 Z32.909 X129.104 Y253.230 E26.86469 ; perimeter
G1 Z32.930 X122.929 Y247.572 E45.32562 ; perimeter
G1 Z32.951 X117.270 Y241.396 E45.33327 ; perimeter
G1 Z32.963 X114.180 Y237.511 E26.86469 ; perimeter
G1 Z32.976 X111.274 Y233.438 E27.07799 ; perimeter
G1 Z32.988 X108.586 Y229.219 E27.07319 ; perimeter
G1 Z33.000 X106.291 Y225.162 E25.22565 ; perimeter
;LAYER_CHANGE
;Z:34.5
;HEIGHT:1.5
G1 Z33.000 F960 ; simple layer change
G1 F2400
G1 Z33.009 X104.692 Y221.852 E19.89357 ; perimeter
G1 Z33.022 X102.563 Y217.369 E26.85991 ; perimeter
G1 Z33.043 X99.628 Y209.485 E45.52881 ; perimeter
G1 Z33.055 X98.220 Y204.727 E26.85432 ; perimeter
G1 Z33.068 X97.052 Y199.863 E27.06914 ; perimeter
G1 Z33.080 X96.140 Y194.944 E27.07238 ; perimeter
G1 Z33.093 X95.488 Y189.986 E27.06677 ; perimeter
G1 Z33.105 X95.151 Y184.997 E27.05862 ; perimeter
G1 Z33.117 X94.940 Y180.039 E26.85892 ; perimeter
G1 Z33.138 X95.305 Y171.632 E45.54001 ; perimeter
G1 Z33.151 X95.867 Y166.700 E26.86422 ; perimeter
G1 Z33.163 X96.692 Y161.766 E27.07302 ; perimeter
G1 Z33.176 X97.775 Y156.881 E27.07897 ; perimeter
G1 Z33.188 X99.112 Y152.060 E27.07559 ; perimeter
G1 Z33.201 X100.700 Y147.315 E27.07940 ; perimeter
G1 Z33.213 X102.534 Y142.660 E27.07711 ; perimeter
G1 Z33.226 X104.615 Y138.095 E27.14878 ; perimeter
G1 Z33.247 X108.649 Y130.822 E45.01133 ; perimeter
G1 Z33.259 X111.276 Y126.563 E27.08125 ; perimeter
G1 Z33.272 X114.247 Y122.521 E27.15079 ; perimeter
G1 Z33.293 X119.481 Y116.058 E45.00676 ; perimeter
G1 Z33.305 X122.927 Y112.427 E27.09142 ; perimeter
G1 Z33.318 X126.556 Y108.983 E27.07615 ; perimeter
G1 Z33.330 X130.360 Y105.733 E27.07734 ; perimeter
G1 Z33.343 X134.329 Y102.688 E27.07299 ; perimeter
G1 Z33.355 X138.452 Y99.854 E27.07610 ; perimeter
G1 Z33.368 X142.718 Y97.240 E27.07668 ; perimeter
G1 Z33.380 X147.081 Y94.871 E26.86829 ; perimeter
G1 Z33.401 X154.738 Y91.381 E45.54035 ; perimeter
G1 Z33.413 X159.388 Y89.643 E26.86568 ; perimeter
G1 Z33.426 X164.122 Y88.150 E26.86386 ; perimeter
G1 Z33.447 X172.304 Y86.186 E45.53798 ; perimeter
G1 Z33.459 X177.200 Y85.367 E26.86484 ; perimeter
G1 Z33.472 X182.171 Y84.800 E27.07699 ; perimeter
G1 Z33.484 X187.179 Y84.494 E27.15332 ; perimeter
G1 Z33.505 X195.499 Y84.567 E45.02875 ; perimeter
G1 Z33.518 X200.489 Y84.960 E27.08901 ; perimeter
G1 Z33.530 X205.449 Y85.613 E27.07466 ; perimeter
G1 Z33.543 X210.369 Y86.525 E27.08022 ; perimeter
G1 Z33.555 X215.234 Y87.693 E27.07707 ; perimeter
G1 Z33.567 X219.993 Y89.103 E26.86180 ; perimeter
G1 Z33.588 X227.875 Y92.050 E45.54066 ; perimeter
G1 Z33.601 X232.405 Y94.114 E26.94064 ; perimeter
G1 Z33.622 X239.689 Y98.130 E45.01207 ; perimeter
G1 Z33.634 X243.937 Y100.775 E27.08643 ; perimeter
G1 Z33.647 X248.011 Y103.680 E27.07730 ; perimeter
G1 Z33.659 X251.896 Y106.770 E26.86476 ; perimeter
G1 Z33.680 X258.072 Y112.428 E45.32964 ; perimeter
G1 Z33.701 X263.730 Y118.604 E45.32955 ; perimeter
G1 Z33.713 X266.820 Y122.489 E26.86473 ; perimeter
G1 Z33.726 X269.726 Y126.562 E27.07799 ; perimeter
G1 Z33.738 X272.414 Y130.781 E27.07319 ; perimeter
G1 Z33.751 X274.877 Y135.136 E27.07703 ; perimeter
G1 Z33.763 X277.110 Y139.613 E27.07563 ; perimeter
G1 Z33.776 X279.105 Y144.201 E27.07561 ; perimeter
G1 Z33.788 X280.857 Y148.888 E27.07977 ; perimeter
G1 Z33.801 X282.350 Y153.622 E26.86386 ; perimeter
G1 Z33.822 X284.314 Y161.804 E45.53799 ; perimeter
G1 Z33.834 X285.133 Y166.700 E26.86483 ; perimeter
G1 Z33.847 X285.695 Y171.632 E26.86422 ; perimeter
G1 Z33.868 X286.061 Y180.000 E45.33009 ; perimeter
G1 Z33.888 X285.684 Y188.367 E45.32790 ; perimeter
G1 Z33.901 X285.122 Y193.299 E26.86097 ; perimeter
G1 Z33.913 X284.303 Y198.194 E26.86165 ; perimeter
G1 Z33.934 X282.328 Y206.372 E45.53273 ; perimeter
G1 Z33.947 X280.847 Y211.109 E26.85649 ; perimeter
G1 Z33.959 X279.095 Y215.795 E27.07675 ; perimeter
G1 Z33.972 X277.101 Y220.383 E27.07253 ; perimeter
G1 Z33.984 X274.868 Y224.859 E27.07283 ; perimeter
G1 Z33.997 X272.388 Y229.203 E27.06968 ; perimeter
G1 Z34.009 X269.725 Y233.438 E27.07097 ; perimeter
G1 Z34.022 X266.820 Y237.511 E27.07755 ; perimeter
G1 Z34.034 X263.730 Y241.396 E26.86469 ; perimeter
G1 Z34.055 X258.072 Y247.572 E45.32961 ; perimeter
G1 Z34.076 X251.896 Y253.230 E45.32944 ; perimeter
G1 Z34.088 X248.011 Y256.320 E26.86468 ; perimeter
G1 Z34.101 X243.970 Y259.203 E26.86478 ; perimeter
G1 Z34.122 X236.795 Y263.600 E45.54179 ; perimeter
G1 Z34.134 X232.392 Y265.892 E26.86379 ; perimeter
G1 Z34.147 X227.840 Y267.966 E27.07150 ; perimeter
G1 Z34.159 X223.185 Y269.800 E27.07713 ; perimeter
G1 Z34.172 X218.440 Y271.388 E27.07939 ; perimeter
G1 Z34.184 X213.619 Y272.725 E27.07552 ; perimeter
G1 Z34.197 X208.773 Y273.799 E26.86244 ; perimeter
G1 Z34.218 X200.450 Y275.043 E45.54368 ; perimeter
G1 Z34.230 X195.501 Y275.432 E26.86603 ; perimeter
G1 Z34.243 X190.500 Y275.563 E27.07420 ; perimeter
G1 Z34.255 X185.499 Y275.432 E27.07420 ; perimeter
G1 Z34.268 X180.511 Y275.040 E27.07779 ; perimeter
G1 Z34.280 X175.551 Y274.387 E27.07466 ; perimeter
G1 Z34.293 X170.631 Y273.475 E27.08014 ; perimeter
G1 Z34.305 X165.766 Y272.307 E27.07706 ; perimeter
G1 Z34.317 X161.007 Y270.897 E26.86189 ; perimeter
G1 Z34.338 X153.125 Y267.950 E45.54066 ; perimeter
G1 Z34.351 X148.608 Y265.892 E26.86323 ; perimeter
G1 Z34.363 X144.205 Y263.600 E26.86386 ; perimeter
G1 Z34.384 X137.030 Y259.203 E45.54172 ; perimeter
G1 Z34.397 X132.989 Y256.320 E26.86471 ; perimeter
G1 Z34.409 X129.104 Y253.230 E26.86469 ; perimeter
G1 Z34.430 X122.929 Y247.572 E45.32562 ; perimeter
G1 Z34.451 X117.270 Y241.396 E45.33327 ; perimeter
G1 Z34.463 X114.180 Y237.511 E26.86469 ; perimeter
G1 Z34.476 X111.297 Y233.470 E26.86471 ; perimeter
G1 Z34.497 X106.900 Y226.295 E45.54178 ; perimeter
G1 Z34.500 X106.306 Y225.154 E6.96163 ; perimeter
;LAYER_CHANGE
;Z:36
;HEIGHT:1.5
G1 Z34.500 F960 ; simple layer change
G1 F2400
G1 Z34.522 X102.424 Y217.040 E48.67717 ; perimeter
G1 Z34.534 X100.783 Y212.656 E25.33238 ; perimeter
G1 Z34.547 X99.139 Y207.932 E27.07146 ; perimeter
G1 Z34.559 X97.802 Y203.112 E27.06734 ; perimeter
G1 Z34.572 X96.720 Y198.229 E27.07107 ; perimeter
G1 Z34.584 X95.894 Y193.296 E27.06529 ; perimeter
G1 Z34.597 X95.331 Y188.366 E26.85672 ; perimeter
G1 Z34.618 X94.940 Y180.000 E45.32523 ; perimeter
G1 Z34.638 X95.305 Y171.632 E45.33009 ; perimeter
G1 Z34.651 X95.867 Y166.700 E26.86430 ; perimeter
G1 Z34.663 X96.692 Y161.766 E27.07294 ; perimeter
G1 Z34.676 X97.775 Y156.881 E27.07904 ; perimeter
G1 Z34.688 X99.112 Y152.060 E27.07552 ; perimeter
G1 Z34.701 X100.700 Y147.315 E27.07939 ; perimeter
G1 Z34.713 X102.534 Y142.660 E27.07713 ; perimeter
G1 Z34.726 X104.608 Y138.108 E27.07149 ; perimeter
G1 Z34.738 X106.964 Y133.740 E26.85977 ; perimeter
G1 Z34.759 X111.297 Y126.530 E45.52306 ; perimeter
G1 Z34.772 X114.188 Y122.477 E26.94272 ; perimeter
G1 Z34.793 X119.481 Y116.058 E45.02598 ; perimeter
G1 Z34.805 X122.927 Y112.427 E27.09149 ; perimeter
G1 Z34.818 X126.556 Y108.983 E27.07612 ; perimeter
G1 Z34.830 X130.360 Y105.733 E27.07734 ; perimeter
G1 Z34.843 X134.329 Y102.688 E27.07299 ; perimeter
G1 Z34.855 X138.452 Y99.854 E27.07612 ; perimeter
G1 Z34.868 X142.718 Y97.240 E27.07668 ; perimeter
G1 Z34.880 X147.081 Y94.871 E26.86829 ; perimeter
G1 Z34.901 X154.738 Y91.381 E45.54035 ; perimeter
G1 Z34.913 X159.388 Y89.643 E26.86569 ; perimeter
G1 Z34.926 X164.122 Y88.150 E26.86385 ; perimeter
G1 Z34.947 X172.304 Y86.186 E45.53799 ; perimeter
G1 Z34.959 X177.200 Y85.367 E26.86491 ; perimeter
G1 Z34.972 X182.171 Y84.800 E27.07691 ; perimeter
G1 Z34.984 X187.179 Y84.494 E27.15334 ; perimeter
G1 Z35.005 X195.499 Y84.567 E45.02875 ; perimeter
G1 Z35.018 X200.489 Y84.960 E27.08901 ; perimeter
G1 Z35.030 X205.449 Y85.613 E27.07466 ; perimeter
G1 Z35.043 X210.369 Y86.525 E27.08006 ; perimeter
G1 Z35.055 X215.234 Y87.693 E27.07714 ; perimeter
G1 Z35.067 X219.993 Y89.103 E26.86197 ; perimeter
G1 Z35.088 X227.875 Y92.050 E45.54058 ; perimeter
G1 Z35.101 X232.405 Y94.114 E26.94072 ; perimeter
G1 Z35.122 X239.716 Y98.085 E45.02609 ; perimeter
G1 Z35.134 X243.938 Y100.774 E27.08979 ; perimeter
G1 Z35.147 X248.011 Y103.680 E27.07799 ; perimeter
G1 Z35.159 X251.896 Y106.770 E26.86472 ; perimeter
G1 Z35.180 X258.072 Y112.428 E45.32958 ; perimeter
G1 Z35.201 X263.730 Y118.604 E45.32958 ; perimeter
G1 Z35.213 X266.820 Y122.489 E26.86473 ; perimeter
G1 Z35.226 X269.726 Y126.562 E27.07799 ; perimeter
G1 Z35.238 X272.414 Y130.781 E27.07319 ; perimeter
G1 Z35.251 X274.877 Y135.136 E27.07703 ; perimeter
G1 Z35.263 X277.110 Y139.613 E27.07563 ; perimeter
G1 Z35.276 X279.105 Y144.201 E27.07561 ; perimeter
G1 Z35.288 X280.857 Y148.888 E27.07977 ; perimeter
G1 Z35.301 X282.350 Y153.622 E26.86386 ; perimeter
G1 Z35.322 X284.314 Y161.804 E45.53799 ; perimeter
G1 Z35.334 X285.133 Y166.700 E26.86483 ; perimeter
G1 Z35.347 X285.695 Y171.632 E26.86422 ; perimeter
G1 Z35.368 X286.061 Y180.000 E45.33008 ; perimeter
G1 Z35.388 X285.695 Y188.368 E45.33008 ; perimeter
G1 Z35.401 X285.133 Y193.300 E26.86422 ; perimeter
G1 Z35.413 X284.314 Y198.196 E26.86483 ; perimeter
G1 Z35.434 X282.350 Y206.378 E45.53807 ; perimeter
G1 Z35.447 X280.857 Y211.112 E26.86378 ; perimeter
G1 Z35.459 X279.105 Y215.799 E27.07985 ; perimeter
G1 Z35.472 X277.110 Y220.387 E27.07553 ; perimeter
G1 Z35.484 X274.877 Y224.864 E27.07571 ; perimeter
G1 Z35.497 X272.414 Y229.219 E27.07696 ; perimeter
G1 Z35.509 X269.726 Y233.438 E27.07319 ; perimeter
G1 Z35.522 X266.820 Y237.511 E27.07799 ; perimeter
G1 Z35.534 X263.730 Y241.396 E26.86469 ; perimeter
G1 Z35.555 X258.071 Y247.572 E45.33326 ; perimeter
G1 Z35.576 X251.896 Y253.230 E45.32573 ; perimeter
G1 Z35.588 X248.011 Y256.320 E26.86469 ; perimeter
G1 Z35.601 X243.938 Y259.225 E27.07770 ; perimeter
G1 Z35.613 X239.707 Y261.894 E27.07136 ; perimeter
G1 Z35.626 X235.361 Y264.371 E27.07144 ; perimeter
G1 Z35.638 X230.884 Y266.604 E27.07356 ; perimeter
G1 Z35.651 X226.333 Y268.583 E26.86061 ; perimeter
G1 Z35.672 X218.402 Y271.398 E45.54340 ; perimeter
G1 Z35.684 X213.619 Y272.725 E26.86283 ; perimeter
G1 Z35.697 X208.773 Y273.799 E26.86244 ; perimeter
G1 Z35.718 X200.450 Y275.043 E45.54360 ; perimeter
G1 Z35.730 X195.501 Y275.432 E26.86611 ; perimeter
G1 Z35.743 X190.500 Y275.563 E27.07420 ; perimeter
G1 Z35.755 X185.499 Y275.432 E27.07420 ; perimeter
G1 Z35.768 X180.511 Y275.040 E27.07779 ; perimeter
G1 Z35.780 X175.551 Y274.387 E27.07466 ; perimeter
G1 Z35.793 X170.631 Y273.475 E27.08014 ; perimeter
G1 Z35.805 X165.766 Y272.307 E27.07706 ; perimeter
G1 Z35.817 X161.007 Y270.897 E26.86197 ; perimeter
G1 Z35.838 X153.125 Y267.950 E45.54059 ; perimeter
G1 Z35.851 X148.608 Y265.892 E26.86323 ; perimeter
G1 Z35.863 X144.205 Y263.600 E26.86379 ; perimeter
G1 Z35.884 X137.030 Y259.203 E45.54179 ; perimeter
G1 Z35.897 X132.989 Y256.320 E26.86471 ; perimeter
G1 Z35.909 X129.104 Y253.230 E26.86469 ; perimeter
G1 Z35.930 X122.929 Y247.572 E45.32562 ; perimeter
G1 Z35.951 X117.270 Y241.396 E45.33327 ; perimeter
G1 Z35.963 X114.180 Y237.511 E26.86469 ; perimeter
G1 Z35.976 X111.274 Y233.438 E27.07800 ; perimeter
G1 Z35.988 X108.587 Y229.219 E27.07310 ; perimeter
G1 Z36.000 X106.291 Y225.162 E25.22551 ; perimeter
;LAYER_CHANGE
;Z:37.5
;HEIGHT:1.5
G1 Z36.000 F960 ; simple layer change
G1 F2400
G1 Z36.001 X106.123 Y224.864 E1.85131 ; perimeter
G1 Z36.023 X102.406 Y217.031 E46.92234 ; perimeter
G1 Z36.034 X100.701 Y212.687 E25.25535 ; perimeter
G1 Z36.047 X99.112 Y207.940 E27.09138 ; perimeter
G1 Z36.059 X97.775 Y203.119 E27.07551 ; perimeter
G1 Z36.072 X96.692 Y198.234 E27.07904 ; perimeter
G1 Z36.084 X95.867 Y193.300 E27.07294 ; perimeter
G1 Z36.097 X95.305 Y188.368 E26.86430 ; perimeter
G1 Z36.118 X94.939 Y180.000 E45.33008 ; perimeter
G1 Z36.138 X95.305 Y171.632 E45.33007 ; perimeter
G1 Z36.151 X95.867 Y166.700 E26.86423 ; perimeter
G1 Z36.163 X96.692 Y161.766 E27.07310 ; perimeter
G1 Z36.176 X97.775 Y156.881 E27.07888 ; perimeter
G1 Z36.188 X99.112 Y152.060 E27.07560 ; perimeter
G1 Z36.201 X100.700 Y147.315 E27.07939 ; perimeter
G1 Z36.213 X102.534 Y142.660 E27.07711 ; perimeter
G1 Z36.226 X104.615 Y138.095 E27.14880 ; perimeter
G1 Z36.247 X108.649 Y130.823 E45.00673 ; perimeter
G1 Z36.259 X111.276 Y126.563 E27.08581 ; perimeter
G1 Z36.272 X114.188 Y122.477 E27.15515 ; perimeter
G1 Z36.293 X119.481 Y116.058 E45.02598 ; perimeter
G1 Z36.305 X122.927 Y112.427 E27.09149 ; perimeter
G1 Z36.318 X126.556 Y108.983 E27.07612 ; perimeter
G1 Z36.330 X130.360 Y105.733 E27.07734 ; perimeter
G1 Z36.343 X134.329 Y102.688 E27.07304 ; perimeter
G1 Z36.355 X138.452 Y99.854 E27.07610 ; perimeter
G1 Z36.368 X142.718 Y97.240 E27.07666 ; perimeter
G1 Z36.380 X147.081 Y94.871 E26.86831 ; perimeter
G1 Z36.401 X154.738 Y91.381 E45.54035 ; perimeter
G1 Z36.413 X159.388 Y89.643 E26.86567 ; perimeter
G1 Z36.426 X164.122 Y88.150 E26.86386 ; perimeter
G1 Z36.447 X172.304 Y86.186 E45.53799 ; perimeter
G1 Z36.459 X177.200 Y85.367 E26.86483 ; perimeter
G1 Z36.472 X182.171 Y84.800 E27.07699 ; perimeter
G1 Z36.484 X187.179 Y84.494 E27.15326 ; perimeter
G1 Z36.505 X195.498 Y84.567 E45.02333 ; perimeter
G1 Z36.518 X200.489 Y84.960 E27.09449 ; perimeter
G1 Z36.530 X205.449 Y85.613 E27.07466 ; perimeter
G1 Z36.543 X210.369 Y86.525 E27.08022 ; perimeter
G1 Z36.555 X215.234 Y87.693 E27.07698 ; perimeter
G1 Z36.567 X219.993 Y89.103 E26.86197 ; perimeter
G1 Z36.588 X227.875 Y92.050 E45.54058 ; perimeter
G1 Z36.601 X232.392 Y94.108 E26.86317 ; perimeter
G1 Z36.613 X236.771 Y96.445 E26.86045 ; perimeter
G1 Z36.634 X243.970 Y100.797 E45.52809 ; perimeter
G1 Z36.647 X248.011 Y103.680 E26.86483 ; perimeter
G1 Z36.659 X251.896 Y106.770 E26.86460 ; perimeter
G1 Z36.680 X258.099 Y112.456 E45.53942 ; perimeter
G1 Z36.693 X261.482 Y116.089 E26.86245 ; perimeter
G1 Z36.705 X264.755 Y119.870 E27.06577 ; perimeter
G1 Z36.718 X267.808 Y123.850 E27.14998 ; perimeter
G1 Z36.738 X272.412 Y130.779 E45.02102 ; perimeter
G1 Z36.751 X274.877 Y135.136 E27.09192 ; perimeter
G1 Z36.763 X277.110 Y139.613 E27.07563 ; perimeter
G1 Z36.776 X279.105 Y144.201 E27.07561 ; perimeter
G1 Z36.788 X280.857 Y148.888 E27.07977 ; perimeter
G1 Z36.801 X282.350 Y153.622 E26.86386 ; perimeter
G1 Z36.822 X284.314 Y161.804 E45.53799 ; perimeter
G1 Z36.834 X285.133 Y166.700 E26.86483 ; perimeter
G1 Z36.847 X285.695 Y171.632 E26.86422 ; perimeter
G1 Z36.868 X286.061 Y180.039 E45.54058 ; perimeter
G1 Z36.880 X285.895 Y184.999 E26.86043 ; perimeter
G1 Z36.893 X285.528 Y189.988 E27.06887 ; perimeter
G1 Z36.905 X284.875 Y194.947 E27.07137 ; perimeter
G1 Z36.917 X283.960 Y199.825 E26.85819 ; perimeter
G1 Z36.938 X281.865 Y207.974 E45.53640 ; perimeter
G1 Z36.951 X280.290 Y212.681 E26.86415 ; perimeter
G1 Z36.963 X278.457 Y217.336 E27.07415 ; perimeter
G1 Z36.976 X276.383 Y221.887 E27.06869 ; perimeter
G1 Z36.988 X274.092 Y226.290 E26.86100 ; perimeter
G1 Z37.009 X269.703 Y233.470 E45.54008 ; perimeter
G1 Z37.022 X266.820 Y237.511 E26.86467 ; perimeter
G1 Z37.034 X263.730 Y241.396 E26.86469 ; perimeter
G1 Z37.055 X258.071 Y247.572 E45.33321 ; perimeter
G1 Z37.076 X251.896 Y253.230 E45.32568 ; perimeter
G1 Z37.088 X248.011 Y256.320 E26.86469 ; perimeter
G1 Z37.101 X243.970 Y259.203 E26.86467 ; perimeter
G1 Z37.122 X236.792 Y263.594 E45.54055 ; perimeter
G1 Z37.134 X232.389 Y265.886 E26.86179 ; perimeter
G1 Z37.147 X227.837 Y267.960 E27.06944 ; perimeter
G1 Z37.159 X223.178 Y269.781 E27.07208 ; perimeter
G1 Z37.172 X218.440 Y271.387 E27.07772 ; perimeter
G1 Z37.184 X213.619 Y272.725 E27.07530 ; perimeter
G1 Z37.197 X208.773 Y273.799 E26.86244 ; perimeter
G1 Z37.218 X200.450 Y275.043 E45.54360 ; perimeter
G1 Z37.230 X195.501 Y275.432 E26.86611 ; perimeter
G1 Z37.243 X190.500 Y275.563 E27.07420 ; perimeter
G1 Z37.255 X185.499 Y275.432 E27.07420 ; perimeter
G1 Z37.268 X180.511 Y275.040 E27.07779 ; perimeter
G1 Z37.280 X175.551 Y274.387 E27.07466 ; perimeter
G1 Z37.293 X170.631 Y273.475 E27.08014 ; perimeter
G1 Z37.305 X165.766 Y272.307 E27.07706 ; perimeter
G1 Z37.317 X161.007 Y270.897 E26.86197 ; perimeter
G1 Z37.338 X153.125 Y267.950 E45.54059 ; perimeter
G1 Z37.351 X148.608 Y265.892 E26.86323 ; perimeter
G1 Z37.363 X144.205 Y263.600 E26.86379 ; perimeter
G1 Z37.384 X137.030 Y259.203 E45.54179 ; perimeter
G1 Z37.397 X132.989 Y256.320 E26.86471 ; perimeter
G1 Z37.409 X129.104 Y253.230 E26.86469 ; perimeter
G1 Z37.430 X122.928 Y247.571 E45.33332 ; perimeter
G1 Z37.451 X117.270 Y241.396 E45.32556 ; perimeter
G1 Z37.463 X114.180 Y237.511 E26.86469 ; perimeter
G1 Z37.476 X111.274 Y233.438 E27.07799 ; perimeter
G1 Z37.488 X108.586 Y229.219 E27.07319 ; perimeter
G1 Z37.500 X106.291 Y225.162 E25.22565 ; perimeter
;LAYER_CHANGE
;Z:39
;HEIGHT:1.5
G1 Z37.500 F960 ; simple layer change
G1 F2400
G1 Z37.509 X104.693 Y221.852 E19.89336 ; perimeter
G1 Z37.522 X102.565 Y217.368 E26.86006 ; perimeter
G1 Z37.543 X99.628 Y209.485 E45.52764 ; perimeter
G1 Z37.555 X98.220 Y204.727 E26.85433 ; perimeter
G1 Z37.568 X97.052 Y199.863 E27.06913 ; perimeter
G1 Z37.580 X96.140 Y194.944 E27.07238 ; perimeter
G1 Z37.593 X95.488 Y189.986 E27.06686 ; perimeter
G1 Z37.605 X95.151 Y184.997 E27.05854 ; perimeter
G1 Z37.617 X94.940 Y180.039 E26.85892 ; perimeter
G1 Z37.638 X95.305 Y171.632 E45.54001 ; perimeter
G1 Z37.651 X95.867 Y166.700 E26.86422 ; perimeter
G1 Z37.663 X96.692 Y161.766 E27.07302 ; perimeter
G1 Z37.676 X97.775 Y156.881 E27.07912 ; perimeter
G1 Z37.688 X99.112 Y152.060 E27.07545 ; perimeter
G1 Z37.701 X100.700 Y147.315 E27.07939 ; perimeter
G1 Z37.713 X102.534 Y142.660 E27.07711 ; perimeter
G1 Z37.726 X104.614 Y138.095 E27.14899 ; perimeter
G1 Z37.747 X108.585 Y130.784 E45.02611 ; perimeter
G1 Z37.759 X111.274 Y126.562 E27.08979 ; perimeter
G1 Z37.772 X114.188 Y122.477 E27.15600 ; perimeter
G1 Z37.793 X119.481 Y116.058 E45.02604 ; perimeter
G1 Z37.805 X122.927 Y112.427 E27.09143 ; perimeter
G1 Z37.818 X126.556 Y108.983 E27.07618 ; perimeter
G1 Z37.830 X130.360 Y105.733 E27.07729 ; perimeter
G1 Z37.843 X134.329 Y102.688 E27.07304 ; perimeter
G1 Z37.855 X138.452 Y99.854 E27.07610 ; perimeter
G1 Z37.868 X142.718 Y97.240 E27.07670 ; perimeter
G1 Z37.880 X147.081 Y94.871 E26.86829 ; perimeter
G1 Z37.901 X154.738 Y91.381 E45.54033 ; perimeter
G1 Z37.913 X159.388 Y89.643 E26.86567 ; perimeter
G1 Z37.926 X164.122 Y88.150 E26.86387 ; perimeter
G1 Z37.947 X172.304 Y86.186 E45.53800 ; perimeter
G1 Z37.959 X177.200 Y85.367 E26.86483 ; perimeter
G1 Z37.972 X182.171 Y84.800 E27.07690 ; perimeter
G1 Z37.984 X187.179 Y84.494 E27.15342 ; perimeter
G1 Z38.005 X195.498 Y84.567 E45.02325 ; perimeter
G1 Z38.018 X200.489 Y84.960 E27.09448 ; perimeter
G1 Z38.030 X205.449 Y85.613 E27.07466 ; perimeter
G1 Z38.043 X210.369 Y86.525 E27.08014 ; perimeter
G1 Z38.055 X215.234 Y87.693 E27.07698 ; perimeter
G1 Z38.067 X219.993 Y89.103 E26.86197 ; perimeter
G1 Z38.088 X227.875 Y92.050 E45.54066 ; perimeter
G1 Z38.101 X232.392 Y94.108 E26.86323 ; perimeter
G1 Z38.113 X236.795 Y96.400 E26.86370 ; perimeter
G1 Z38.134 X243.970 Y100.797 E45.54195 ; perimeter
G1 Z38.147 X248.011 Y103.680 E26.86457 ; perimeter
G1 Z38.159 X251.896 Y106.770 E26.86476 ; perimeter
G1 Z38.180 X258.072 Y112.429 E45.33324 ; perimeter
G1 Z38.201 X263.719 Y118.613 E45.32283 ; perimeter
G1 Z38.213 X266.808 Y122.498 E26.86056 ; perimeter
G1 Z38.226 X269.689 Y126.587 E27.06716 ; perimeter
G1 Z38.238 X272.414 Y130.781 E27.06977 ; perimeter
G1 Z38.251 X274.877 Y135.136 E27.07714 ; perimeter
G1 Z38.263 X277.110 Y139.613 E27.07563 ; perimeter
G1 Z38.276 X279.105 Y144.201 E27.07561 ; perimeter
G1 Z38.288 X280.857 Y148.888 E27.07977 ; perimeter
G1 Z38.301 X282.350 Y153.622 E26.86386 ; perimeter
G1 Z38.322 X284.314 Y161.804 E45.53799 ; perimeter
G1 Z38.334 X285.133 Y166.700 E26.86483 ; perimeter
G1 Z38.347 X285.695 Y171.632 E26.86422 ; perimeter
G1 Z38.368 X286.062 Y180.039 E45.54118 ; perimeter
G1 Z38.380 X285.932 Y185.001 E26.86306 ; perimeter
G1 Z38.393 X285.540 Y189.989 E27.07779 ; perimeter
G1 Z38.405 X284.887 Y194.949 E27.07466 ; perimeter
G1 Z38.417 X283.982 Y199.830 E26.86570 ; perimeter
G1 Z38.438 X281.875 Y207.977 E45.54141 ; perimeter
G1 Z38.451 X280.300 Y212.685 E26.86718 ; perimeter
G1 Z38.463 X278.466 Y217.340 E27.07713 ; perimeter
G1 Z38.476 X276.392 Y221.892 E27.07150 ; perimeter
G1 Z38.488 X274.100 Y226.295 E26.86386 ; perimeter
G1 Z38.509 X269.703 Y233.470 E45.54172 ; perimeter
G1 Z38.522 X266.820 Y237.511 E26.86471 ; perimeter
G1 Z38.534 X263.730 Y241.396 E26.86469 ; perimeter
G1 Z38.555 X258.071 Y247.572 E45.33327 ; perimeter
G1 Z38.576 X251.896 Y253.230 E45.32568 ; perimeter
G1 Z38.588 X248.011 Y256.320 E26.86464 ; perimeter
G1 Z38.601 X243.970 Y259.203 E26.86471 ; perimeter
G1 Z38.622 X236.795 Y263.600 E45.54179 ; perimeter
G1 Z38.634 X232.392 Y265.892 E26.86379 ; perimeter
G1 Z38.647 X227.840 Y267.966 E27.07150 ; perimeter
G1 Z38.659 X223.185 Y269.800 E27.07713 ; perimeter
G1 Z38.672 X218.440 Y271.388 E27.07939 ; perimeter
G1 Z38.684 X213.619 Y272.725 E27.07552 ; perimeter
G1 Z38.697 X208.734 Y273.807 E27.07877 ; perimeter
G1 Z38.709 X203.797 Y274.616 E27.07166 ; perimeter
G1 Z38.722 X198.868 Y275.190 E26.86007 ; perimeter
G1 Z38.743 X190.461 Y275.562 E45.54016 ; perimeter
G1 Z38.755 X185.499 Y275.432 E26.86306 ; perimeter
G1 Z38.768 X180.511 Y275.040 E27.07779 ; perimeter
G1 Z38.780 X175.551 Y274.387 E27.07466 ; perimeter
G1 Z38.793 X170.631 Y273.475 E27.08014 ; perimeter
G1 Z38.805 X165.766 Y272.307 E27.07706 ; perimeter
G1 Z38.817 X161.007 Y270.897 E26.86189 ; perimeter
G1 Z38.838 X153.125 Y267.950 E45.54066 ; perimeter
G1 Z38.851 X148.608 Y265.892 E26.86323 ; perimeter
G1 Z38.863 X144.205 Y263.600 E26.86379 ; perimeter
G1 Z38.884 X137.030 Y259.203 E45.54179 ; perimeter
G1 Z38.897 X132.989 Y256.320 E26.86471 ; perimeter
G1 Z38.909 X129.104 Y253.230 E26.86469 ; perimeter
G1 Z38.930 X122.929 Y247.572 E45.32562 ; perimeter
G1 Z38.951 X117.270 Y241.396 E45.33327 ; perimeter
G1 Z38.963 X114.180 Y237.511 E26.86469 ; perimeter
G1 Z38.976 X111.297 Y233.470 E26.86471 ; perimeter
G1 Z38.997 X106.900 Y226.295 E45.54178 ; perimeter
G1 Z39.000 X106.306 Y225.154 E6.96163 ; perimeter
;LAYER_CHANGE
;Z:40.5
;HEIGHT:1.5
G1 Z39.000 F960 ; simple layer change
G1 F2400
G1 Z39.023 X102.409 Y216.999 E48.91130 ; perimeter
G1 Z39.034 X100.784 Y212.657 E25.09230 ; perimeter
G1 Z39.047 X99.139 Y207.932 E27.07635 ; perimeter
G1 Z39.059 X97.802 Y203.112 E27.06740 ; perimeter
G1 Z39.072 X96.720 Y198.229 E27.07109 ; perimeter
G1 Z39.084 X95.894 Y193.296 E27.06536 ; perimeter
G1 Z39.097 X95.331 Y188.366 E26.85664 ; perimeter
G1 Z39.118 X94.940 Y180.000 E45.32523 ; perimeter
G1 Z39.138 X95.305 Y171.632 E45.33001 ; perimeter
G1 Z39.151 X95.867 Y166.700 E26.86430 ; perimeter
G1 Z39.163 X96.692 Y161.766 E27.07302 ; perimeter
G1 Z39.176 X97.775 Y156.881 E27.07905 ; perimeter
G1 Z39.188 X99.112 Y152.060 E27.07551 ; perimeter
G1 Z39.201 X100.700 Y147.315 E27.07939 ; perimeter
G1 Z39.213 X102.534 Y142.660 E27.07713 ; perimeter
G1 Z39.226 X104.614 Y138.095 E27.14899 ; perimeter
G1 Z39.247 X108.585 Y130.784 E45.02611 ; perimeter
G1 Z39.259 X111.274 Y126.562 E27.08977 ; perimeter
G1 Z39.272 X114.188 Y122.477 E27.15603 ; perimeter
G1 Z39.293 X119.480 Y116.058 E45.02259 ; perimeter
G1 Z39.305 X122.927 Y112.427 E27.09492 ; perimeter
G1 Z39.318 X126.556 Y108.983 E27.07615 ; perimeter
G1 Z39.330 X130.360 Y105.733 E27.07731 ; perimeter
G1 Z39.343 X134.329 Y102.688 E27.07302 ; perimeter
G1 Z39.355 X138.452 Y99.854 E27.07610 ; perimeter
G1 Z39.368 X142.718 Y97.240 E27.07668 ; perimeter
G1 Z39.380 X147.081 Y94.871 E26.86829 ; perimeter
G1 Z39.401 X154.738 Y91.381 E45.54033 ; perimeter
G1 Z39.413 X159.388 Y89.643 E26.86571 ; perimeter
G1 Z39.426 X164.122 Y88.150 E26.86385 ; perimeter
G1 Z39.447 X172.304 Y86.186 E45.53799 ; perimeter
G1 Z39.459 X177.200 Y85.367 E26.86483 ; perimeter
G1 Z39.472 X182.171 Y84.800 E27.07691 ; perimeter
G1 Z39.484 X187.179 Y84.494 E27.15342 ; perimeter
G1 Z39.505 X195.498 Y84.567 E45.02325 ; perimeter
G1 Z39.518 X200.489 Y84.960 E27.09457 ; perimeter
G1 Z39.530 X205.449 Y85.613 E27.07457 ; perimeter
G1 Z39.543 X210.369 Y86.525 E27.08022 ; perimeter
G1 Z39.555 X215.234 Y87.693 E27.07706 ; perimeter
G1 Z39.567 X219.993 Y89.103 E26.86181 ; perimeter
G1 Z39.588 X227.875 Y92.050 E45.54066 ; perimeter
G1 Z39.601 X232.405 Y94.114 E26.94057 ; perimeter
G1 Z39.622 X239.689 Y98.130 E45.01216 ; perimeter
G1 Z39.634 X243.937 Y100.775 E27.08641 ; perimeter
G1 Z39.647 X248.011 Y103.680 E27.07743 ; perimeter
G1 Z39.659 X251.896 Y106.770 E26.86463 ; perimeter
G1 Z39.680 X258.099 Y112.456 E45.53925 ; perimeter
G1 Z39.693 X261.481 Y116.089 E26.86241 ; perimeter
G1 Z39.705 X264.755 Y119.870 E27.06591 ; perimeter
G1 Z39.718 X267.808 Y123.849 E27.14528 ; perimeter
G1 Z39.738 X272.412 Y130.779 E45.02577 ; perimeter
G1 Z39.751 X274.877 Y135.136 E27.09184 ; perimeter
G1 Z39.763 X277.110 Y139.613 E27.07563 ; perimeter
G1 Z39.776 X279.105 Y144.201 E27.07561 ; perimeter
G1 Z39.788 X280.857 Y148.888 E27.07977 ; perimeter
G1 Z39.801 X282.350 Y153.622 E26.86386 ; perimeter
G1 Z39.822 X284.314 Y161.804 E45.53799 ; perimeter
G1 Z39.834 X285.133 Y166.700 E26.86483 ; perimeter
G1 Z39.847 X285.695 Y171.632 E26.86422 ; perimeter
G1 Z39.868 X286.061 Y180.000 E45.33009 ; perimeter
G1 Z39.888 X285.684 Y188.367 E45.32790 ; perimeter
G1 Z39.901 X285.122 Y193.299 E26.86097 ; perimeter
G1 Z39.913 X284.303 Y198.194 E26.86165 ; perimeter
G1 Z39.934 X282.328 Y206.372 E45.53273 ; perimeter
G1 Z39.947 X280.847 Y211.109 E26.85649 ; perimeter
G1 Z39.959 X279.095 Y215.795 E27.07675 ; perimeter
G1 Z39.972 X277.101 Y220.383 E27.07267 ; perimeter
G1 Z39.984 X274.868 Y224.859 E27.07275 ; perimeter
G1 Z39.997 X272.388 Y229.203 E27.06960 ; perimeter
G1 Z40.009 X269.725 Y233.438 E27.07097 ; perimeter
G1 Z40.022 X266.820 Y237.511 E27.07749 ; perimeter
G1 Z40.034 X263.730 Y241.396 E26.86476 ; perimeter
G1 Z40.055 X258.072 Y247.572 E45.32961 ; perimeter
G1 Z40.076 X251.896 Y253.230 E45.32956 ; perimeter
G1 Z40.088 X248.011 Y256.320 E26.86470 ; perimeter
G1 Z40.101 X243.970 Y259.203 E26.86464 ; perimeter
G1 Z40.122 X236.795 Y263.600 E45.54187 ; perimeter
G1 Z40.134 X232.392 Y265.892 E26.86372 ; perimeter
G1 Z40.147 X227.840 Y267.966 E27.07150 ; perimeter
G1 Z40.159 X223.185 Y269.800 E27.07713 ; perimeter
G1 Z40.172 X218.440 Y271.388 E27.07939 ; perimeter
G1 Z40.184 X213.619 Y272.725 E27.07544 ; perimeter
G1 Z40.197 X208.773 Y273.799 E26.86251 ; perimeter
G1 Z40.218 X200.449 Y275.038 E45.54263 ; perimeter
G1 Z40.230 X195.500 Y275.416 E26.86212 ; perimeter
G1 Z40.243 X190.500 Y275.563 E27.07285 ; perimeter
G1 Z40.255 X185.499 Y275.432 E27.07405 ; perimeter
G1 Z40.268 X180.511 Y275.040 E27.07779 ; perimeter
G1 Z40.280 X175.551 Y274.387 E27.07466 ; perimeter
G1 Z40.293 X170.631 Y273.475 E27.08014 ; perimeter
G1 Z40.305 X165.766 Y272.307 E27.07714 ; perimeter
G1 Z40.317 X161.007 Y270.897 E26.86181 ; perimeter
G1 Z40.338 X153.125 Y267.950 E45.54066 ; perimeter
G1 Z40.351 X148.608 Y265.892 E26.86323 ; perimeter
G1 Z40.363 X144.205 Y263.600 E26.86379 ; perimeter
G1 Z40.384 X137.030 Y259.203 E45.54179 ; perimeter
G1 Z40.397 X132.989 Y256.320 E26.86471 ; perimeter
G1 Z40.409 X129.104 Y253.230 E26.86469 ; perimeter
G1 Z40.430 X122.929 Y247.572 E45.32562 ; perimeter
G1 Z40.451 X117.270 Y241.396 E45.33327 ; perimeter
G1 Z40.463 X114.180 Y237.511 E26.86469 ; perimeter
G1 Z40.476 X111.274 Y233.438 E27.07794 ; perimeter
G1 Z40.488 X108.587 Y229.219 E27.07315 ; perimeter
G1 Z40.500 X106.291 Y225.163 E25.22082 ; perimeter
;LAYER_CHANGE
;Z:42
;HEIGHT:1.5
G1 Z40.500 F960 ; simple layer change
G1 F2400
G1 Z40.509 X104.693 Y221.852 E19.89820 ; perimeter
G1 Z40.522 X102.566 Y217.368 E26.85999 ; perimeter
G1 Z40.543 X99.628 Y209.485 E45.52779 ; perimeter
G1 Z40.555 X98.220 Y204.727 E26.85418 ; perimeter
G1 Z40.568 X97.052 Y199.863 E27.06921 ; perimeter
G1 Z40.580 X96.140 Y194.944 E27.07230 ; perimeter
G1 Z40.593 X95.488 Y189.986 E27.06677 ; perimeter
G1 Z40.605 X95.151 Y184.997 E27.05862 ; perimeter
G1 Z40.617 X94.940 Y180.039 E26.85901 ; perimeter
G1 Z40.638 X95.305 Y171.632 E45.53994 ; perimeter
G1 Z40.651 X95.867 Y166.700 E26.86422 ; perimeter
G1 Z40.663 X96.692 Y161.766 E27.07303 ; perimeter
G1 Z40.676 X97.775 Y156.881 E27.07903 ; perimeter
G1 Z40.688 X99.112 Y152.060 E27.07552 ; perimeter
G1 Z40.701 X100.700 Y147.315 E27.07938 ; perimeter
G1 Z40.713 X102.534 Y142.660 E27.07714 ; perimeter
G1 Z40.726 X104.614 Y138.096 E27.14409 ; perimeter
G1 Z40.747 X108.585 Y130.784 E45.03094 ; perimeter
G1 Z40.759 X111.274 Y126.562 E27.08979 ; perimeter
G1 Z40.772 X114.188 Y122.478 E27.15160 ; perimeter
G1 Z40.793 X119.480 Y116.058 E45.02694 ; perimeter
G1 Z40.805 X122.927 Y112.427 E27.09518 ; perimeter
G1 Z40.818 X126.556 Y108.983 E27.07612 ; perimeter
G1 Z40.830 X130.360 Y105.733 E27.07734 ; perimeter
G1 Z40.843 X134.329 Y102.688 E27.07302 ; perimeter
G1 Z40.855 X138.452 Y99.854 E27.07610 ; perimeter
G1 Z40.868 X142.718 Y97.240 E27.07668 ; perimeter
G1 Z40.880 X147.081 Y94.871 E26.86827 ; perimeter
G1 Z40.901 X154.738 Y91.381 E45.54037 ; perimeter
G1 Z40.913 X159.388 Y89.643 E26.86568 ; perimeter
G1 Z40.926 X164.122 Y88.150 E26.86386 ; perimeter
G1 Z40.947 X172.304 Y86.186 E45.53799 ; perimeter
G1 Z40.959 X177.200 Y85.367 E26.86483 ; perimeter
G1 Z40.972 X182.171 Y84.800 E27.07699 ; perimeter
G1 Z40.984 X187.178 Y84.494 E27.14793 ; perimeter
G1 Z41.005 X195.498 Y84.567 E45.02875 ; perimeter
G1 Z41.018 X200.489 Y84.960 E27.09432 ; perimeter
G1 Z41.030 X205.449 Y85.613 E27.07475 ; perimeter
G1 Z41.043 X210.369 Y86.525 E27.08014 ; perimeter
G1 Z41.055 X215.234 Y87.693 E27.07706 ; perimeter
G1 Z41.067 X219.993 Y89.103 E26.86181 ; perimeter
G1 Z41.088 X227.875 Y92.050 E45.54074 ; perimeter
G1 Z41.101 X232.392 Y94.108 E26.86317 ; perimeter
G1 Z41.113 X236.771 Y96.445 E26.86038 ; perimeter
G1 Z41.134 X243.970 Y100.797 E45.52816 ; perimeter
G1 Z41.147 X248.011 Y103.680 E26.86470 ; perimeter
G1 Z41.159 X251.896 Y106.770 E26.86476 ; perimeter
G1 Z41.180 X258.072 Y112.428 E45.32957 ; perimeter
G1 Z41.201 X263.719 Y118.613 E45.32664 ; perimeter
G1 Z41.213 X266.808 Y122.498 E26.86056 ; perimeter
G1 Z41.226 X269.689 Y126.587 E27.06720 ; perimeter
G1 Z41.238 X272.414 Y130.781 E27.06991 ; perimeter
G1 Z41.251 X274.877 Y135.136 E27.07706 ; perimeter
G1 Z41.263 X277.110 Y139.613 E27.07563 ; perimeter
G1 Z41.276 X279.105 Y144.201 E27.07561 ; perimeter
G1 Z41.288 X280.857 Y148.888 E27.07977 ; perimeter
G1 Z41.301 X282.350 Y153.622 E26.86386 ; perimeter
G1 Z41.322 X284.314 Y161.804 E45.53799 ; perimeter
G1 Z41.334 X285.133 Y166.700 E26.86483 ; perimeter
G1 Z41.347 X285.695 Y171.632 E26.86422 ; perimeter
G1 Z41.368 X286.061 Y180.000 E45.33008 ; perimeter
G1 Z41.388 X285.695 Y188.368 E45.33008 ; perimeter
G1 Z41.401 X285.133 Y193.300 E26.86422 ; perimeter
G1 Z41.413 X284.314 Y198.196 E26.86483 ; perimeter
G1 Z41.434 X282.350 Y206.378 E45.53791 ; perimeter
G1 Z41.447 X280.857 Y211.112 E26.86394 ; perimeter
G1 Z41.459 X279.105 Y215.799 E27.07985 ; perimeter
G1 Z41.472 X277.110 Y220.387 E27.07553 ; perimeter
G1 Z41.484 X274.877 Y224.864 E27.07571 ; perimeter
G1 Z41.497 X272.414 Y229.219 E27.07696 ; perimeter
G1 Z41.509 X269.726 Y233.438 E27.07326 ; perimeter
G1 Z41.522 X266.820 Y237.511 E27.07792 ; perimeter
G1 Z41.534 X263.730 Y241.396 E26.86469 ; perimeter
G1 Z41.555 X258.071 Y247.572 E45.33344 ; perimeter
G1 Z41.576 X251.896 Y253.230 E45.32555 ; perimeter
G1 Z41.588 X248.011 Y256.320 E26.86463 ; perimeter
G1 Z41.601 X243.970 Y259.203 E26.86478 ; perimeter
G1 Z41.622 X236.795 Y263.600 E45.54179 ; perimeter
G1 Z41.634 X232.392 Y265.892 E26.86379 ; perimeter
G1 Z41.647 X227.840 Y267.966 E27.07150 ; perimeter
G1 Z41.659 X223.185 Y269.800 E27.07713 ; perimeter
G1 Z41.672 X218.440 Y271.388 E27.07939 ; perimeter
G1 Z41.684 X213.619 Y272.725 E27.07552 ; perimeter
G1 Z41.697 X208.773 Y273.799 E26.86236 ; perimeter
G1 Z41.718 X200.450 Y275.043 E45.54368 ; perimeter
G1 Z41.730 X195.501 Y275.432 E26.86611 ; perimeter
G1 Z41.743 X190.500 Y275.563 E27.07420 ; perimeter
G1 Z41.755 X185.499 Y275.432 E27.07420 ; perimeter
G1 Z41.768 X180.511 Y275.040 E27.07779 ; perimeter
G1 Z41.780 X175.551 Y274.387 E27.07466 ; perimeter
G1 Z41.793 X170.631 Y273.475 E27.08014 ; perimeter
G1 Z41.805 X165.766 Y272.307 E27.07706 ; perimeter
G1 Z41.817 X161.007 Y270.897 E26.86189 ; perimeter
G1 Z41.838 X153.125 Y267.950 E45.54066 ; perimeter
G1 Z41.851 X148.608 Y265.892 E26.86323 ; perimeter
G1 Z41.863 X144.205 Y263.600 E26.86379 ; perimeter
G1 Z41.884 X137.030 Y259.203 E45.54179 ; perimeter
G1 Z41.897 X132.989 Y256.320 E26.86471 ; perimeter
G1 Z41.909 X129.104 Y253.230 E26.86469 ; perimeter
G1 Z41.930 X122.929 Y247.572 E45.32562 ; perimeter
G1 Z41.951 X117.270 Y241.396 E45.33327 ; perimeter
G1 Z41.963 X114.180 Y237.511 E26.86469 ; perimeter
G1 Z41.976 X111.297 Y233.470 E26.86471 ; perimeter
G1 Z41.997 X106.900 Y226.295 E45.54178 ; perimeter
G1 Z42.000 X106.307 Y225.155 E6.95433 ; perimeter
;LAYER_CHANGE
;Z:43.5
;HEIGHT:1.5
G1 Z42.000 F960 ; simple layer change
G1 F2400
G1 Z42.023 X102.399 Y216.972 E49.07555 ; perimeter
G1 Z42.034 X100.784 Y212.657 E24.93463 ; perimeter
G1 Z42.047 X99.139 Y207.932 E27.07637 ; perimeter
G1 Z42.059 X97.802 Y203.112 E27.06742 ; perimeter
G1 Z42.072 X96.720 Y198.229 E27.07107 ; perimeter
G1 Z42.084 X95.894 Y193.296 E27.06529 ; perimeter
G1 Z42.097 X95.331 Y188.366 E26.85680 ; perimeter
G1 Z42.118 X94.940 Y180.000 E45.32523 ; perimeter
G1 Z42.138 X95.305 Y171.632 E45.33009 ; perimeter
G1 Z42.151 X95.867 Y166.700 E26.86422 ; perimeter
G1 Z42.163 X96.692 Y161.766 E27.07295 ; perimeter
G1 Z42.176 X97.775 Y156.881 E27.07912 ; perimeter
G1 Z42.188 X99.112 Y152.060 E27.07544 ; perimeter
G1 Z42.201 X100.700 Y147.315 E27.07939 ; perimeter
G1 Z42.213 X102.534 Y142.660 E27.07713 ; perimeter
G1 Z42.226 X104.614 Y138.096 E27.14406 ; perimeter
G1 Z42.247 X108.585 Y130.784 E45.02832 ; perimeter
G1 Z42.259 X111.274 Y126.562 E27.09233 ; perimeter
G1 Z42.272 X114.188 Y122.478 E27.15164 ; perimeter
G1 Z42.293 X119.480 Y116.058 E45.02676 ; perimeter
G1 Z42.305 X122.927 Y112.427 E27.09518 ; perimeter
G1 Z42.318 X126.556 Y108.983 E27.07615 ; perimeter
G1 Z42.330 X130.360 Y105.733 E27.07731 ; perimeter
G1 Z42.343 X134.340 Y102.680 E27.14649 ; perimeter
G1 Z42.363 X141.290 Y98.107 E45.02295 ; perimeter
G1 Z42.376 X145.646 Y95.642 E27.09033 ; perimeter
G1 Z42.388 X150.141 Y93.451 E27.05999 ; perimeter
G1 Z42.401 X154.702 Y91.397 E27.07174 ; perimeter
G1 Z42.413 X159.388 Y89.643 E27.07904 ; perimeter
G1 Z42.426 X164.122 Y88.150 E26.86387 ; perimeter
G1 Z42.447 X172.304 Y86.186 E45.53799 ; perimeter
G1 Z42.459 X177.200 Y85.367 E26.86483 ; perimeter
G1 Z42.472 X182.171 Y84.800 E27.07699 ; perimeter
G1 Z42.484 X187.178 Y84.494 E27.14794 ; perimeter
G1 Z42.505 X195.498 Y84.567 E45.02875 ; perimeter
G1 Z42.518 X200.489 Y84.960 E27.09440 ; perimeter
G1 Z42.530 X205.449 Y85.613 E27.07466 ; perimeter
G1 Z42.543 X210.369 Y86.525 E27.08022 ; perimeter
G1 Z42.555 X215.234 Y87.693 E27.07706 ; perimeter
G1 Z42.567 X219.993 Y89.103 E26.86181 ; perimeter
G1 Z42.588 X227.875 Y92.050 E45.54066 ; perimeter
G1 Z42.601 X232.392 Y94.108 E26.86323 ; perimeter
G1 Z42.613 X236.795 Y96.400 E26.86372 ; perimeter
G1 Z42.634 X243.970 Y100.797 E45.54186 ; perimeter
G1 Z42.647 X248.011 Y103.680 E26.86478 ; perimeter
G1 Z42.659 X251.896 Y106.770 E26.86463 ; perimeter
G1 Z42.680 X258.072 Y112.428 E45.32961 ; perimeter
G1 Z42.701 X263.730 Y118.604 E45.32964 ; perimeter
G1 Z42.713 X266.820 Y122.489 E26.86466 ; perimeter
G1 Z42.726 X269.726 Y126.562 E27.07799 ; perimeter
G1 Z42.738 X272.414 Y130.781 E27.07319 ; perimeter
G1 Z42.751 X274.877 Y135.136 E27.07703 ; perimeter
G1 Z42.763 X277.110 Y139.613 E27.07563 ; perimeter
G1 Z42.776 X279.105 Y144.201 E27.07561 ; perimeter
G1 Z42.788 X280.857 Y148.888 E27.07977 ; perimeter
G1 Z42.801 X282.350 Y153.622 E26.86386 ; perimeter
G1 Z42.822 X284.314 Y161.804 E45.53799 ; perimeter
G1 Z42.834 X285.133 Y166.700 E26.86483 ; perimeter
G1 Z42.847 X285.695 Y171.632 E26.86422 ; perimeter
G1 Z42.868 X286.061 Y180.039 E45.54058 ; perimeter
G1 Z42.880 X285.895 Y184.999 E26.86043 ; perimeter
G1 Z42.893 X285.528 Y189.988 E27.06887 ; perimeter
G1 Z42.905 X284.875 Y194.947 E27.07137 ; perimeter
G1 Z42.917 X283.960 Y199.825 E26.85822 ; perimeter
G1 Z42.938 X281.865 Y207.974 E45.53635 ; perimeter
G1 Z42.951 X280.290 Y212.681 E26.86415 ; perimeter
G1 Z42.963 X278.457 Y217.336 E27.07415 ; perimeter
G1 Z42.976 X276.383 Y221.887 E27.06861 ; perimeter
G1 Z42.988 X274.092 Y226.290 E26.86108 ; perimeter
G1 Z43.009 X269.703 Y233.470 E45.54008 ; perimeter
G1 Z43.022 X266.820 Y237.511 E26.86467 ; perimeter
G1 Z43.034 X263.730 Y241.396 E26.86469 ; perimeter
G1 Z43.055 X258.071 Y247.572 E45.33321 ; perimeter
G1 Z43.076 X251.896 Y253.230 E45.32573 ; perimeter
G1 Z43.088 X248.011 Y256.320 E26.86464 ; perimeter
G1 Z43.101 X243.970 Y259.203 E26.86471 ; perimeter
G1 Z43.122 X236.795 Y263.600 E45.54179 ; perimeter
G1 Z43.134 X232.392 Y265.892 E26.86379 ; perimeter
G1 Z43.147 X227.840 Y267.966 E27.07150 ; perimeter
G1 Z43.159 X223.185 Y269.800 E27.07713 ; perimeter
G1 Z43.172 X218.440 Y271.388 E27.07939 ; perimeter
G1 Z43.184 X213.619 Y272.725 E27.07552 ; perimeter
G1 Z43.197 X208.734 Y273.807 E27.07885 ; perimeter
G1 Z43.209 X203.784 Y274.618 E27.14267 ; perimeter
G1 Z43.230 X195.505 Y275.432 E45.02361 ; perimeter
G1 Z43.243 X190.500 Y275.563 E27.09585 ; perimeter
G1 Z43.255 X185.499 Y275.432 E27.07420 ; perimeter
G1 Z43.268 X180.511 Y275.040 E27.07779 ; perimeter
G1 Z43.280 X175.551 Y274.387 E27.07466 ; perimeter
G1 Z43.293 X170.631 Y273.475 E27.08014 ; perimeter
G1 Z43.305 X165.766 Y272.307 E27.07706 ; perimeter
G1 Z43.317 X161.007 Y270.897 E26.86189 ; perimeter
G1 Z43.338 X153.125 Y267.950 E45.54066 ; perimeter
G1 Z43.351 X148.608 Y265.892 E26.86323 ; perimeter
G1 Z43.363 X144.205 Y263.600 E26.86379 ; perimeter
G1 Z43.384 X137.030 Y259.203 E45.54179 ; perimeter
G1 Z43.397 X132.989 Y256.320 E26.86471 ; perimeter
G1 Z43.409 X129.104 Y253.230 E26.86464 ; perimeter
G1 Z43.430 X122.929 Y247.572 E45.32567 ; perimeter
G1 Z43.451 X117.270 Y241.396 E45.33327 ; perimeter
G1 Z43.463 X114.180 Y237.511 E26.86469 ; perimeter
G1 Z43.476 X111.274 Y233.438 E27.07794 ; perimeter
G1 Z43.488 X108.587 Y229.219 E27.07315 ; perimeter
G1 Z43.500 X106.292 Y225.163 E25.21816 ; perimeter
;LAYER_CHANGE
;Z:45
;HEIGHT:1.5
G1 Z43.500 F960 ; simple layer change
G1 F2400
G1 Z43.509 X104.694 Y221.851 E19.90046 ; perimeter
G1 Z43.522 X102.567 Y217.367 E26.86005 ; perimeter
G1 Z43.543 X99.628 Y209.485 E45.52701 ; perimeter
G1 Z43.555 X98.220 Y204.727 E26.85417 ; perimeter
G1 Z43.568 X97.052 Y199.863 E27.06921 ; perimeter
G1 Z43.580 X96.140 Y194.944 E27.07238 ; perimeter
G1 Z43.593 X95.488 Y189.986 E27.06686 ; perimeter
G1 Z43.605 X95.151 Y184.997 E27.05854 ; perimeter
G1 Z43.618 X94.939 Y180.000 E27.06961 ; perimeter
G1 Z43.630 X95.150 Y174.990 E27.14000 ; perimeter
G1 Z43.651 X95.866 Y166.704 E45.00771 ; perimeter
G1 Z43.663 X96.692 Y161.766 E27.09499 ; perimeter
G1 Z43.676 X97.775 Y156.881 E27.07911 ; perimeter
G1 Z43.688 X99.112 Y152.060 E27.07553 ; perimeter
G1 Z43.701 X100.700 Y147.315 E27.07939 ; perimeter
G1 Z43.713 X102.534 Y142.660 E27.07713 ; perimeter
G1 Z43.726 X104.614 Y138.096 E27.14406 ; perimeter
G1 Z43.747 X108.584 Y130.784 E45.02826 ; perimeter
G1 Z43.759 X111.274 Y126.562 E27.09270 ; perimeter
G1 Z43.772 X114.188 Y122.478 E27.14844 ; perimeter
G1 Z43.793 X119.480 Y116.058 E45.02998 ; perimeter
G1 Z43.805 X122.927 Y112.427 E27.09518 ; perimeter
G1 Z43.818 X126.556 Y108.983 E27.07618 ; perimeter
G1 Z43.830 X130.360 Y105.733 E27.07728 ; perimeter
G1 Z43.843 X134.329 Y102.688 E27.07304 ; perimeter
G1 Z43.855 X138.489 Y99.909 E27.07206 ; perimeter
G1 Z43.868 X142.729 Y97.259 E27.06110 ; perimeter
G1 Z43.880 X147.090 Y94.890 E26.86227 ; perimeter
G1 Z43.901 X154.738 Y91.381 E45.53648 ; perimeter
G1 Z43.913 X159.388 Y89.643 E26.86566 ; perimeter
G1 Z43.926 X164.122 Y88.150 E26.86385 ; perimeter
G1 Z43.947 X172.304 Y86.186 E45.53799 ; perimeter
G1 Z43.959 X177.200 Y85.367 E26.86483 ; perimeter
G1 Z43.972 X182.171 Y84.800 E27.07699 ; perimeter
G1 Z43.984 X187.178 Y84.494 E27.14794 ; perimeter
G1 Z44.005 X195.498 Y84.567 E45.02868 ; perimeter
G1 Z44.018 X200.489 Y84.960 E27.09448 ; perimeter
G1 Z44.030 X205.449 Y85.613 E27.07466 ; perimeter
G1 Z44.043 X210.369 Y86.525 E27.08014 ; perimeter
G1 Z44.055 X215.234 Y87.693 E27.07714 ; perimeter
G1 Z44.067 X219.993 Y89.103 E26.86189 ; perimeter
G1 Z44.088 X227.875 Y92.050 E45.54058 ; perimeter
G1 Z44.101 X232.404 Y94.114 E26.93576 ; perimeter
G1 Z44.122 X239.688 Y98.129 E45.01409 ; perimeter
G1 Z44.134 X243.937 Y100.775 E27.08931 ; perimeter
G1 Z44.147 X248.011 Y103.680 E27.07727 ; perimeter
G1 Z44.159 X251.896 Y106.770 E26.86481 ; perimeter
G1 Z44.180 X258.099 Y112.456 E45.53942 ; perimeter
G1 Z44.193 X261.482 Y116.089 E26.86242 ; perimeter
G1 Z44.205 X264.755 Y119.870 E27.06585 ; perimeter
G1 Z44.218 X267.800 Y123.838 E27.06852 ; perimeter
G1 Z44.230 X270.633 Y127.960 E27.07191 ; perimeter
G1 Z44.243 X273.247 Y132.225 E27.07246 ; perimeter
G1 Z44.255 X275.617 Y136.587 E26.86436 ; perimeter
G1 Z44.276 X279.119 Y144.238 E45.53771 ; perimeter
G1 Z44.288 X280.857 Y148.888 E26.86572 ; perimeter
G1 Z44.301 X282.350 Y153.622 E26.86386 ; perimeter
G1 Z44.322 X284.314 Y161.804 E45.53799 ; perimeter
G1 Z44.334 X285.133 Y166.700 E26.86483 ; perimeter
G1 Z44.347 X285.695 Y171.632 E26.86422 ; perimeter
G1 Z44.368 X286.062 Y180.039 E45.54118 ; perimeter
G1 Z44.380 X285.932 Y185.001 E26.86306 ; perimeter
G1 Z44.393 X285.540 Y189.989 E27.07779 ; perimeter
G1 Z44.405 X284.887 Y194.949 E27.07466 ; perimeter
G1 Z44.417 X283.982 Y199.830 E26.86570 ; perimeter
G1 Z44.438 X281.875 Y207.977 E45.54141 ; perimeter
G1 Z44.451 X280.300 Y212.685 E26.86718 ; perimeter
G1 Z44.463 X278.466 Y217.340 E27.07713 ; perimeter
G1 Z44.476 X276.392 Y221.892 E27.07150 ; perimeter
G1 Z44.488 X274.100 Y226.295 E26.86372 ; perimeter
G1 Z44.509 X269.703 Y233.470 E45.54187 ; perimeter
G1 Z44.522 X266.820 Y237.511 E26.86471 ; perimeter
G1 Z44.534 X263.730 Y241.396 E26.86469 ; perimeter
G1 Z44.555 X258.071 Y247.572 E45.33333 ; perimeter
G1 Z44.576 X251.896 Y253.230 E45.32557 ; perimeter
G1 Z44.588 X248.011 Y256.320 E26.86476 ; perimeter
G1 Z44.601 X243.970 Y259.203 E26.86464 ; perimeter
G1 Z44.622 X236.795 Y263.600 E45.54179 ; perimeter
G1 Z44.634 X232.392 Y265.892 E26.86379 ; perimeter
G1 Z44.647 X227.840 Y267.966 E27.07150 ; perimeter
G1 Z44.659 X223.185 Y269.800 E27.07713 ; perimeter
G1 Z44.672 X218.440 Y271.388 E27.07939 ; perimeter
G1 Z44.684 X213.619 Y272.725 E27.07552 ; perimeter
G1 Z44.697 X208.773 Y273.799 E26.86243 ; perimeter
G1 Z44.718 X200.448 Y275.027 E45.53917 ; perimeter
G1 Z44.730 X195.501 Y275.432 E26.86465 ; perimeter
G1 Z44.743 X190.500 Y275.563 E27.07420 ; perimeter
G1 Z44.755 X185.499 Y275.432 E27.07420 ; perimeter
G1 Z44.768 X180.511 Y275.040 E27.07779 ; perimeter
G1 Z44.780 X175.551 Y274.387 E27.07466 ; perimeter
G1 Z44.793 X170.631 Y273.475 E27.08014 ; perimeter
G1 Z44.805 X165.766 Y272.307 E27.07706 ; perimeter
G1 Z44.817 X161.007 Y270.897 E26.86189 ; perimeter
G1 Z44.838 X153.125 Y267.950 E45.54066 ; perimeter
G1 Z44.851 X148.608 Y265.892 E26.86323 ; perimeter
G1 Z44.863 X144.205 Y263.600 E26.86379 ; perimeter
G1 Z44.884 X137.030 Y259.203 E45.54179 ; perimeter
G1 Z44.897 X132.989 Y256.320 E26.86471 ; perimeter
G1 Z44.909 X129.104 Y253.230 E26.86469 ; perimeter
G1 Z44.930 X122.929 Y247.572 E45.32562 ; perimeter
G1 Z44.951 X117.270 Y241.396 E45.33327 ; perimeter
G1 Z44.963 X114.180 Y237.511 E26.86469 ; perimeter
G1 Z44.976 X111.297 Y233.470 E26.86471 ; perimeter
G1 Z44.997 X106.900 Y226.295 E45.54178 ; perimeter
G1 Z45.000 X106.307 Y225.155 E6.95433 ; perimeter
;LAYER_CHANGE
;Z:46.5
;HEIGHT:1.5
G1 Z45.000 F960 ; simple layer change
G1 F2400
G1 Z45.009 X104.608 Y221.892 E19.90945 ; perimeter
G1 Z45.022 X102.550 Y217.375 E26.86323 ; perimeter
G1 Z45.043 X99.603 Y209.493 E45.54065 ; perimeter
G1 Z45.055 X98.193 Y204.734 E26.86198 ; perimeter
G1 Z45.068 X97.025 Y199.869 E27.07698 ; perimeter
G1 Z45.080 X96.113 Y194.949 E27.08014 ; perimeter
G1 Z45.093 X95.460 Y189.989 E27.07466 ; perimeter
G1 Z45.105 X95.068 Y185.001 E27.07779 ; perimeter
G1 Z45.117 X94.938 Y180.039 E26.86306 ; perimeter
G1 Z45.138 X95.382 Y171.639 E45.52107 ; perimeter
G1 Z45.151 X95.867 Y166.700 E26.86026 ; perimeter
G1 Z45.163 X96.692 Y161.766 E27.07304 ; perimeter
G1 Z45.176 X97.775 Y156.881 E27.07904 ; perimeter
G1 Z45.188 X99.112 Y152.060 E27.07552 ; perimeter
G1 Z45.201 X100.700 Y147.315 E27.07940 ; perimeter
G1 Z45.213 X102.534 Y142.660 E27.07713 ; perimeter
G1 Z45.226 X104.608 Y138.108 E27.07148 ; perimeter
G1 Z45.238 X106.964 Y133.740 E26.85963 ; perimeter
G1 Z45.259 X111.297 Y126.530 E45.52306 ; perimeter
G1 Z45.272 X114.187 Y122.478 E26.93510 ; perimeter
G1 Z45.293 X119.480 Y116.058 E45.03025 ; perimeter
G1 Z45.305 X122.927 Y112.427 E27.09518 ; perimeter
G1 Z45.318 X126.556 Y108.983 E27.07615 ; perimeter
G1 Z45.330 X130.360 Y105.733 E27.07731 ; perimeter
G1 Z45.343 X134.340 Y102.680 E27.14651 ; perimeter
G1 Z45.363 X141.290 Y98.107 E45.02291 ; perimeter
G1 Z45.376 X145.646 Y95.642 E27.09028 ; perimeter
G1 Z45.388 X150.141 Y93.451 E27.06007 ; perimeter
G1 Z45.401 X154.702 Y91.397 E27.07176 ; perimeter
G1 Z45.413 X159.388 Y89.643 E27.07906 ; perimeter
G1 Z45.426 X164.122 Y88.150 E26.86393 ; perimeter
G1 Z45.447 X172.304 Y86.186 E45.53791 ; perimeter
G1 Z45.459 X177.200 Y85.367 E26.86483 ; perimeter
G1 Z45.472 X182.171 Y84.800 E27.07699 ; perimeter
G1 Z45.484 X187.178 Y84.494 E27.14794 ; perimeter
G1 Z45.505 X195.498 Y84.567 E45.02875 ; perimeter
G1 Z45.518 X200.489 Y84.960 E27.09432 ; perimeter
G1 Z45.530 X205.449 Y85.613 E27.07475 ; perimeter
G1 Z45.543 X210.369 Y86.525 E27.08014 ; perimeter
G1 Z45.555 X215.234 Y87.693 E27.07706 ; perimeter
G1 Z45.567 X219.993 Y89.103 E26.86189 ; perimeter
G1 Z45.588 X227.875 Y92.050 E45.54066 ; perimeter
G1 Z45.601 X232.404 Y94.114 E26.93587 ; perimeter
G1 Z45.622 X239.716 Y98.084 E45.02819 ; perimeter
G1 Z45.634 X243.938 Y100.774 E27.09270 ; perimeter
G1 Z45.647 X248.011 Y103.680 E27.07808 ; perimeter
G1 Z45.659 X251.896 Y106.770 E26.86460 ; perimeter
G1 Z45.680 X258.100 Y112.455 E45.54005 ; perimeter
G1 Z45.693 X261.517 Y116.056 E26.86565 ; perimeter
G1 Z45.705 X264.767 Y119.860 E27.07731 ; perimeter
G1 Z45.718 X267.820 Y123.840 E27.14657 ; perimeter
G1 Z45.738 X272.399 Y130.786 E45.02416 ; perimeter
G1 Z45.751 X274.864 Y135.143 E27.09236 ; perimeter
G1 Z45.763 X277.070 Y139.631 E27.06498 ; perimeter
G1 Z45.776 X279.104 Y144.202 E27.07266 ; perimeter
G1 Z45.788 X280.857 Y148.888 E27.07926 ; perimeter
G1 Z45.801 X282.350 Y153.622 E26.86386 ; perimeter
G1 Z45.822 X284.314 Y161.804 E45.53799 ; perimeter
G1 Z45.834 X285.133 Y166.700 E26.86483 ; perimeter
G1 Z45.847 X285.695 Y171.632 E26.86422 ; perimeter
G1 Z45.868 X286.061 Y180.000 E45.33001 ; perimeter
G1 Z45.888 X285.684 Y188.367 E45.32799 ; perimeter
G1 Z45.901 X285.122 Y193.299 E26.86095 ; perimeter
G1 Z45.913 X284.297 Y198.232 E27.06971 ; perimeter
G1 Z45.926 X283.191 Y203.110 E27.07068 ; perimeter
G1 Z45.938 X281.887 Y207.940 E27.07298 ; perimeter
G1 Z45.960 X278.937 Y216.184 E47.38843 ; perimeter
G1 Z45.972 X277.102 Y220.379 E24.77816 ; perimeter
G1 Z45.984 X274.868 Y224.859 E27.09461 ; perimeter
G1 Z45.997 X272.388 Y229.203 E27.06960 ; perimeter
G1 Z46.009 X269.725 Y233.438 E27.07097 ; perimeter
G1 Z46.022 X266.820 Y237.511 E27.07755 ; perimeter
G1 Z46.034 X263.730 Y241.396 E26.86469 ; perimeter
G1 Z46.055 X258.072 Y247.572 E45.32961 ; perimeter
G1 Z46.076 X251.896 Y253.230 E45.32950 ; perimeter
G1 Z46.088 X248.011 Y256.320 E26.86463 ; perimeter
G1 Z46.101 X243.970 Y259.203 E26.86478 ; perimeter
G1 Z46.122 X236.795 Y263.600 E45.54179 ; perimeter
G1 Z46.134 X232.392 Y265.892 E26.86379 ; perimeter
G1 Z46.147 X227.840 Y267.966 E27.07150 ; perimeter
G1 Z46.159 X223.185 Y269.800 E27.07713 ; perimeter
G1 Z46.172 X218.440 Y271.388 E27.07939 ; perimeter
G1 Z46.184 X213.619 Y272.725 E27.07552 ; perimeter
G1 Z46.197 X208.773 Y273.799 E26.86244 ; perimeter
G1 Z46.218 X200.450 Y275.043 E45.54368 ; perimeter
G1 Z46.230 X195.501 Y275.432 E26.86603 ; perimeter
G1 Z46.243 X190.500 Y275.563 E27.07420 ; perimeter
G1 Z46.255 X185.499 Y275.432 E27.07420 ; perimeter
G1 Z46.268 X180.511 Y275.040 E27.07779 ; perimeter
G1 Z46.280 X175.551 Y274.387 E27.07466 ; perimeter
G1 Z46.293 X170.631 Y273.475 E27.08014 ; perimeter
G1 Z46.305 X165.766 Y272.307 E27.07706 ; perimeter
G1 Z46.317 X161.007 Y270.897 E26.86189 ; perimeter
G1 Z46.338 X153.125 Y267.950 E45.54066 ; perimeter
G1 Z46.351 X148.608 Y265.892 E26.86323 ; perimeter
G1 Z46.363 X144.205 Y263.600 E26.86379 ; perimeter
G1 Z46.384 X137.030 Y259.203 E45.54179 ; perimeter
G1 Z46.397 X132.989 Y256.320 E26.86471 ; perimeter
G1 Z46.409 X129.104 Y253.230 E26.86469 ; perimeter
G1 Z46.430 X122.929 Y247.572 E45.32562 ; perimeter
G1 Z46.451 X117.270 Y241.396 E45.33327 ; perimeter
G1 Z46.463 X114.180 Y237.511 E26.86469 ; perimeter
G1 Z46.476 X111.297 Y233.470 E26.86471 ; perimeter
G1 Z46.497 X106.900 Y226.295 E45.54179 ; perimeter
G1 Z46.500 X106.307 Y225.155 E6.95434 ; perimeter
;LAYER_CHANGE
;Z:48
;HEIGHT:1.5
G1 Z46.500 F960 ; simple layer change
G1 F2400
G1 Z46.513 X103.911 Y220.363 E28.99304 ; perimeter
G1 Z46.523 X102.384 Y216.932 E20.32665 ; perimeter
G1 Z46.534 X100.784 Y212.657 E24.70156 ; perimeter
G1 Z46.547 X99.139 Y207.932 E27.07637 ; perimeter
G1 Z46.559 X97.802 Y203.112 E27.06749 ; perimeter
G1 Z46.572 X96.720 Y198.229 E27.07100 ; perimeter
G1 Z46.584 X95.894 Y193.296 E27.06528 ; perimeter
G1 Z46.597 X95.331 Y188.366 E26.85680 ; perimeter
G1 Z46.618 X94.940 Y180.000 E45.32514 ; perimeter
G1 Z46.638 X95.305 Y171.632 E45.33001 ; perimeter
G1 Z46.651 X95.867 Y166.700 E26.86430 ; perimeter
G1 Z46.663 X96.692 Y161.766 E27.07302 ; perimeter
G1 Z46.676 X97.775 Y156.881 E27.07904 ; perimeter
G1 Z46.688 X99.112 Y152.060 E27.07551 ; perimeter
G1 Z46.701 X100.700 Y147.315 E27.07940 ; perimeter
G1 Z46.713 X102.534 Y142.660 E27.07713 ; perimeter
G1 Z46.726 X104.614 Y138.096 E27.14399 ; perimeter
G1 Z46.747 X108.648 Y130.823 E45.00865 ; perimeter
G1 Z46.759 X111.276 Y126.563 E27.08872 ; perimeter
G1 Z46.772 X114.187 Y122.478 E27.14754 ; perimeter
G1 Z46.793 X119.480 Y116.058 E45.03019 ; perimeter
G1 Z46.805 X122.927 Y112.427 E27.09521 ; perimeter
G1 Z46.818 X126.556 Y108.983 E27.07618 ; perimeter
G1 Z46.830 X130.360 Y105.733 E27.07731 ; perimeter
G1 Z46.843 X134.329 Y102.688 E27.07301 ; perimeter
G1 Z46.855 X138.489 Y99.909 E27.07206 ; perimeter
G1 Z46.868 X142.729 Y97.259 E27.06110 ; perimeter
G1 Z46.880 X147.090 Y94.890 E26.86221 ; perimeter
G1 Z46.901 X154.738 Y91.381 E45.53654 ; perimeter
G1 Z46.913 X159.388 Y89.643 E26.86565 ; perimeter
G1 Z46.926 X164.122 Y88.150 E26.86386 ; perimeter
G1 Z46.947 X172.304 Y86.186 E45.53799 ; perimeter
G1 Z46.959 X177.200 Y85.367 E26.86475 ; perimeter
G1 Z46.972 X182.171 Y84.800 E27.07707 ; perimeter
G1 Z46.984 X187.178 Y84.494 E27.14794 ; perimeter
G1 Z47.005 X195.498 Y84.567 E45.02884 ; perimeter
G1 Z47.018 X200.489 Y84.960 E27.09432 ; perimeter
G1 Z47.030 X205.449 Y85.613 E27.07458 ; perimeter
G1 Z47.043 X210.369 Y86.525 E27.08014 ; perimeter
G1 Z47.055 X215.234 Y87.693 E27.07723 ; perimeter
G1 Z47.067 X219.993 Y89.103 E26.86180 ; perimeter
G1 Z47.088 X227.875 Y92.050 E45.54066 ; perimeter
G1 Z47.101 X232.404 Y94.114 E26.93579 ; perimeter
G1 Z47.122 X239.716 Y98.084 E45.02826 ; perimeter
G1 Z47.134 X243.938 Y100.774 E27.09277 ; perimeter
G1 Z47.147 X248.011 Y103.680 E27.07792 ; perimeter
G1 Z47.159 X251.896 Y106.770 E26.86460 ; perimeter
G1 Z47.180 X258.100 Y112.455 E45.54014 ; perimeter
G1 Z47.193 X261.517 Y116.056 E26.86565 ; perimeter
G1 Z47.205 X264.767 Y119.860 E27.07731 ; perimeter
G1 Z47.218 X267.820 Y123.839 E27.14232 ; perimeter
G1 Z47.238 X272.412 Y130.778 E45.03144 ; perimeter
G1 Z47.251 X274.877 Y135.136 E27.09642 ; perimeter
G1 Z47.263 X277.110 Y139.613 E27.07563 ; perimeter
G1 Z47.276 X279.105 Y144.201 E27.07561 ; perimeter
G1 Z47.288 X280.857 Y148.888 E27.07977 ; perimeter
G1 Z47.301 X282.350 Y153.622 E26.86386 ; perimeter
G1 Z47.322 X284.314 Y161.804 E45.53799 ; perimeter
G1 Z47.334 X285.133 Y166.700 E26.86483 ; perimeter
G1 Z47.347 X285.695 Y171.632 E26.86422 ; perimeter
G1 Z47.368 X286.061 Y180.000 E45.33008 ; perimeter
G1 Z47.388 X285.695 Y188.368 E45.33008 ; perimeter
G1 Z47.401 X285.133 Y193.300 E26.86422 ; perimeter
G1 Z47.413 X284.314 Y198.196 E26.86477 ; perimeter
G1 Z47.434 X282.340 Y206.375 E45.53620 ; perimeter
G1 Z47.447 X280.824 Y211.100 E26.85500 ; perimeter
G1 Z47.459 X279.098 Y215.796 E27.07798 ; perimeter
G1 Z47.472 X277.110 Y220.387 E27.07281 ; perimeter
G1 Z47.484 X274.877 Y224.864 E27.07556 ; perimeter
G1 Z47.497 X272.414 Y229.219 E27.07710 ; perimeter
G1 Z47.509 X269.726 Y233.438 E27.07312 ; perimeter
G1 Z47.522 X266.820 Y237.511 E27.07806 ; perimeter
G1 Z47.534 X263.730 Y241.396 E26.86469 ; perimeter
G1 Z47.555 X258.072 Y247.572 E45.32955 ; perimeter
G1 Z47.576 X251.896 Y253.230 E45.32966 ; perimeter
G1 Z47.588 X248.011 Y256.320 E26.86463 ; perimeter
G1 Z47.601 X243.970 Y259.203 E26.86478 ; perimeter
G1 Z47.622 X236.795 Y263.600 E45.54179 ; perimeter
G1 Z47.634 X232.392 Y265.892 E26.86379 ; perimeter
G1 Z47.647 X227.840 Y267.966 E27.07150 ; perimeter
G1 Z47.659 X223.185 Y269.800 E27.07713 ; perimeter
G1 Z47.672 X218.440 Y271.388 E27.07939 ; perimeter
G1 Z47.684 X213.619 Y272.725 E27.07552 ; perimeter
G1 Z47.697 X208.773 Y273.799 E26.86244 ; perimeter
G1 Z47.718 X200.450 Y275.043 E45.54360 ; perimeter
G1 Z47.730 X195.501 Y275.432 E26.86611 ; perimeter
G1 Z47.743 X190.500 Y275.563 E27.07420 ; perimeter
G1 Z47.755 X185.499 Y275.432 E27.07420 ; perimeter
G1 Z47.768 X180.511 Y275.040 E27.07779 ; perimeter
G1 Z47.780 X175.551 Y274.387 E27.07466 ; perimeter
G1 Z47.793 X170.631 Y273.475 E27.08014 ; perimeter
G1 Z47.805 X165.766 Y272.307 E27.07706 ; perimeter
G1 Z47.817 X161.007 Y270.897 E26.86189 ; perimeter
G1 Z47.838 X153.125 Y267.950 E45.54066 ; perimeter
G1 Z47.851 X148.608 Y265.892 E26.86323 ; perimeter
G1 Z47.863 X144.205 Y263.600 E26.86379 ; perimeter
G1 Z47.884 X137.030 Y259.203 E45.54179 ; perimeter
G1 Z47.897 X132.989 Y256.320 E26.86471 ; perimeter
G1 Z47.909 X129.104 Y253.230 E26.86469 ; perimeter
G1 Z47.930 X122.929 Y247.572 E45.32562 ; perimeter
G1 Z47.951 X117.270 Y241.396 E45.33327 ; perimeter
G1 Z47.963 X114.180 Y237.511 E26.86469 ; perimeter
G1 Z47.976 X111.274 Y233.438 E27.07800 ; perimeter
G1 Z47.988 X108.587 Y229.219 E27.07310 ; perimeter
G1 Z48.000 X106.292 Y225.164 E25.21343 ; perimeter
;LAYER_CHANGE
;Z:49.5
;HEIGHT:1.5
G1 Z48.000 F960 ; simple layer change
G1 F2400
G1 Z48.009 X104.635 Y221.879 E19.91386 ; perimeter
G1 Z48.022 X102.558 Y217.371 E26.85740 ; perimeter
G1 Z48.043 X99.628 Y209.485 E45.53293 ; perimeter
G1 Z48.055 X98.220 Y204.727 E26.85417 ; perimeter
G1 Z48.068 X97.052 Y199.863 E27.06930 ; perimeter
G1 Z48.080 X96.140 Y194.944 E27.07231 ; perimeter
G1 Z48.093 X95.488 Y189.986 E27.06677 ; perimeter
G1 Z48.105 X95.151 Y184.997 E27.05862 ; perimeter
G1 Z48.117 X94.940 Y180.039 E26.85892 ; perimeter
G1 Z48.138 X95.305 Y171.632 E45.54001 ; perimeter
G1 Z48.151 X95.867 Y166.700 E26.86422 ; perimeter
G1 Z48.163 X96.692 Y161.766 E27.07294 ; perimeter
G1 Z48.176 X97.775 Y156.881 E27.07912 ; perimeter
G1 Z48.188 X99.112 Y152.060 E27.07552 ; perimeter
G1 Z48.201 X100.700 Y147.315 E27.07939 ; perimeter
G1 Z48.213 X102.534 Y142.660 E27.07713 ; perimeter
G1 Z48.226 X104.614 Y138.096 E27.14180 ; perimeter
G1 Z48.247 X108.584 Y130.785 E45.02580 ; perimeter
G1 Z48.259 X111.274 Y126.562 E27.09743 ; perimeter
G1 Z48.272 X114.187 Y122.478 E27.14845 ; perimeter
G1 Z48.293 X119.480 Y116.059 E45.02607 ; perimeter
G1 Z48.305 X122.927 Y112.427 E27.09930 ; perimeter
G1 Z48.318 X126.556 Y108.983 E27.07612 ; perimeter
G1 Z48.330 X130.360 Y105.733 E27.07731 ; perimeter
G1 Z48.343 X134.339 Y102.681 E27.14208 ; perimeter
G1 Z48.363 X141.290 Y98.107 E45.02740 ; perimeter
G1 Z48.376 X145.646 Y95.642 E27.09028 ; perimeter
G1 Z48.388 X150.141 Y93.451 E27.06005 ; perimeter
G1 Z48.401 X154.702 Y91.397 E27.07178 ; perimeter
G1 Z48.413 X159.388 Y89.643 E27.07904 ; perimeter
G1 Z48.426 X164.122 Y88.150 E26.86386 ; perimeter
G1 Z48.447 X172.304 Y86.186 E45.53800 ; perimeter
G1 Z48.459 X177.200 Y85.367 E26.86483 ; perimeter
G1 Z48.472 X182.171 Y84.800 E27.07690 ; perimeter
G1 Z48.484 X187.177 Y84.494 E27.14261 ; perimeter
G1 Z48.505 X195.497 Y84.567 E45.02867 ; perimeter
G1 Z48.518 X200.489 Y84.960 E27.09997 ; perimeter
G1 Z48.530 X205.449 Y85.613 E27.07458 ; perimeter
G1 Z48.543 X210.369 Y86.525 E27.08014 ; perimeter
G1 Z48.555 X215.234 Y87.693 E27.07707 ; perimeter
G1 Z48.567 X219.993 Y89.103 E26.86180 ; perimeter
G1 Z48.588 X227.875 Y92.050 E45.54074 ; perimeter
G1 Z48.601 X232.392 Y94.108 E26.86321 ; perimeter
G1 Z48.613 X236.771 Y96.445 E26.86030 ; perimeter
G1 Z48.634 X243.970 Y100.797 E45.52832 ; perimeter
G1 Z48.647 X248.011 Y103.680 E26.86466 ; perimeter
G1 Z48.659 X251.896 Y106.770 E26.86464 ; perimeter
G1 Z48.680 X258.100 Y112.455 E45.54008 ; perimeter
G1 Z48.693 X261.517 Y116.056 E26.86565 ; perimeter
G1 Z48.705 X264.767 Y119.860 E27.07731 ; perimeter
G1 Z48.718 X267.820 Y123.839 E27.14228 ; perimeter
G1 Z48.738 X272.412 Y130.778 E45.03153 ; perimeter
G1 Z48.751 X274.877 Y135.136 E27.09649 ; perimeter
G1 Z48.763 X277.110 Y139.613 E27.07563 ; perimeter
G1 Z48.776 X279.105 Y144.201 E27.07561 ; perimeter
G1 Z48.788 X280.857 Y148.888 E27.07977 ; perimeter
G1 Z48.801 X282.350 Y153.622 E26.86386 ; perimeter
G1 Z48.822 X284.314 Y161.804 E45.53799 ; perimeter
G1 Z48.834 X285.133 Y166.700 E26.86483 ; perimeter
G1 Z48.847 X285.695 Y171.632 E26.86422 ; perimeter
G1 Z48.868 X286.061 Y180.039 E45.54057 ; perimeter
G1 Z48.880 X285.895 Y184.999 E26.86042 ; perimeter
G1 Z48.893 X285.528 Y189.988 E27.06887 ; perimeter
G1 Z48.905 X284.875 Y194.947 E27.07137 ; perimeter
G1 Z48.917 X283.960 Y199.825 E26.85819 ; perimeter
G1 Z48.938 X281.865 Y207.974 E45.53640 ; perimeter
G1 Z48.951 X280.290 Y212.681 E26.86415 ; perimeter
G1 Z48.963 X278.457 Y217.336 E27.07415 ; perimeter
G1 Z48.976 X276.383 Y221.887 E27.06869 ; perimeter
G1 Z48.988 X274.092 Y226.290 E26.86100 ; perimeter
G1 Z49.009 X269.703 Y233.470 E45.54008 ; perimeter
G1 Z49.022 X266.820 Y237.511 E26.86467 ; perimeter
G1 Z49.034 X263.730 Y241.396 E26.86469 ; perimeter
G1 Z49.055 X258.072 Y247.572 E45.32955 ; perimeter
G1 Z49.076 X251.896 Y253.230 E45.32972 ; perimeter
G1 Z49.088 X248.011 Y256.320 E26.86457 ; perimeter
G1 Z49.101 X243.970 Y259.203 E26.86478 ; perimeter
G1 Z49.122 X236.795 Y263.600 E45.54179 ; perimeter
G1 Z49.134 X232.392 Y265.892 E26.86379 ; perimeter
G1 Z49.147 X227.840 Y267.966 E27.07150 ; perimeter
G1 Z49.159 X223.185 Y269.800 E27.07713 ; perimeter
G1 Z49.172 X218.440 Y271.388 E27.07939 ; perimeter
G1 Z49.184 X213.619 Y272.725 E27.07560 ; perimeter
G1 Z49.197 X208.773 Y273.799 E26.86236 ; perimeter
G1 Z49.218 X200.450 Y275.043 E45.54352 ; perimeter
G1 Z49.230 X195.501 Y275.432 E26.86619 ; perimeter
G1 Z49.243 X190.500 Y275.563 E27.07420 ; perimeter
G1 Z49.255 X185.499 Y275.432 E27.07420 ; perimeter
G1 Z49.268 X180.511 Y275.040 E27.07779 ; perimeter
G1 Z49.280 X175.551 Y274.387 E27.07466 ; perimeter
G1 Z49.293 X170.631 Y273.475 E27.08014 ; perimeter
G1 Z49.305 X165.766 Y272.307 E27.07698 ; perimeter
G1 Z49.317 X161.007 Y270.897 E26.86197 ; perimeter
G1 Z49.338 X153.125 Y267.950 E45.54066 ; perimeter
G1 Z49.351 X148.608 Y265.892 E26.86323 ; perimeter
G1 Z49.363 X144.205 Y263.600 E26.86379 ; perimeter
G1 Z49.384 X137.030 Y259.203 E45.54179 ; perimeter
G1 Z49.397 X132.989 Y256.320 E26.86471 ; perimeter
G1 Z49.409 X129.104 Y253.230 E26.86469 ; perimeter
G1 Z49.430 X122.929 Y247.572 E45.32562 ; perimeter
G1 Z49.451 X117.270 Y241.396 E45.33327 ; perimeter
G1 Z49.463 X114.180 Y237.511 E26.86469 ; perimeter
G1 Z49.476 X111.297 Y233.470 E26.86473 ; perimeter
G1 Z49.497 X106.900 Y226.295 E45.54175 ; perimeter
G1 Z49.500 X106.307 Y225.156 E6.94953 ; perimeter
;LAYER_CHANGE
;Z:51
;HEIGHT:1.5
G1 Z49.500 F960 ; simple layer change
G1 F2400
G1 Z49.513 X103.912 Y220.364 E28.99298 ; perimeter
G1 Z49.523 X102.374 Y216.904 E20.48900 ; perimeter
G1 Z49.534 X100.784 Y212.657 E24.54386 ; perimeter
G1 Z49.547 X99.139 Y207.932 E27.07635 ; perimeter
G1 Z49.559 X97.802 Y203.112 E27.06749 ; perimeter
G1 Z49.572 X96.720 Y198.229 E27.07108 ; perimeter
G1 Z49.584 X95.894 Y193.296 E27.06528 ; perimeter
G1 Z49.597 X95.331 Y188.366 E26.85672 ; perimeter
G1 Z49.618 X94.940 Y180.000 E45.32514 ; perimeter
G1 Z49.638 X95.305 Y171.632 E45.33009 ; perimeter
G1 Z49.651 X95.867 Y166.700 E26.86422 ; perimeter
G1 Z49.663 X96.692 Y161.766 E27.07302 ; perimeter
G1 Z49.676 X97.775 Y156.881 E27.07905 ; perimeter
G1 Z49.688 X99.112 Y152.060 E27.07552 ; perimeter
G1 Z49.701 X100.700 Y147.315 E27.07939 ; perimeter
G1 Z49.713 X102.534 Y142.660 E27.07713 ; perimeter
G1 Z49.726 X104.613 Y138.097 E27.13684 ; perimeter
G1 Z49.747 X108.584 Y130.785 E45.03103 ; perimeter
G1 Z49.759 X111.274 Y126.562 E27.09727 ; perimeter
G1 Z49.772 X114.187 Y122.479 E27.14405 ; perimeter
G1 Z49.793 X119.480 Y116.059 E45.03041 ; perimeter
G1 Z49.805 X122.927 Y112.427 E27.09908 ; perimeter
G1 Z49.818 X126.556 Y108.983 E27.07615 ; perimeter
G1 Z49.830 X130.360 Y105.733 E27.07731 ; perimeter
G1 Z49.843 X134.329 Y102.688 E27.07306 ; perimeter
G1 Z49.855 X138.489 Y99.909 E27.07219 ; perimeter
G1 Z49.868 X142.729 Y97.259 E27.06105 ; perimeter
G1 Z49.880 X147.090 Y94.890 E26.86234 ; perimeter
G1 Z49.901 X154.738 Y91.381 E45.53655 ; perimeter
G1 Z49.913 X159.388 Y89.643 E26.86557 ; perimeter
G1 Z49.926 X164.122 Y88.150 E26.86386 ; perimeter
G1 Z49.947 X172.304 Y86.186 E45.53799 ; perimeter
G1 Z49.959 X177.200 Y85.367 E26.86475 ; perimeter
G1 Z49.972 X182.171 Y84.800 E27.07707 ; perimeter
G1 Z49.984 X187.177 Y84.494 E27.14254 ; perimeter
G1 Z50.005 X195.497 Y84.567 E45.02875 ; perimeter
G1 Z50.018 X200.489 Y84.960 E27.09980 ; perimeter
G1 Z50.030 X205.449 Y85.613 E27.07466 ; perimeter
G1 Z50.043 X210.369 Y86.525 E27.08014 ; perimeter
G1 Z50.055 X215.234 Y87.693 E27.07697 ; perimeter
G1 Z50.067 X219.993 Y89.103 E26.86198 ; perimeter
G1 Z50.088 X227.875 Y92.050 E45.54066 ; perimeter
G1 Z50.101 X232.403 Y94.113 E26.92850 ; perimeter
G1 Z50.122 X239.687 Y98.129 E45.01670 ; perimeter
G1 Z50.134 X243.937 Y100.775 E27.09400 ; perimeter
G1 Z50.147 X248.011 Y103.680 E27.07736 ; perimeter
G1 Z50.159 X251.896 Y106.770 E26.86469 ; perimeter
G1 Z50.180 X258.072 Y112.428 E45.32957 ; perimeter
G1 Z50.201 X263.719 Y118.613 E45.32676 ; perimeter
G1 Z50.213 X266.808 Y122.498 E26.86045 ; perimeter
G1 Z50.226 X269.689 Y126.587 E27.06712 ; perimeter
G1 Z50.238 X272.414 Y130.781 E27.07006 ; perimeter
G1 Z50.251 X274.877 Y135.136 E27.07706 ; perimeter
G1 Z50.263 X277.110 Y139.613 E27.07563 ; perimeter
G1 Z50.276 X279.105 Y144.201 E27.07561 ; perimeter
G1 Z50.288 X280.857 Y148.888 E27.07977 ; perimeter
G1 Z50.301 X282.350 Y153.622 E26.86386 ; perimeter
G1 Z50.322 X284.314 Y161.804 E45.53799 ; perimeter
G1 Z50.334 X285.133 Y166.700 E26.86483 ; perimeter
G1 Z50.347 X285.695 Y171.632 E26.86422 ; perimeter
G1 Z50.368 X286.062 Y180.039 E45.54118 ; perimeter
G1 Z50.380 X285.932 Y185.001 E26.86306 ; perimeter
G1 Z50.393 X285.540 Y189.989 E27.07779 ; perimeter
G1 Z50.405 X284.887 Y194.949 E27.07466 ; perimeter
G1 Z50.417 X283.982 Y199.830 E26.86570 ; perimeter
G1 Z50.438 X281.875 Y207.977 E45.54149 ; perimeter
G1 Z50.451 X280.300 Y212.685 E26.86710 ; perimeter
G1 Z50.463 X278.466 Y217.340 E27.07713 ; perimeter
G1 Z50.476 X276.392 Y221.892 E27.07150 ; perimeter
G1 Z50.488 X274.100 Y226.295 E26.86379 ; perimeter
G1 Z50.509 X269.703 Y233.470 E45.54179 ; perimeter
G1 Z50.522 X266.820 Y237.511 E26.86471 ; perimeter
G1 Z50.534 X263.730 Y241.396 E26.86469 ; perimeter
G1 Z50.555 X258.071 Y247.572 E45.33344 ; perimeter
G1 Z50.576 X251.896 Y253.230 E45.32555 ; perimeter
G1 Z50.588 X248.011 Y256.320 E26.86463 ; perimeter
G1 Z50.601 X243.970 Y259.203 E26.86478 ; perimeter
G1 Z50.622 X236.795 Y263.600 E45.54187 ; perimeter
G1 Z50.634 X232.392 Y265.892 E26.86372 ; perimeter
G1 Z50.647 X227.840 Y267.966 E27.07150 ; perimeter
G1 Z50.659 X223.185 Y269.800 E27.07713 ; perimeter
G1 Z50.672 X218.440 Y271.388 E27.07939 ; perimeter
G1 Z50.684 X213.619 Y272.725 E27.07560 ; perimeter
G1 Z50.697 X208.773 Y273.799 E26.86236 ; perimeter
G1 Z50.718 X200.450 Y275.043 E45.54352 ; perimeter
G1 Z50.730 X195.501 Y275.432 E26.86619 ; perimeter
G1 Z50.743 X190.500 Y275.563 E27.07420 ; perimeter
G1 Z50.755 X185.499 Y275.432 E27.07420 ; perimeter
G1 Z50.768 X180.511 Y275.040 E27.07779 ; perimeter
G1 Z50.780 X175.551 Y274.387 E27.07466 ; perimeter
G1 Z50.793 X170.631 Y273.475 E27.08014 ; perimeter
G1 Z50.805 X165.766 Y272.307 E27.07706 ; perimeter
G1 Z50.817 X161.007 Y270.897 E26.86189 ; perimeter
G1 Z50.838 X153.125 Y267.950 E45.54066 ; perimeter
G1 Z50.851 X148.608 Y265.892 E26.86323 ; perimeter
G1 Z50.863 X144.205 Y263.600 E26.86379 ; perimeter
G1 Z50.884 X137.030 Y259.203 E45.54179 ; perimeter
G1 Z50.897 X132.989 Y256.320 E26.86471 ; perimeter
G1 Z50.909 X129.104 Y253.230 E26.86469 ; perimeter
G1 Z50.930 X122.929 Y247.572 E45.32556 ; perimeter
G1 Z50.951 X117.270 Y241.396 E45.33333 ; perimeter
G1 Z50.963 X114.180 Y237.511 E26.86469 ; perimeter
G1 Z50.976 X111.274 Y233.438 E27.07800 ; perimeter
G1 Z50.988 X108.587 Y229.219 E27.07308 ; perimeter
G1 Z51.000 X106.292 Y225.164 E25.21345 ; perimeter
;LAYER_CHANGE
;Z:52.5
;HEIGHT:1.5
G1 Z51.000 F960 ; simple layer change
G1 F2400
G1 Z51.001 X106.123 Y224.864 E1.86353 ; perimeter
G1 Z51.013 X103.885 Y220.376 E27.14098 ; perimeter
G1 Z51.023 X102.351 Y216.898 E20.57393 ; perimeter
G1 Z51.034 X100.701 Y212.689 E24.46457 ; perimeter
G1 Z51.047 X99.112 Y207.940 E27.10152 ; perimeter
G1 Z51.059 X97.775 Y203.119 E27.07551 ; perimeter
G1 Z51.072 X96.692 Y198.234 E27.07904 ; perimeter
G1 Z51.084 X95.867 Y193.300 E27.07302 ; perimeter
G1 Z51.097 X95.305 Y188.368 E26.86422 ; perimeter
G1 Z51.118 X94.939 Y180.000 E45.33008 ; perimeter
G1 Z51.138 X95.305 Y171.632 E45.33000 ; perimeter
G1 Z51.151 X95.867 Y166.700 E26.86430 ; perimeter
G1 Z51.163 X96.692 Y161.766 E27.07310 ; perimeter
G1 Z51.176 X97.775 Y156.881 E27.07896 ; perimeter
G1 Z51.188 X99.112 Y152.060 E27.07552 ; perimeter
G1 Z51.201 X100.700 Y147.315 E27.07939 ; perimeter
G1 Z51.213 X102.534 Y142.660 E27.07713 ; perimeter
G1 Z51.226 X104.613 Y138.097 E27.13690 ; perimeter
G1 Z51.247 X108.584 Y130.785 E45.03084 ; perimeter
G1 Z51.259 X111.274 Y126.562 E27.09727 ; perimeter
G1 Z51.272 X114.187 Y122.479 E27.14407 ; perimeter
G1 Z51.293 X119.480 Y116.059 E45.03021 ; perimeter
G1 Z51.305 X122.927 Y112.427 E27.09908 ; perimeter
G1 Z51.318 X126.556 Y108.983 E27.07615 ; perimeter
G1 Z51.330 X130.360 Y105.733 E27.07731 ; perimeter
G1 Z51.343 X134.329 Y102.688 E27.07302 ; perimeter
G1 Z51.355 X138.453 Y99.854 E27.08066 ; perimeter
G1 Z51.368 X142.718 Y97.240 E27.07208 ; perimeter
G1 Z51.380 X147.081 Y94.871 E26.86829 ; perimeter
G1 Z51.401 X154.738 Y91.381 E45.54035 ; perimeter
G1 Z51.413 X159.388 Y89.643 E26.86567 ; perimeter
G1 Z51.426 X164.122 Y88.150 E26.86387 ; perimeter
G1 Z51.447 X172.304 Y86.186 E45.53799 ; perimeter
G1 Z51.459 X177.200 Y85.367 E26.86483 ; perimeter
G1 Z51.472 X182.171 Y84.800 E27.07699 ; perimeter
G1 Z51.484 X187.177 Y84.494 E27.14254 ; perimeter
G1 Z51.505 X195.497 Y84.567 E45.02867 ; perimeter
G1 Z51.518 X200.489 Y84.960 E27.09996 ; perimeter
G1 Z51.530 X205.449 Y85.613 E27.07458 ; perimeter
G1 Z51.543 X210.369 Y86.525 E27.08005 ; perimeter
G1 Z51.555 X215.234 Y87.693 E27.07714 ; perimeter
G1 Z51.567 X219.993 Y89.103 E26.86189 ; perimeter
G1 Z51.588 X227.875 Y92.050 E45.54066 ; perimeter
G1 Z51.601 X232.392 Y94.108 E26.86323 ; perimeter
G1 Z51.613 X236.771 Y96.445 E26.86033 ; perimeter
G1 Z51.634 X243.970 Y100.797 E45.52827 ; perimeter
G1 Z51.647 X248.011 Y103.680 E26.86479 ; perimeter
G1 Z51.659 X251.896 Y106.770 E26.86451 ; perimeter
G1 Z51.680 X258.072 Y112.428 E45.32970 ; perimeter
G1 Z51.701 X263.730 Y118.604 E45.32975 ; perimeter
G1 Z51.713 X266.820 Y122.489 E26.86456 ; perimeter
G1 Z51.726 X269.726 Y126.562 E27.07799 ; perimeter
G1 Z51.738 X272.414 Y130.781 E27.07319 ; perimeter
G1 Z51.751 X274.877 Y135.136 E27.07703 ; perimeter
G1 Z51.763 X277.110 Y139.613 E27.07563 ; perimeter
G1 Z51.776 X279.105 Y144.201 E27.07561 ; perimeter
G1 Z51.788 X280.857 Y148.888 E27.07977 ; perimeter
G1 Z51.801 X282.350 Y153.622 E26.86386 ; perimeter
G1 Z51.822 X284.314 Y161.804 E45.53799 ; perimeter
G1 Z51.834 X285.133 Y166.700 E26.86483 ; perimeter
G1 Z51.847 X285.695 Y171.632 E26.86422 ; perimeter
G1 Z51.868 X286.061 Y180.000 E45.33009 ; perimeter
G1 Z51.888 X285.684 Y188.367 E45.32790 ; perimeter
G1 Z51.901 X285.122 Y193.299 E26.86105 ; perimeter
G1 Z51.913 X284.303 Y198.194 E26.86157 ; perimeter
G1 Z51.934 X282.328 Y206.372 E45.53265 ; perimeter
G1 Z51.947 X280.847 Y211.109 E26.85658 ; perimeter
G1 Z51.959 X279.095 Y215.795 E27.07675 ; perimeter
G1 Z51.972 X277.101 Y220.383 E27.07261 ; perimeter
G1 Z51.984 X274.868 Y224.859 E27.07283 ; perimeter
G1 Z51.997 X272.388 Y229.203 E27.06960 ; perimeter
G1 Z52.009 X269.725 Y233.438 E27.07097 ; perimeter
G1 Z52.022 X266.820 Y237.511 E27.07755 ; perimeter
G1 Z52.034 X263.730 Y241.396 E26.86469 ; perimeter
G1 Z52.055 X258.071 Y247.572 E45.33327 ; perimeter
G1 Z52.076 X251.896 Y253.230 E45.32562 ; perimeter
G1 Z52.088 X248.011 Y256.320 E26.86463 ; perimeter
G1 Z52.101 X243.970 Y259.203 E26.86478 ; perimeter
G1 Z52.122 X236.795 Y263.600 E45.54172 ; perimeter
G1 Z52.134 X232.392 Y265.892 E26.86386 ; perimeter
G1 Z52.147 X227.840 Y267.966 E27.07150 ; perimeter
G1 Z52.159 X223.185 Y269.800 E27.07713 ; perimeter
G1 Z52.172 X218.440 Y271.388 E27.07939 ; perimeter
G1 Z52.184 X213.619 Y272.725 E27.07560 ; perimeter
G1 Z52.197 X208.773 Y273.799 E26.86236 ; perimeter
G1 Z52.218 X200.450 Y275.043 E45.54360 ; perimeter
G1 Z52.230 X195.501 Y275.432 E26.86611 ; perimeter
G1 Z52.243 X190.500 Y275.563 E27.07420 ; perimeter
G1 Z52.255 X185.499 Y275.432 E27.07420 ; perimeter
G1 Z52.268 X180.511 Y275.040 E27.07779 ; perimeter
G1 Z52.280 X175.551 Y274.387 E27.07466 ; perimeter
G1 Z52.293 X170.631 Y273.475 E27.08014 ; perimeter
G1 Z52.305 X165.766 Y272.307 E27.07706 ; perimeter
G1 Z52.317 X161.007 Y270.897 E26.86189 ; perimeter
G1 Z52.338 X153.125 Y267.950 E45.54066 ; perimeter
G1 Z52.351 X148.608 Y265.892 E26.86323 ; perimeter
G1 Z52.363 X144.205 Y263.600 E26.86379 ; perimeter
G1 Z52.384 X137.030 Y259.203 E45.54179 ; perimeter
G1 Z52.397 X132.989 Y256.320 E26.86471 ; perimeter
G1 Z52.409 X129.104 Y253.230 E26.86469 ; perimeter
G1 Z52.430 X122.929 Y247.572 E45.32556 ; perimeter
G1 Z52.451 X117.270 Y241.396 E45.33333 ; perimeter
G1 Z52.463 X114.180 Y237.511 E26.86469 ; perimeter
G1 Z52.476 X111.274 Y233.438 E27.07799 ; perimeter
G1 Z52.488 X108.586 Y229.219 E27.07319 ; perimeter
G1 Z52.500 X106.292 Y225.164 E25.21357 ; perimeter
;LAYER_CHANGE
;Z:54
;HEIGHT:1.5
G1 Z52.500 F960 ; simple layer change
G1 F2400
G1 Z52.509 X104.634 Y221.879 E19.91392 ; perimeter
G1 Z52.522 X102.559 Y217.371 E26.85732 ; perimeter
G1 Z52.543 X99.628 Y209.485 E45.53284 ; perimeter
G1 Z52.555 X98.220 Y204.727 E26.85419 ; perimeter
G1 Z52.568 X97.052 Y199.863 E27.06923 ; perimeter
G1 Z52.580 X96.140 Y194.944 E27.07238 ; perimeter
G1 Z52.593 X95.488 Y189.986 E27.06686 ; perimeter
G1 Z52.605 X95.151 Y184.997 E27.05862 ; perimeter
G1 Z52.617 X94.940 Y180.039 E26.85884 ; perimeter
G1 Z52.638 X95.305 Y171.632 E45.54001 ; perimeter
G1 Z52.651 X95.867 Y166.700 E26.86414 ; perimeter
G1 Z52.663 X96.692 Y161.766 E27.07310 ; perimeter
G1 Z52.676 X97.775 Y156.881 E27.07905 ; perimeter
G1 Z52.688 X99.112 Y152.060 E27.07551 ; perimeter
G1 Z52.701 X100.700 Y147.315 E27.07940 ; perimeter
G1 Z52.713 X102.534 Y142.660 E27.07711 ; perimeter
G1 Z52.726 X104.613 Y138.097 E27.13688 ; perimeter
G1 Z52.747 X108.584 Y130.785 E45.03086 ; perimeter
G1 Z52.759 X111.253 Y126.595 E26.88559 ; perimeter
G1 Z52.780 X116.313 Y119.875 E45.52701 ; perimeter
G1 Z52.793 X119.483 Y116.056 E26.85854 ; perimeter
G1 Z52.805 X122.927 Y112.427 E27.07611 ; perimeter
G1 Z52.818 X126.556 Y108.983 E27.07618 ; perimeter
G1 Z52.830 X130.360 Y105.733 E27.07735 ; perimeter
G1 Z52.843 X134.329 Y102.688 E27.07298 ; perimeter
G1 Z52.855 X138.452 Y99.854 E27.07609 ; perimeter
G1 Z52.868 X142.718 Y97.240 E27.07659 ; perimeter
G1 Z52.880 X147.081 Y94.871 E26.86829 ; perimeter
G1 Z52.901 X154.738 Y91.381 E45.54033 ; perimeter
G1 Z52.913 X159.388 Y89.643 E26.86568 ; perimeter
G1 Z52.926 X164.122 Y88.150 E26.86386 ; perimeter
G1 Z52.947 X172.304 Y86.186 E45.53800 ; perimeter
G1 Z52.959 X177.200 Y85.367 E26.86482 ; perimeter
G1 Z52.972 X182.171 Y84.800 E27.07699 ; perimeter
G1 Z52.984 X187.177 Y84.494 E27.14254 ; perimeter
G1 Z53.005 X195.497 Y84.567 E45.02875 ; perimeter
G1 Z53.018 X200.489 Y84.960 E27.09980 ; perimeter
G1 Z53.030 X205.449 Y85.613 E27.07466 ; perimeter
G1 Z53.043 X210.369 Y86.525 E27.08014 ; perimeter
G1 Z53.055 X215.234 Y87.693 E27.07707 ; perimeter
G1 Z53.067 X219.993 Y89.103 E26.86180 ; perimeter
G1 Z53.088 X227.875 Y92.050 E45.54074 ; perimeter
G1 Z53.101 X232.392 Y94.108 E26.86323 ; perimeter
G1 Z53.113 X236.795 Y96.400 E26.86381 ; perimeter
G1 Z53.134 X243.970 Y100.797 E45.54169 ; perimeter
G1 Z53.147 X248.011 Y103.680 E26.86468 ; perimeter
G1 Z53.159 X251.896 Y106.770 E26.86478 ; perimeter
G1 Z53.180 X258.072 Y112.428 E45.32964 ; perimeter
G1 Z53.201 X263.730 Y118.604 E45.32958 ; perimeter
G1 Z53.213 X266.820 Y122.489 E26.86469 ; perimeter
G1 Z53.226 X269.726 Y126.562 E27.07799 ; perimeter
G1 Z53.238 X272.414 Y130.781 E27.07319 ; perimeter
G1 Z53.251 X274.877 Y135.136 E27.07703 ; perimeter
G1 Z53.263 X277.110 Y139.613 E27.07563 ; perimeter
G1 Z53.276 X279.105 Y144.201 E27.07561 ; perimeter
G1 Z53.288 X280.857 Y148.888 E27.07977 ; perimeter
G1 Z53.301 X282.350 Y153.622 E26.86386 ; perimeter
G1 Z53.322 X284.314 Y161.804 E45.53799 ; perimeter
G1 Z53.334 X285.133 Y166.700 E26.86483 ; perimeter
G1 Z53.347 X285.695 Y171.632 E26.86422 ; perimeter
G1 Z53.368 X286.061 Y180.000 E45.33008 ; perimeter
G1 Z53.388 X285.695 Y188.368 E45.33008 ; perimeter
G1 Z53.401 X285.133 Y193.300 E26.86422 ; perimeter
G1 Z53.413 X284.314 Y198.196 E26.86483 ; perimeter
G1 Z53.434 X282.350 Y206.378 E45.53799 ; perimeter
G1 Z53.447 X280.857 Y211.112 E26.86386 ; perimeter
G1 Z53.459 X279.105 Y215.799 E27.07977 ; perimeter
G1 Z53.472 X277.110 Y220.387 E27.07561 ; perimeter
G1 Z53.484 X274.877 Y224.864 E27.07571 ; perimeter
G1 Z53.497 X272.414 Y229.219 E27.07696 ; perimeter
G1 Z53.509 X269.726 Y233.438 E27.07312 ; perimeter
G1 Z53.522 X266.820 Y237.511 E27.07799 ; perimeter
G1 Z53.534 X263.730 Y241.396 E26.86476 ; perimeter
G1 Z53.555 X258.071 Y247.572 E45.33327 ; perimeter
G1 Z53.576 X251.896 Y253.230 E45.32562 ; perimeter
G1 Z53.588 X248.011 Y256.320 E26.86469 ; perimeter
G1 Z53.601 X243.938 Y259.225 E27.07770 ; perimeter
G1 Z53.613 X239.707 Y261.894 E27.07136 ; perimeter
G1 Z53.626 X235.361 Y264.371 E27.07144 ; perimeter
G1 Z53.638 X230.884 Y266.604 E27.07356 ; perimeter
G1 Z53.651 X226.333 Y268.583 E26.86061 ; perimeter
G1 Z53.672 X218.402 Y271.398 E45.54337 ; perimeter
G1 Z53.684 X213.619 Y272.725 E26.86295 ; perimeter
G1 Z53.697 X208.773 Y273.799 E26.86236 ; perimeter
G1 Z53.718 X200.450 Y275.043 E45.54360 ; perimeter
G1 Z53.730 X195.501 Y275.432 E26.86611 ; perimeter
G1 Z53.743 X190.500 Y275.563 E27.07420 ; perimeter
G1 Z53.755 X185.499 Y275.432 E27.07420 ; perimeter
G1 Z53.768 X180.511 Y275.040 E27.07779 ; perimeter
G1 Z53.780 X175.551 Y274.387 E27.07466 ; perimeter
G1 Z53.793 X170.631 Y273.475 E27.08014 ; perimeter
G1 Z53.805 X165.766 Y272.307 E27.07698 ; perimeter
G1 Z53.817 X161.007 Y270.897 E26.86197 ; perimeter
G1 Z53.838 X153.125 Y267.950 E45.54066 ; perimeter
G1 Z53.851 X148.608 Y265.892 E26.86323 ; perimeter
G1 Z53.863 X144.205 Y263.600 E26.86379 ; perimeter
G1 Z53.884 X137.030 Y259.203 E45.54179 ; perimeter
G1 Z53.897 X132.989 Y256.320 E26.86471 ; perimeter
G1 Z53.909 X129.104 Y253.230 E26.86469 ; perimeter
G1 Z53.930 X122.929 Y247.572 E45.32562 ; perimeter
G1 Z53.951 X117.270 Y241.396 E45.33327 ; perimeter
G1 Z53.963 X114.180 Y237.511 E26.86469 ; perimeter
G1 Z53.976 X111.297 Y233.470 E26.86467 ; perimeter
G1 Z53.997 X106.900 Y226.295 E45.54182 ; perimeter
G1 Z54.000 X106.307 Y225.156 E6.94953 ; perimeter
;LAYER_CHANGE
;Z:55.5
;HEIGHT:1.5
G1 Z54.000 F960 ; simple layer change
G1 F2400
G1 Z54.013 X103.912 Y220.364 E28.99298 ; perimeter
G1 Z54.023 X102.358 Y216.864 E20.72371 ; perimeter
G1 Z54.034 X100.784 Y212.658 E24.30369 ; perimeter
G1 Z54.047 X99.139 Y207.932 E27.08149 ; perimeter
G1 Z54.059 X97.802 Y203.112 E27.06742 ; perimeter
G1 Z54.072 X96.720 Y198.229 E27.07116 ; perimeter
G1 Z54.084 X95.894 Y193.296 E27.06520 ; perimeter
G1 Z54.097 X95.331 Y188.366 E26.85672 ; perimeter
G1 Z54.118 X94.940 Y180.000 E45.32523 ; perimeter
G1 Z54.138 X95.305 Y171.632 E45.33009 ; perimeter
G1 Z54.151 X95.867 Y166.700 E26.86422 ; perimeter
G1 Z54.163 X96.692 Y161.766 E27.07310 ; perimeter
G1 Z54.176 X97.775 Y156.881 E27.07895 ; perimeter
G1 Z54.188 X99.112 Y152.060 E27.07553 ; perimeter
G1 Z54.201 X100.700 Y147.315 E27.07939 ; perimeter
G1 Z54.213 X102.534 Y142.660 E27.07713 ; perimeter
G1 Z54.226 X104.613 Y138.097 E27.13690 ; perimeter
G1 Z54.247 X108.584 Y130.785 E45.03084 ; perimeter
G1 Z54.259 X111.276 Y126.563 E27.09643 ; perimeter
G1 Z54.272 X114.246 Y122.523 E27.14004 ; perimeter
G1 Z54.293 X119.480 Y116.059 E45.01110 ; perimeter
G1 Z54.305 X122.927 Y112.427 E27.09903 ; perimeter
G1 Z54.318 X126.556 Y108.983 E27.07615 ; perimeter
G1 Z54.330 X130.360 Y105.733 E27.07734 ; perimeter
G1 Z54.343 X134.329 Y102.688 E27.07299 ; perimeter
G1 Z54.355 X138.452 Y99.854 E27.07612 ; perimeter
G1 Z54.368 X142.718 Y97.240 E27.07666 ; perimeter
G1 Z54.380 X147.081 Y94.871 E26.86827 ; perimeter
G1 Z54.401 X154.738 Y91.381 E45.54037 ; perimeter
G1 Z54.413 X159.388 Y89.643 E26.86568 ; perimeter
G1 Z54.426 X164.122 Y88.150 E26.86393 ; perimeter
G1 Z54.447 X172.304 Y86.186 E45.53793 ; perimeter
G1 Z54.459 X177.200 Y85.367 E26.86483 ; perimeter
G1 Z54.472 X182.171 Y84.800 E27.07699 ; perimeter
G1 Z54.484 X187.177 Y84.494 E27.14254 ; perimeter
G1 Z54.505 X195.497 Y84.567 E45.02875 ; perimeter
G1 Z54.518 X200.489 Y84.960 E27.09980 ; perimeter
G1 Z54.530 X205.449 Y85.613 E27.07466 ; perimeter
G1 Z54.543 X210.369 Y86.525 E27.08005 ; perimeter
G1 Z54.555 X215.234 Y87.693 E27.07723 ; perimeter
G1 Z54.567 X219.993 Y89.103 E26.86173 ; perimeter
G1 Z54.588 X227.875 Y92.050 E45.54074 ; perimeter
G1 Z54.601 X232.392 Y94.108 E26.86323 ; perimeter
G1 Z54.613 X236.795 Y96.400 E26.86386 ; perimeter
G1 Z54.634 X243.970 Y100.797 E45.54172 ; perimeter
G1 Z54.647 X248.011 Y103.680 E26.86464 ; perimeter
G1 Z54.659 X251.896 Y106.770 E26.86476 ; perimeter
G1 Z54.680 X258.099 Y112.456 E45.53939 ; perimeter
G1 Z54.693 X261.482 Y116.089 E26.86245 ; perimeter
G1 Z54.705 X264.755 Y119.870 E27.06591 ; perimeter
G1 Z54.718 X267.807 Y123.848 E27.13466 ; perimeter
G1 Z54.738 X272.411 Y130.777 E45.02411 ; perimeter
G1 Z54.751 X274.877 Y135.136 E27.10396 ; perimeter
G1 Z54.763 X277.110 Y139.613 E27.07563 ; perimeter
G1 Z54.776 X279.105 Y144.201 E27.07561 ; perimeter
G1 Z54.788 X280.857 Y148.888 E27.07977 ; perimeter
G1 Z54.801 X282.350 Y153.622 E26.86386 ; perimeter
G1 Z54.822 X284.314 Y161.804 E45.53799 ; perimeter
G1 Z54.834 X285.133 Y166.700 E26.86483 ; perimeter
G1 Z54.847 X285.695 Y171.632 E26.86422 ; perimeter
G1 Z54.868 X286.061 Y180.000 E45.33008 ; perimeter
G1 Z54.888 X285.695 Y188.368 E45.33008 ; perimeter
G1 Z54.901 X285.133 Y193.300 E26.86422 ; perimeter
G1 Z54.913 X284.314 Y198.196 E26.86483 ; perimeter
G1 Z54.934 X282.350 Y206.378 E45.53799 ; perimeter
G1 Z54.947 X280.857 Y211.112 E26.86386 ; perimeter
G1 Z54.959 X279.105 Y215.799 E27.07977 ; perimeter
G1 Z54.972 X277.110 Y220.387 E27.07561 ; perimeter
G1 Z54.984 X274.877 Y224.864 E27.07571 ; perimeter
G1 Z54.997 X272.414 Y229.219 E27.07696 ; perimeter
G1 Z55.009 X269.726 Y233.438 E27.07319 ; perimeter
G1 Z55.022 X266.820 Y237.511 E27.07792 ; perimeter
G1 Z55.034 X263.730 Y241.396 E26.86476 ; perimeter
G1 Z55.055 X258.071 Y247.572 E45.33321 ; perimeter
G1 Z55.076 X251.896 Y253.230 E45.32573 ; perimeter
G1 Z55.088 X248.011 Y256.320 E26.86470 ; perimeter
G1 Z55.101 X243.938 Y259.226 E27.07785 ; perimeter
G1 Z55.113 X239.719 Y261.914 E27.07326 ; perimeter
G1 Z55.126 X235.364 Y264.377 E27.07710 ; perimeter
G1 Z55.138 X230.887 Y266.610 E27.07556 ; perimeter
G1 Z55.151 X226.335 Y268.589 E26.86241 ; perimeter
G1 Z55.172 X218.402 Y271.398 E45.54452 ; perimeter
G1 Z55.184 X213.619 Y272.725 E26.86297 ; perimeter
G1 Z55.197 X208.773 Y273.799 E26.86244 ; perimeter
G1 Z55.218 X200.450 Y275.043 E45.54352 ; perimeter
G1 Z55.230 X195.501 Y275.432 E26.86619 ; perimeter
G1 Z55.243 X190.500 Y275.563 E27.07420 ; perimeter
G1 Z55.255 X185.499 Y275.432 E27.07420 ; perimeter
G1 Z55.268 X180.511 Y275.040 E27.07779 ; perimeter
G1 Z55.280 X175.551 Y274.387 E27.07466 ; perimeter
G1 Z55.293 X170.631 Y273.475 E27.08014 ; perimeter
G1 Z55.305 X165.766 Y272.307 E27.07706 ; perimeter
G1 Z55.317 X161.007 Y270.897 E26.86189 ; perimeter
G1 Z55.338 X153.125 Y267.950 E45.54066 ; perimeter
G1 Z55.351 X148.608 Y265.892 E26.86323 ; perimeter
G1 Z55.363 X144.205 Y263.600 E26.86379 ; perimeter
G1 Z55.384 X137.030 Y259.203 E45.54179 ; perimeter
G1 Z55.397 X132.989 Y256.320 E26.86471 ; perimeter
G1 Z55.409 X129.104 Y253.230 E26.86469 ; perimeter
G1 Z55.430 X122.929 Y247.572 E45.32562 ; perimeter
G1 Z55.451 X117.270 Y241.396 E45.33327 ; perimeter
G1 Z55.463 X114.180 Y237.511 E26.86469 ; perimeter
G1 Z55.476 X111.274 Y233.438 E27.07800 ; perimeter
G1 Z55.488 X108.587 Y229.219 E27.07310 ; perimeter
G1 Z55.500 X106.293 Y225.165 E25.20605 ; perimeter
;LAYER_CHANGE
;Z:57
;HEIGHT:1.5
G1 Z55.500 F960 ; simple layer change
G1 F2400
G1 Z55.509 X104.634 Y221.879 E19.92129 ; perimeter
G1 Z55.522 X102.559 Y217.371 E26.85720 ; perimeter
G1 Z55.543 X99.628 Y209.485 E45.53250 ; perimeter
G1 Z55.555 X98.220 Y204.727 E26.85435 ; perimeter
G1 Z55.568 X97.052 Y199.863 E27.06914 ; perimeter
G1 Z55.580 X96.140 Y194.944 E27.07238 ; perimeter
G1 Z55.593 X95.488 Y189.986 E27.06678 ; perimeter
G1 Z55.605 X95.151 Y184.997 E27.05862 ; perimeter
G1 Z55.617 X94.940 Y180.039 E26.85892 ; perimeter
G1 Z55.638 X95.305 Y171.632 E45.54001 ; perimeter
G1 Z55.651 X95.867 Y166.700 E26.86414 ; perimeter
G1 Z55.663 X96.692 Y161.766 E27.07310 ; perimeter
G1 Z55.676 X97.775 Y156.881 E27.07895 ; perimeter
G1 Z55.688 X99.112 Y152.060 E27.07560 ; perimeter
G1 Z55.701 X100.700 Y147.315 E27.07938 ; perimeter
G1 Z55.713 X102.534 Y142.660 E27.07714 ; perimeter
G1 Z55.726 X104.613 Y138.097 E27.13690 ; perimeter
G1 Z55.747 X108.584 Y130.785 E45.03084 ; perimeter
G1 Z55.759 X111.274 Y126.562 E27.09725 ; perimeter
G1 Z55.772 X114.187 Y122.479 E27.14404 ; perimeter
G1 Z55.793 X119.479 Y116.059 E45.02679 ; perimeter
G1 Z55.805 X122.927 Y112.427 E27.10257 ; perimeter
G1 Z55.818 X126.556 Y108.983 E27.07618 ; perimeter
G1 Z55.830 X130.360 Y105.733 E27.07731 ; perimeter
G1 Z55.843 X134.329 Y102.688 E27.07302 ; perimeter
G1 Z55.855 X138.452 Y99.854 E27.07608 ; perimeter
G1 Z55.868 X142.718 Y97.240 E27.07670 ; perimeter
G1 Z55.880 X147.081 Y94.871 E26.86829 ; perimeter
G1 Z55.901 X154.738 Y91.381 E45.54035 ; perimeter
G1 Z55.913 X159.388 Y89.643 E26.86569 ; perimeter
G1 Z55.926 X164.122 Y88.150 E26.86393 ; perimeter
G1 Z55.947 X172.304 Y86.186 E45.53790 ; perimeter
G1 Z55.959 X177.200 Y85.367 E26.86483 ; perimeter
G1 Z55.972 X182.171 Y84.800 E27.07708 ; perimeter
G1 Z55.984 X187.176 Y84.494 E27.13704 ; perimeter
G1 Z56.005 X195.497 Y84.567 E45.03424 ; perimeter
G1 Z56.018 X200.489 Y84.960 E27.09980 ; perimeter
G1 Z56.030 X205.449 Y85.613 E27.07458 ; perimeter
G1 Z56.043 X210.369 Y86.525 E27.08022 ; perimeter
G1 Z56.055 X215.234 Y87.693 E27.07707 ; perimeter
G1 Z56.067 X219.993 Y89.103 E26.86180 ; perimeter
G1 Z56.088 X227.875 Y92.050 E45.54066 ; perimeter
G1 Z56.101 X232.392 Y94.108 E26.86315 ; perimeter
G1 Z56.113 X236.795 Y96.400 E26.86396 ; perimeter
G1 Z56.134 X243.970 Y100.797 E45.54169 ; perimeter
G1 Z56.147 X248.011 Y103.680 E26.86464 ; perimeter
G1 Z56.159 X251.896 Y106.770 E26.86476 ; perimeter
G1 Z56.180 X258.072 Y112.428 E45.32957 ; perimeter
G1 Z56.201 X263.719 Y118.613 E45.32664 ; perimeter
G1 Z56.213 X266.808 Y122.498 E26.86054 ; perimeter
G1 Z56.226 X269.688 Y126.587 E27.06705 ; perimeter
G1 Z56.238 X272.414 Y130.781 E27.06995 ; perimeter
G1 Z56.251 X274.877 Y135.136 E27.07704 ; perimeter
G1 Z56.263 X277.110 Y139.613 E27.07563 ; perimeter
G1 Z56.276 X279.105 Y144.201 E27.07561 ; perimeter
G1 Z56.288 X280.857 Y148.888 E27.07977 ; perimeter
G1 Z56.301 X282.350 Y153.622 E26.86386 ; perimeter
G1 Z56.322 X284.314 Y161.804 E45.53799 ; perimeter
G1 Z56.334 X285.133 Y166.700 E26.86483 ; perimeter
G1 Z56.347 X285.695 Y171.632 E26.86422 ; perimeter
G1 Z56.368 X286.061 Y180.039 E45.54057 ; perimeter
G1 Z56.380 X285.895 Y184.999 E26.86042 ; perimeter
G1 Z56.393 X285.528 Y189.988 E27.06887 ; perimeter
G1 Z56.405 X284.875 Y194.947 E27.07137 ; perimeter
G1 Z56.417 X283.960 Y199.825 E26.85822 ; perimeter
G1 Z56.438 X281.865 Y207.974 E45.53635 ; perimeter
G1 Z56.451 X280.290 Y212.681 E26.86415 ; perimeter
G1 Z56.463 X278.457 Y217.336 E27.07415 ; perimeter
G1 Z56.476 X276.383 Y221.887 E27.06861 ; perimeter
G1 Z56.488 X274.092 Y226.290 E26.86108 ; perimeter
G1 Z56.509 X269.703 Y233.470 E45.54008 ; perimeter
G1 Z56.522 X266.820 Y237.511 E26.86474 ; perimeter
G1 Z56.534 X263.730 Y241.396 E26.86463 ; perimeter
G1 Z56.555 X258.071 Y247.572 E45.33333 ; perimeter
G1 Z56.576 X251.896 Y253.230 E45.32551 ; perimeter
G1 Z56.588 X248.011 Y256.320 E26.86468 ; perimeter
G1 Z56.601 X243.970 Y259.203 E26.86474 ; perimeter
G1 Z56.622 X236.792 Y263.594 E45.54047 ; perimeter
G1 Z56.634 X232.389 Y265.886 E26.86179 ; perimeter
G1 Z56.647 X227.837 Y267.960 E27.06944 ; perimeter
G1 Z56.659 X223.178 Y269.781 E27.07216 ; perimeter
G1 Z56.672 X218.440 Y271.387 E27.07780 ; perimeter
G1 Z56.684 X213.619 Y272.725 E27.07522 ; perimeter
G1 Z56.697 X208.773 Y273.799 E26.86244 ; perimeter
G1 Z56.718 X200.450 Y275.043 E45.54360 ; perimeter
G1 Z56.730 X195.501 Y275.432 E26.86611 ; perimeter
G1 Z56.743 X190.500 Y275.563 E27.07420 ; perimeter
G1 Z56.755 X185.499 Y275.432 E27.07420 ; perimeter
G1 Z56.768 X180.511 Y275.040 E27.07779 ; perimeter
G1 Z56.780 X175.551 Y274.387 E27.07466 ; perimeter
G1 Z56.793 X170.631 Y273.475 E27.08014 ; perimeter
G1 Z56.805 X165.766 Y272.307 E27.07706 ; perimeter
G1 Z56.817 X161.007 Y270.897 E26.86189 ; perimeter
G1 Z56.838 X153.125 Y267.950 E45.54066 ; perimeter
G1 Z56.851 X148.608 Y265.892 E26.86323 ; perimeter
G1 Z56.863 X144.205 Y263.600 E26.86379 ; perimeter
G1 Z56.884 X137.030 Y259.203 E45.54179 ; perimeter
G1 Z56.897 X132.989 Y256.320 E26.86471 ; perimeter
G1 Z56.909 X129.104 Y253.230 E26.86469 ; perimeter
G1 Z56.930 X122.929 Y247.572 E45.32562 ; perimeter
G1 Z56.951 X117.270 Y241.396 E45.33327 ; perimeter
G1 Z56.963 X114.180 Y237.511 E26.86469 ; perimeter
G1 Z56.976 X111.297 Y233.470 E26.86471 ; perimeter
G1 Z56.997 X106.900 Y226.295 E45.54180 ; perimeter
G1 Z57.000 X106.308 Y225.157 E6.94221 ; perimeter
;LAYER_CHANGE
;Z:58.5
;HEIGHT:1.5
G1 Z57.000 F960 ; simple layer change
G1 F2400
G1 Z57.013 X103.912 Y220.365 E28.99537 ; perimeter
G1 Z57.023 X102.349 Y216.837 E20.88084 ; perimeter
G1 Z57.034 X100.784 Y212.658 E24.15120 ; perimeter
G1 Z57.047 X99.139 Y207.932 E27.08133 ; perimeter
G1 Z57.059 X97.802 Y203.112 E27.06757 ; perimeter
G1 Z57.072 X96.720 Y198.229 E27.07099 ; perimeter
G1 Z57.084 X95.894 Y193.296 E27.06529 ; perimeter
G1 Z57.097 X95.331 Y188.366 E26.85680 ; perimeter
G1 Z57.118 X94.940 Y180.000 E45.32514 ; perimeter
G1 Z57.138 X95.305 Y171.632 E45.33017 ; perimeter
G1 Z57.151 X95.867 Y166.700 E26.86414 ; perimeter
G1 Z57.163 X96.692 Y161.766 E27.07302 ; perimeter
G1 Z57.176 X97.775 Y156.881 E27.07904 ; perimeter
G1 Z57.188 X99.112 Y152.060 E27.07552 ; perimeter
G1 Z57.201 X100.700 Y147.315 E27.07939 ; perimeter
G1 Z57.213 X102.534 Y142.660 E27.07713 ; perimeter
G1 Z57.226 X104.613 Y138.097 E27.13690 ; perimeter
G1 Z57.247 X108.584 Y130.785 E45.03084 ; perimeter
G1 Z57.259 X111.274 Y126.562 E27.09727 ; perimeter
G1 Z57.272 X114.187 Y122.479 E27.14089 ; perimeter
G1 Z57.293 X119.479 Y116.059 E45.03001 ; perimeter
G1 Z57.305 X122.927 Y112.427 E27.10280 ; perimeter
G1 Z57.318 X126.556 Y108.983 E27.07615 ; perimeter
G1 Z57.330 X130.360 Y105.733 E27.07731 ; perimeter
G1 Z57.343 X134.329 Y102.688 E27.07302 ; perimeter
G1 Z57.355 X138.452 Y99.854 E27.07612 ; perimeter
G1 Z57.368 X142.718 Y97.240 E27.07666 ; perimeter
G1 Z57.380 X147.081 Y94.871 E26.86829 ; perimeter
G1 Z57.401 X154.738 Y91.381 E45.54035 ; perimeter
G1 Z57.413 X159.388 Y89.643 E26.86569 ; perimeter
G1 Z57.426 X164.122 Y88.150 E26.86385 ; perimeter
G1 Z57.447 X172.304 Y86.186 E45.53799 ; perimeter
G1 Z57.459 X177.200 Y85.367 E26.86483 ; perimeter
G1 Z57.472 X182.171 Y84.800 E27.07699 ; perimeter
G1 Z57.484 X187.176 Y84.494 E27.13714 ; perimeter
G1 Z57.505 X195.497 Y84.567 E45.03424 ; perimeter
G1 Z57.518 X200.489 Y84.960 E27.09972 ; perimeter
G1 Z57.530 X205.449 Y85.613 E27.07466 ; perimeter
G1 Z57.543 X210.369 Y86.525 E27.08023 ; perimeter
G1 Z57.555 X215.234 Y87.693 E27.07707 ; perimeter
G1 Z57.567 X219.993 Y89.103 E26.86172 ; perimeter
G1 Z57.588 X227.875 Y92.050 E45.54074 ; perimeter
G1 Z57.601 X232.392 Y94.108 E26.86323 ; perimeter
G1 Z57.613 X236.795 Y96.400 E26.86379 ; perimeter
G1 Z57.634 X243.970 Y100.797 E45.54179 ; perimeter
G1 Z57.647 X248.011 Y103.680 E26.86462 ; perimeter
G1 Z57.659 X251.896 Y106.770 E26.86478 ; perimeter
G1 Z57.680 X258.072 Y112.428 E45.32961 ; perimeter
G1 Z57.701 X263.730 Y118.604 E45.32946 ; perimeter
G1 Z57.713 X266.820 Y122.489 E26.86483 ; perimeter
G1 Z57.726 X269.726 Y126.562 E27.07799 ; perimeter
G1 Z57.738 X272.414 Y130.781 E27.07319 ; perimeter
G1 Z57.751 X274.877 Y135.136 E27.07703 ; perimeter
G1 Z57.763 X277.110 Y139.613 E27.07563 ; perimeter
G1 Z57.776 X279.105 Y144.201 E27.07561 ; perimeter
G1 Z57.788 X280.857 Y148.888 E27.07977 ; perimeter
G1 Z57.801 X282.350 Y153.622 E26.86386 ; perimeter
G1 Z57.822 X284.314 Y161.804 E45.53799 ; perimeter
G1 Z57.834 X285.133 Y166.700 E26.86483 ; perimeter
G1 Z57.847 X285.695 Y171.632 E26.86422 ; perimeter
G1 Z57.868 X286.061 Y180.000 E45.33009 ; perimeter
G1 Z57.888 X285.684 Y188.367 E45.32790 ; perimeter
G1 Z57.901 X285.122 Y193.299 E26.86105 ; perimeter
G1 Z57.913 X284.303 Y198.194 E26.86157 ; perimeter
G1 Z57.934 X282.328 Y206.372 E45.53265 ; perimeter
G1 Z57.947 X280.847 Y211.109 E26.85658 ; perimeter
G1 Z57.959 X279.095 Y215.795 E27.07675 ; perimeter
G1 Z57.972 X277.101 Y220.383 E27.07259 ; perimeter
G1 Z57.984 X274.868 Y224.859 E27.07283 ; perimeter
G1 Z57.997 X272.388 Y229.203 E27.06953 ; perimeter
G1 Z58.009 X269.725 Y233.438 E27.07088 ; perimeter
G1 Z58.022 X266.820 Y237.511 E27.07765 ; perimeter
G1 Z58.034 X263.730 Y241.396 E26.86476 ; perimeter
G1 Z58.055 X258.071 Y247.572 E45.33321 ; perimeter
G1 Z58.076 X251.896 Y253.230 E45.32573 ; perimeter
G1 Z58.088 X248.011 Y256.320 E26.86470 ; perimeter
G1 Z58.101 X243.938 Y259.225 E27.07756 ; perimeter
G1 Z58.113 X239.707 Y261.894 E27.07150 ; perimeter
G1 Z58.126 X235.361 Y264.371 E27.07136 ; perimeter
G1 Z58.138 X230.884 Y266.604 E27.07356 ; perimeter
G1 Z58.151 X226.333 Y268.583 E26.86061 ; perimeter
G1 Z58.172 X218.402 Y271.398 E45.54330 ; perimeter
G1 Z58.184 X213.619 Y272.725 E26.86295 ; perimeter
G1 Z58.197 X208.773 Y273.799 E26.86244 ; perimeter
G1 Z58.218 X200.450 Y275.043 E45.54352 ; perimeter
G1 Z58.230 X195.501 Y275.432 E26.86619 ; perimeter
G1 Z58.243 X190.500 Y275.563 E27.07420 ; perimeter
G1 Z58.255 X185.499 Y275.432 E27.07420 ; perimeter
G1 Z58.268 X180.511 Y275.040 E27.07779 ; perimeter
G1 Z58.280 X175.551 Y274.387 E27.07466 ; perimeter
G1 Z58.293 X170.631 Y273.475 E27.08014 ; perimeter
G1 Z58.305 X165.766 Y272.307 E27.07706 ; perimeter
G1 Z58.317 X161.007 Y270.897 E26.86189 ; perimeter
G1 Z58.338 X153.125 Y267.950 E45.54066 ; perimeter
G1 Z58.351 X148.608 Y265.892 E26.86323 ; perimeter
G1 Z58.363 X144.205 Y263.600 E26.86379 ; perimeter
G1 Z58.384 X137.030 Y259.203 E45.54179 ; perimeter
G1 Z58.397 X132.989 Y256.320 E26.86471 ; perimeter
G1 Z58.409 X129.104 Y253.230 E26.86469 ; perimeter
G1 Z58.430 X122.929 Y247.572 E45.32562 ; perimeter
G1 Z58.451 X117.270 Y241.396 E45.33327 ; perimeter
G1 Z58.463 X114.180 Y237.511 E26.86469 ; perimeter
G1 Z58.476 X111.274 Y233.438 E27.07800 ; perimeter
G1 Z58.488 X108.587 Y229.219 E27.07310 ; perimeter
G1 Z58.500 X106.293 Y225.165 E25.20605 ; perimeter
;LAYER_CHANGE
;Z:60
;HEIGHT:1.5
G1 Z58.500 F960 ; simple layer change
G1 F2400
G1 Z58.501 X106.123 Y224.864 E1.87084 ; perimeter
G1 Z58.513 X103.885 Y220.377 E27.13616 ; perimeter
G1 Z58.523 X102.323 Y216.831 E20.97000 ; perimeter
G1 Z58.534 X100.701 Y212.689 E24.07360 ; perimeter
G1 Z58.547 X99.112 Y207.940 E27.10164 ; perimeter
G1 Z58.559 X97.775 Y203.119 E27.07552 ; perimeter
G1 Z58.572 X96.692 Y198.234 E27.07904 ; perimeter
G1 Z58.584 X95.867 Y193.300 E27.07302 ; perimeter
G1 Z58.597 X95.305 Y188.368 E26.86422 ; perimeter
G1 Z58.618 X94.939 Y180.000 E45.33008 ; perimeter
G1 Z58.638 X95.305 Y171.632 E45.33000 ; perimeter
G1 Z58.651 X95.867 Y166.700 E26.86430 ; perimeter
G1 Z58.663 X96.692 Y161.766 E27.07302 ; perimeter
G1 Z58.676 X97.775 Y156.881 E27.07904 ; perimeter
G1 Z58.688 X99.112 Y152.060 E27.07552 ; perimeter
G1 Z58.701 X100.700 Y147.315 E27.07939 ; perimeter
G1 Z58.713 X102.534 Y142.660 E27.07713 ; perimeter
G1 Z58.726 X104.613 Y138.098 E27.13193 ; perimeter
G1 Z58.747 X108.584 Y130.785 E45.03577 ; perimeter
G1 Z58.759 X111.274 Y126.562 E27.09727 ; perimeter
G1 Z58.772 X114.186 Y122.479 E27.14090 ; perimeter
G1 Z58.793 X119.479 Y116.059 E45.03025 ; perimeter
G1 Z58.805 X122.927 Y112.427 E27.10280 ; perimeter
G1 Z58.818 X126.556 Y108.983 E27.07615 ; perimeter
G1 Z58.830 X130.360 Y105.733 E27.07731 ; perimeter
G1 Z58.843 X134.329 Y102.688 E27.07304 ; perimeter
G1 Z58.855 X138.452 Y99.854 E27.07605 ; perimeter
G1 Z58.868 X142.718 Y97.240 E27.07670 ; perimeter
G1 Z58.880 X147.081 Y94.871 E26.86829 ; perimeter
G1 Z58.901 X154.738 Y91.381 E45.54035 ; perimeter
G1 Z58.913 X159.388 Y89.643 E26.86567 ; perimeter
G1 Z58.926 X164.122 Y88.150 E26.86379 ; perimeter
G1 Z58.947 X172.304 Y86.186 E45.53815 ; perimeter
G1 Z58.959 X177.200 Y85.367 E26.86475 ; perimeter
G1 Z58.972 X182.171 Y84.800 E27.07699 ; perimeter
G1 Z58.984 X187.176 Y84.494 E27.13714 ; perimeter
G1 Z59.005 X195.496 Y84.567 E45.02875 ; perimeter
G1 Z59.018 X200.489 Y84.960 E27.10519 ; perimeter
G1 Z59.030 X205.449 Y85.613 E27.07467 ; perimeter
G1 Z59.043 X210.369 Y86.525 E27.08013 ; perimeter
G1 Z59.055 X215.234 Y87.693 E27.07706 ; perimeter
G1 Z59.067 X219.993 Y89.103 E26.86197 ; perimeter
G1 Z59.088 X227.875 Y92.050 E45.54058 ; perimeter
G1 Z59.101 X232.402 Y94.113 E26.92369 ; perimeter
G1 Z59.122 X239.688 Y98.129 E45.02160 ; perimeter
G1 Z59.134 X243.937 Y100.775 E27.09384 ; perimeter
G1 Z59.147 X248.011 Y103.680 E27.07727 ; perimeter
G1 Z59.159 X251.896 Y106.770 E26.86481 ; perimeter
G1 Z59.180 X258.072 Y112.428 E45.32958 ; perimeter
G1 Z59.201 X263.730 Y118.604 E45.32946 ; perimeter
G1 Z59.213 X266.820 Y122.489 E26.86483 ; perimeter
G1 Z59.226 X269.726 Y126.562 E27.07802 ; perimeter
G1 Z59.238 X272.414 Y130.781 E27.07315 ; perimeter
G1 Z59.251 X274.877 Y135.136 E27.07703 ; perimeter
G1 Z59.263 X277.110 Y139.613 E27.07563 ; perimeter
G1 Z59.276 X279.105 Y144.201 E27.07561 ; perimeter
G1 Z59.288 X280.857 Y148.888 E27.07977 ; perimeter
G1 Z59.301 X282.350 Y153.622 E26.86386 ; perimeter
G1 Z59.322 X284.314 Y161.804 E45.53799 ; perimeter
G1 Z59.334 X285.133 Y166.700 E26.86483 ; perimeter
G1 Z59.347 X285.695 Y171.632 E26.86422 ; perimeter
G1 Z59.368 X286.061 Y180.000 E45.33008 ; perimeter
G1 Z59.388 X285.695 Y188.368 E45.33008 ; perimeter
G1 Z59.401 X285.133 Y193.300 E26.86422 ; perimeter
G1 Z59.413 X284.314 Y198.196 E26.86483 ; perimeter
G1 Z59.434 X282.350 Y206.378 E45.53799 ; perimeter
G1 Z59.447 X280.857 Y211.112 E26.86386 ; perimeter
G1 Z59.459 X279.105 Y215.799 E27.07977 ; perimeter
G1 Z59.472 X277.110 Y220.387 E27.07561 ; perimeter
G1 Z59.484 X274.877 Y224.864 E27.07556 ; perimeter
G1 Z59.497 X272.414 Y229.219 E27.07710 ; perimeter
G1 Z59.509 X269.726 Y233.438 E27.07319 ; perimeter
G1 Z59.522 X266.820 Y237.511 E27.07799 ; perimeter
G1 Z59.534 X263.730 Y241.396 E26.86469 ; perimeter
G1 Z59.555 X258.071 Y247.572 E45.33321 ; perimeter
G1 Z59.576 X251.896 Y253.230 E45.32573 ; perimeter
G1 Z59.588 X248.011 Y256.320 E26.86470 ; perimeter
G1 Z59.601 X243.938 Y259.226 E27.07785 ; perimeter
G1 Z59.613 X239.719 Y261.914 E27.07326 ; perimeter
G1 Z59.626 X235.364 Y264.377 E27.07710 ; perimeter
G1 Z59.638 X230.887 Y266.610 E27.07556 ; perimeter
G1 Z59.651 X226.335 Y268.589 E26.86241 ; perimeter
G1 Z59.672 X218.402 Y271.398 E45.54468 ; perimeter
G1 Z59.684 X213.619 Y272.725 E26.86281 ; perimeter
G1 Z59.697 X208.773 Y273.799 E26.86244 ; perimeter
G1 Z59.718 X200.450 Y275.043 E45.54360 ; perimeter
G1 Z59.730 X195.501 Y275.432 E26.86611 ; perimeter
G1 Z59.743 X190.500 Y275.563 E27.07420 ; perimeter
G1 Z59.755 X185.499 Y275.432 E27.07420 ; perimeter
G1 Z59.768 X180.511 Y275.040 E27.07779 ; perimeter
G1 Z59.780 X175.551 Y274.387 E27.07466 ; perimeter
G1 Z59.793 X170.631 Y273.475 E27.08014 ; perimeter
G1 Z59.805 X165.766 Y272.307 E27.07706 ; perimeter
G1 Z59.817 X161.007 Y270.897 E26.86189 ; perimeter
G1 Z59.838 X153.125 Y267.950 E45.54066 ; perimeter
G1 Z59.851 X148.608 Y265.892 E26.86323 ; perimeter
G1 Z59.863 X144.205 Y263.600 E26.86379 ; perimeter
G1 Z59.884 X137.030 Y259.203 E45.54179 ; perimeter
G1 Z59.897 X132.989 Y256.320 E26.86471 ; perimeter
G1 Z59.909 X129.104 Y253.230 E26.86469 ; perimeter
G1 Z59.930 X122.929 Y247.572 E45.32562 ; perimeter
G1 Z59.951 X117.270 Y241.396 E45.33327 ; perimeter
G1 Z59.963 X114.180 Y237.511 E26.86469 ; perimeter
G1 Z59.976 X111.274 Y233.438 E27.07799 ; perimeter
G1 Z59.988 X108.586 Y229.219 E27.07319 ; perimeter
G1 Z60.000 X106.293 Y225.165 E25.20619 ; perimeter
;LAYER_CHANGE
;Z:61.5
;HEIGHT:1.5
G1 Z60.000 F960 ; simple layer change
G1 F2400
G1 Z60.009 X104.634 Y221.879 E19.92128 ; perimeter
G1 Z60.022 X102.560 Y217.370 E26.85711 ; perimeter
G1 Z60.043 X99.628 Y209.485 E45.53225 ; perimeter
G1 Z60.055 X98.220 Y204.727 E26.85427 ; perimeter
G1 Z60.068 X97.052 Y199.863 E27.06915 ; perimeter
G1 Z60.080 X96.140 Y194.944 E27.07237 ; perimeter
G1 Z60.093 X95.488 Y189.986 E27.06678 ; perimeter
G1 Z60.105 X95.151 Y184.997 E27.05862 ; perimeter
G1 Z60.117 X94.940 Y180.039 E26.85892 ; perimeter
G1 Z60.138 X95.305 Y171.632 E45.54001 ; perimeter
G1 Z60.151 X95.867 Y166.700 E26.86414 ; perimeter
G1 Z60.163 X96.692 Y161.766 E27.07310 ; perimeter
G1 Z60.176 X97.775 Y156.881 E27.07903 ; perimeter
G1 Z60.188 X99.112 Y152.060 E27.07553 ; perimeter
G1 Z60.201 X100.700 Y147.315 E27.07938 ; perimeter
G1 Z60.213 X102.534 Y142.660 E27.07714 ; perimeter
G1 Z60.226 X104.613 Y138.098 E27.13197 ; perimeter
G1 Z60.247 X108.584 Y130.786 E45.03088 ; perimeter
G1 Z60.259 X111.274 Y126.562 E27.10194 ; perimeter
G1 Z60.272 X114.186 Y122.480 E27.13652 ; perimeter
G1 Z60.293 X119.479 Y116.059 E45.03455 ; perimeter
G1 Z60.305 X122.927 Y112.427 E27.10280 ; perimeter
G1 Z60.318 X126.556 Y108.983 E27.07618 ; perimeter
G1 Z60.330 X130.360 Y105.733 E27.07731 ; perimeter
G1 Z60.343 X134.329 Y102.688 E27.07302 ; perimeter
G1 Z60.355 X138.452 Y99.854 E27.07610 ; perimeter
G1 Z60.368 X142.718 Y97.240 E27.07666 ; perimeter
G1 Z60.380 X147.081 Y94.871 E26.86829 ; perimeter
G1 Z60.401 X154.738 Y91.381 E45.54037 ; perimeter
G1 Z60.413 X159.388 Y89.643 E26.86568 ; perimeter
G1 Z60.426 X164.122 Y88.150 E26.86386 ; perimeter
G1 Z60.447 X172.304 Y86.186 E45.53799 ; perimeter
G1 Z60.459 X177.200 Y85.367 E26.86483 ; perimeter
G1 Z60.472 X182.171 Y84.800 E27.07707 ; perimeter
G1 Z60.484 X187.176 Y84.494 E27.13706 ; perimeter
G1 Z60.505 X195.496 Y84.567 E45.02875 ; perimeter
G1 Z60.518 X200.489 Y84.960 E27.10511 ; perimeter
G1 Z60.530 X205.449 Y85.613 E27.07474 ; perimeter
G1 Z60.543 X210.369 Y86.525 E27.08014 ; perimeter
G1 Z60.555 X215.234 Y87.693 E27.07706 ; perimeter
G1 Z60.567 X219.993 Y89.103 E26.86189 ; perimeter
G1 Z60.588 X227.875 Y92.050 E45.54066 ; perimeter
G1 Z60.601 X232.402 Y94.113 E26.92362 ; perimeter
G1 Z60.622 X239.714 Y98.084 E45.03094 ; perimeter
G1 Z60.634 X243.938 Y100.774 E27.10184 ; perimeter
G1 Z60.647 X248.011 Y103.680 E27.07799 ; perimeter
G1 Z60.659 X251.896 Y106.770 E26.86476 ; perimeter
G1 Z60.680 X258.072 Y112.428 E45.32958 ; perimeter
G1 Z60.701 X263.730 Y118.604 E45.32964 ; perimeter
G1 Z60.713 X266.820 Y122.489 E26.86469 ; perimeter
G1 Z60.726 X269.726 Y126.562 E27.07799 ; perimeter
G1 Z60.738 X272.414 Y130.781 E27.07319 ; perimeter
G1 Z60.751 X274.877 Y135.136 E27.07703 ; perimeter
G1 Z60.763 X277.110 Y139.613 E27.07563 ; perimeter
G1 Z60.776 X279.105 Y144.201 E27.07561 ; perimeter
G1 Z60.788 X280.857 Y148.888 E27.07977 ; perimeter
G1 Z60.801 X282.350 Y153.622 E26.86386 ; perimeter
G1 Z60.822 X284.314 Y161.804 E45.53799 ; perimeter
G1 Z60.834 X285.133 Y166.700 E26.86483 ; perimeter
G1 Z60.847 X285.695 Y171.632 E26.86422 ; perimeter
G1 Z60.868 X286.061 Y180.039 E45.54057 ; perimeter
G1 Z60.880 X285.895 Y184.999 E26.86042 ; perimeter
G1 Z60.893 X285.528 Y189.988 E27.06887 ; perimeter
G1 Z60.905 X284.875 Y194.947 E27.07137 ; perimeter
G1 Z60.917 X283.960 Y199.825 E26.85819 ; perimeter
G1 Z60.938 X281.865 Y207.974 E45.53627 ; perimeter
G1 Z60.951 X280.290 Y212.681 E26.86428 ; perimeter
G1 Z60.963 X278.457 Y217.336 E27.07423 ; perimeter
G1 Z60.976 X276.383 Y221.887 E27.06854 ; perimeter
G1 Z60.988 X274.092 Y226.290 E26.86115 ; perimeter
G1 Z61.009 X269.703 Y233.470 E45.53999 ; perimeter
G1 Z61.022 X266.820 Y237.511 E26.86474 ; perimeter
G1 Z61.034 X263.730 Y241.396 E26.86463 ; perimeter
G1 Z61.055 X258.071 Y247.572 E45.33333 ; perimeter
G1 Z61.076 X251.896 Y253.230 E45.32551 ; perimeter
G1 Z61.088 X248.011 Y256.320 E26.86468 ; perimeter
G1 Z61.101 X243.970 Y259.203 E26.86474 ; perimeter
G1 Z61.122 X236.792 Y263.594 E45.54055 ; perimeter
G1 Z61.134 X232.389 Y265.886 E26.86172 ; perimeter
G1 Z61.147 X227.837 Y267.960 E27.06944 ; perimeter
G1 Z61.159 X223.178 Y269.781 E27.07216 ; perimeter
G1 Z61.172 X218.440 Y271.387 E27.07772 ; perimeter
G1 Z61.184 X213.619 Y272.725 E27.07530 ; perimeter
G1 Z61.197 X208.773 Y273.799 E26.86244 ; perimeter
G1 Z61.218 X200.450 Y275.043 E45.54360 ; perimeter
G1 Z61.230 X195.501 Y275.432 E26.86611 ; perimeter
G1 Z61.243 X190.500 Y275.563 E27.07420 ; perimeter
G1 Z61.255 X185.499 Y275.432 E27.07420 ; perimeter
G1 Z61.268 X180.511 Y275.040 E27.07779 ; perimeter
G1 Z61.280 X175.551 Y274.387 E27.07466 ; perimeter
G1 Z61.293 X170.631 Y273.475 E27.08014 ; perimeter
G1 Z61.305 X165.766 Y272.307 E27.07706 ; perimeter
G1 Z61.317 X161.007 Y270.897 E26.86181 ; perimeter
G1 Z61.338 X153.125 Y267.950 E45.54074 ; perimeter
G1 Z61.351 X148.608 Y265.892 E26.86323 ; perimeter
G1 Z61.363 X144.205 Y263.600 E26.86379 ; perimeter
G1 Z61.384 X137.030 Y259.203 E45.54179 ; perimeter
G1 Z61.397 X132.989 Y256.320 E26.86471 ; perimeter
G1 Z61.409 X129.104 Y253.230 E26.86469 ; perimeter
G1 Z61.430 X122.929 Y247.572 E45.32562 ; perimeter
G1 Z61.451 X117.270 Y241.396 E45.33327 ; perimeter
G1 Z61.463 X114.180 Y237.511 E26.86469 ; perimeter
G1 Z61.476 X111.297 Y233.470 E26.86471 ; perimeter
G1 Z61.497 X106.900 Y226.295 E45.54180 ; perimeter
G1 Z61.500 X106.308 Y225.157 E6.94221 ; perimeter
;LAYER_CHANGE
;Z:63
;HEIGHT:1.5
G1 Z61.500 F960 ; simple layer change
G1 F2400
G1 Z61.513 X103.912 Y220.365 E28.99536 ; perimeter
G1 Z61.523 X102.333 Y216.797 E21.11362 ; perimeter
G1 Z61.534 X100.785 Y212.659 E23.91100 ; perimeter
G1 Z61.547 X99.139 Y207.932 E27.08844 ; perimeter
G1 Z61.559 X97.802 Y203.112 E27.06749 ; perimeter
G1 Z61.572 X96.720 Y198.229 E27.07107 ; perimeter
G1 Z61.584 X95.894 Y193.296 E27.06521 ; perimeter
G1 Z61.597 X95.331 Y188.366 E26.85680 ; perimeter
G1 Z61.618 X94.940 Y180.000 E45.32514 ; perimeter
G1 Z61.638 X95.305 Y171.632 E45.33017 ; perimeter
G1 Z61.651 X95.867 Y166.700 E26.86423 ; perimeter
G1 Z61.663 X96.692 Y161.766 E27.07294 ; perimeter
G1 Z61.676 X97.775 Y156.881 E27.07912 ; perimeter
G1 Z61.688 X99.112 Y152.060 E27.07543 ; perimeter
G1 Z61.701 X100.700 Y147.315 E27.07939 ; perimeter
G1 Z61.713 X102.534 Y142.660 E27.07714 ; perimeter
G1 Z61.726 X104.613 Y138.098 E27.13197 ; perimeter
G1 Z61.747 X108.584 Y130.786 E45.03082 ; perimeter
G1 Z61.759 X111.253 Y126.595 E26.89014 ; perimeter
G1 Z61.780 X116.313 Y119.874 E45.52713 ; perimeter
G1 Z61.793 X119.483 Y116.056 E26.85874 ; perimeter
G1 Z61.805 X122.927 Y112.427 E27.07614 ; perimeter
G1 Z61.818 X126.556 Y108.983 E27.07615 ; perimeter
G1 Z61.830 X130.360 Y105.733 E27.07731 ; perimeter
G1 Z61.843 X134.329 Y102.688 E27.07302 ; perimeter
G1 Z61.855 X138.452 Y99.854 E27.07608 ; perimeter
G1 Z61.868 X142.718 Y97.240 E27.07668 ; perimeter
G1 Z61.880 X147.081 Y94.871 E26.86831 ; perimeter
G1 Z61.901 X154.738 Y91.381 E45.54035 ; perimeter
G1 Z61.913 X159.388 Y89.643 E26.86569 ; perimeter
G1 Z61.926 X164.122 Y88.150 E26.86385 ; perimeter
G1 Z61.947 X172.304 Y86.186 E45.53799 ; perimeter
G1 Z61.959 X177.200 Y85.367 E26.86483 ; perimeter
G1 Z61.972 X182.171 Y84.800 E27.07699 ; perimeter
G1 Z61.984 X187.176 Y84.494 E27.13714 ; perimeter
G1 Z62.005 X195.496 Y84.567 E45.02875 ; perimeter
G1 Z62.018 X200.489 Y84.960 E27.10519 ; perimeter
G1 Z62.030 X205.449 Y85.613 E27.07466 ; perimeter
G1 Z62.043 X210.369 Y86.525 E27.08022 ; perimeter
G1 Z62.055 X215.234 Y87.693 E27.07689 ; perimeter
G1 Z62.067 X219.993 Y89.103 E26.86206 ; perimeter
G1 Z62.088 X227.875 Y92.050 E45.54058 ; perimeter
G1 Z62.101 X232.392 Y94.108 E26.86328 ; perimeter
G1 Z62.113 X236.771 Y96.445 E26.86026 ; perimeter
G1 Z62.134 X243.970 Y100.797 E45.52806 ; perimeter
G1 Z62.147 X248.011 Y103.680 E26.86486 ; perimeter
G1 Z62.159 X251.896 Y106.770 E26.86451 ; perimeter
G1 Z62.180 X258.072 Y112.428 E45.32985 ; perimeter
G1 Z62.201 X263.730 Y118.604 E45.32946 ; perimeter
G1 Z62.213 X266.820 Y122.489 E26.86469 ; perimeter
G1 Z62.226 X269.726 Y126.562 E27.07799 ; perimeter
G1 Z62.238 X272.414 Y130.781 E27.07319 ; perimeter
G1 Z62.251 X274.877 Y135.136 E27.07703 ; perimeter
G1 Z62.263 X277.110 Y139.613 E27.07563 ; perimeter
G1 Z62.276 X279.105 Y144.201 E27.07561 ; perimeter
G1 Z62.288 X280.857 Y148.888 E27.07977 ; perimeter
G1 Z62.301 X282.350 Y153.622 E26.86386 ; perimeter
G1 Z62.322 X284.314 Y161.804 E45.53799 ; perimeter
G1 Z62.334 X285.133 Y166.700 E26.86483 ; perimeter
G1 Z62.347 X285.695 Y171.632 E26.86422 ; perimeter
G1 Z62.368 X286.061 Y180.000 E45.33009 ; perimeter
G1 Z62.388 X285.684 Y188.367 E45.32790 ; perimeter
G1 Z62.401 X285.122 Y193.299 E26.86097 ; perimeter
G1 Z62.413 X284.303 Y198.194 E26.86165 ; perimeter
G1 Z62.434 X282.328 Y206.372 E45.53265 ; perimeter
G1 Z62.447 X280.847 Y211.109 E26.85658 ; perimeter
G1 Z62.459 X279.095 Y215.795 E27.07675 ; perimeter
G1 Z62.472 X277.101 Y220.383 E27.07268 ; perimeter
G1 Z62.484 X274.868 Y224.859 E27.07261 ; perimeter
G1 Z62.497 X272.388 Y229.203 E27.06968 ; perimeter
G1 Z62.509 X269.725 Y233.438 E27.07088 ; perimeter
G1 Z62.522 X266.820 Y237.511 E27.07771 ; perimeter
G1 Z62.534 X263.730 Y241.396 E26.86469 ; perimeter
G1 Z62.555 X258.071 Y247.572 E45.33327 ; perimeter
G1 Z62.576 X251.896 Y253.230 E45.32557 ; perimeter
G1 Z62.588 X248.011 Y256.320 E26.86474 ; perimeter
G1 Z62.601 X243.938 Y259.225 E27.07772 ; perimeter
G1 Z62.613 X239.707 Y261.894 E27.07134 ; perimeter
G1 Z62.626 X235.361 Y264.371 E27.07144 ; perimeter
G1 Z62.638 X230.884 Y266.604 E27.07356 ; perimeter
G1 Z62.651 X226.333 Y268.583 E26.86054 ; perimeter
G1 Z62.672 X218.402 Y271.398 E45.54347 ; perimeter
G1 Z62.684 X213.619 Y272.725 E26.86283 ; perimeter
G1 Z62.697 X208.773 Y273.799 E26.86244 ; perimeter
G1 Z62.718 X200.450 Y275.043 E45.54360 ; perimeter
G1 Z62.730 X195.501 Y275.432 E26.86611 ; perimeter
G1 Z62.743 X190.500 Y275.563 E27.07420 ; perimeter
G1 Z62.755 X185.499 Y275.432 E27.07420 ; perimeter
G1 Z62.768 X180.511 Y275.040 E27.07779 ; perimeter
G1 Z62.780 X175.551 Y274.387 E27.07466 ; perimeter
G1 Z62.793 X170.631 Y273.475 E27.08014 ; perimeter
G1 Z62.805 X165.766 Y272.307 E27.07714 ; perimeter
G1 Z62.817 X161.007 Y270.897 E26.86181 ; perimeter
G1 Z62.838 X153.125 Y267.950 E45.54066 ; perimeter
G1 Z62.851 X148.608 Y265.892 E26.86323 ; perimeter
G1 Z62.863 X144.205 Y263.600 E26.86379 ; perimeter
G1 Z62.884 X137.030 Y259.203 E45.54179 ; perimeter
G1 Z62.897 X132.989 Y256.320 E26.86471 ; perimeter
G1 Z62.909 X129.104 Y253.230 E26.86469 ; perimeter
G1 Z62.930 X122.929 Y247.572 E45.32562 ; perimeter
G1 Z62.951 X117.270 Y241.396 E45.33327 ; perimeter
G1 Z62.963 X114.180 Y237.511 E26.86469 ; perimeter
G1 Z62.976 X111.274 Y233.438 E27.07794 ; perimeter
G1 Z62.988 X108.587 Y229.219 E27.07317 ; perimeter
G1 Z63.000 X106.293 Y225.166 E25.20134 ; perimeter
;LAYER_CHANGE
;Z:64.5
;HEIGHT:1.5
G1 Z63.000 F960 ; simple layer change
G1 F2400
G1 Z63.009 X104.634 Y221.879 E19.92609 ; perimeter
G1 Z63.022 X102.561 Y217.370 E26.85709 ; perimeter
G1 Z63.043 X99.628 Y209.485 E45.53210 ; perimeter
G1 Z63.055 X98.220 Y204.727 E26.85424 ; perimeter
G1 Z63.068 X97.052 Y199.863 E27.06923 ; perimeter
G1 Z63.080 X96.140 Y194.944 E27.07230 ; perimeter
G1 Z63.093 X95.488 Y189.986 E27.06677 ; perimeter
G1 Z63.105 X95.151 Y184.997 E27.05862 ; perimeter
G1 Z63.117 X94.940 Y180.039 E26.85901 ; perimeter
G1 Z63.138 X95.305 Y171.632 E45.53993 ; perimeter
G1 Z63.151 X95.867 Y166.700 E26.86422 ; perimeter
G1 Z63.163 X96.692 Y161.766 E27.07302 ; perimeter
G1 Z63.176 X97.775 Y156.881 E27.07911 ; perimeter
G1 Z63.188 X99.112 Y152.060 E27.07545 ; perimeter
G1 Z63.201 X100.700 Y147.315 E27.07940 ; perimeter
G1 Z63.213 X102.534 Y142.660 E27.07711 ; perimeter
G1 Z63.226 X104.613 Y138.098 E27.13199 ; perimeter
G1 Z63.247 X108.584 Y130.786 E45.02822 ; perimeter
G1 Z63.259 X111.276 Y126.563 E27.10365 ; perimeter
G1 Z63.272 X114.245 Y122.524 E27.13248 ; perimeter
G1 Z63.293 X119.479 Y116.060 E45.01105 ; perimeter
G1 Z63.305 X122.927 Y112.427 E27.10661 ; perimeter
G1 Z63.318 X126.556 Y108.983 E27.07618 ; perimeter
G1 Z63.330 X130.360 Y105.733 E27.07731 ; perimeter
G1 Z63.343 X134.329 Y102.688 E27.07302 ; perimeter
G1 Z63.355 X138.452 Y99.854 E27.07608 ; perimeter
G1 Z63.368 X142.718 Y97.240 E27.07670 ; perimeter
G1 Z63.380 X147.081 Y94.871 E26.86831 ; perimeter
G1 Z63.401 X154.738 Y91.381 E45.54033 ; perimeter
G1 Z63.413 X159.388 Y89.643 E26.86568 ; perimeter
G1 Z63.426 X164.122 Y88.150 E26.86387 ; perimeter
G1 Z63.447 X172.304 Y86.186 E45.53798 ; perimeter
G1 Z63.459 X177.200 Y85.367 E26.86475 ; perimeter
G1 Z63.472 X182.171 Y84.800 E27.07707 ; perimeter
G1 Z63.484 X187.176 Y84.494 E27.13714 ; perimeter
G1 Z63.505 X195.496 Y84.567 E45.02875 ; perimeter
G1 Z63.518 X200.489 Y84.960 E27.10527 ; perimeter
G1 Z63.530 X205.449 Y85.613 E27.07458 ; perimeter
G1 Z63.543 X210.369 Y86.525 E27.08022 ; perimeter
G1 Z63.555 X215.234 Y87.693 E27.07698 ; perimeter
G1 Z63.567 X219.993 Y89.103 E26.86181 ; perimeter
G1 Z63.588 X227.875 Y92.050 E45.54074 ; perimeter
G1 Z63.601 X232.402 Y94.113 E26.92362 ; perimeter
G1 Z63.622 X239.686 Y98.128 E45.01425 ; perimeter
G1 Z63.634 X243.937 Y100.775 E27.10132 ; perimeter
G1 Z63.647 X248.011 Y103.680 E27.07727 ; perimeter
G1 Z63.659 X251.896 Y106.770 E26.86485 ; perimeter
G1 Z63.680 X258.072 Y112.428 E45.32952 ; perimeter
G1 Z63.701 X263.730 Y118.604 E45.32958 ; perimeter
G1 Z63.713 X266.820 Y122.489 E26.86473 ; perimeter
G1 Z63.726 X269.726 Y126.562 E27.07799 ; perimeter
G1 Z63.738 X272.414 Y130.781 E27.07319 ; perimeter
G1 Z63.751 X274.877 Y135.136 E27.07703 ; perimeter
G1 Z63.763 X277.110 Y139.613 E27.07563 ; perimeter
G1 Z63.776 X279.105 Y144.201 E27.07561 ; perimeter
G1 Z63.788 X280.857 Y148.888 E27.07977 ; perimeter
G1 Z63.801 X282.350 Y153.622 E26.86386 ; perimeter
G1 Z63.822 X284.314 Y161.804 E45.53799 ; perimeter
G1 Z63.834 X285.133 Y166.700 E26.86483 ; perimeter
G1 Z63.847 X285.695 Y171.632 E26.86422 ; perimeter
G1 Z63.868 X286.061 Y180.000 E45.33008 ; perimeter
G1 Z63.888 X285.695 Y188.368 E45.33008 ; perimeter
G1 Z63.901 X285.133 Y193.300 E26.86422 ; perimeter
G1 Z63.913 X284.314 Y198.196 E26.86483 ; perimeter
G1 Z63.934 X282.350 Y206.378 E45.53807 ; perimeter
G1 Z63.947 X280.857 Y211.112 E26.86378 ; perimeter
G1 Z63.959 X279.105 Y215.799 E27.07977 ; perimeter
G1 Z63.972 X277.110 Y220.387 E27.07561 ; perimeter
G1 Z63.984 X274.877 Y224.864 E27.07556 ; perimeter
G1 Z63.997 X272.414 Y229.219 E27.07710 ; perimeter
G1 Z64.009 X269.726 Y233.438 E27.07312 ; perimeter
G1 Z64.022 X266.820 Y237.511 E27.07812 ; perimeter
G1 Z64.034 X263.730 Y241.396 E26.86463 ; perimeter
G1 Z64.055 X258.071 Y247.572 E45.33333 ; perimeter
G1 Z64.076 X251.896 Y253.230 E45.32557 ; perimeter
G1 Z64.088 X248.011 Y256.320 E26.86463 ; perimeter
G1 Z64.101 X243.938 Y259.226 E27.07806 ; perimeter
G1 Z64.113 X239.719 Y261.914 E27.07319 ; perimeter
G1 Z64.126 X235.364 Y264.377 E27.07703 ; perimeter
G1 Z64.138 X230.887 Y266.610 E27.07563 ; perimeter
G1 Z64.151 X226.335 Y268.589 E26.86249 ; perimeter
G1 Z64.172 X218.402 Y271.398 E45.54452 ; perimeter
G1 Z64.184 X213.619 Y272.725 E26.86281 ; perimeter
G1 Z64.197 X208.773 Y273.799 E26.86252 ; perimeter
G1 Z64.218 X200.450 Y275.043 E45.54352 ; perimeter
G1 Z64.230 X195.501 Y275.432 E26.86619 ; perimeter
G1 Z64.243 X190.500 Y275.563 E27.07420 ; perimeter
G1 Z64.255 X185.499 Y275.432 E27.07420 ; perimeter
G1 Z64.268 X180.511 Y275.040 E27.07779 ; perimeter
G1 Z64.280 X175.551 Y274.387 E27.07466 ; perimeter
G1 Z64.293 X170.631 Y273.475 E27.08014 ; perimeter
G1 Z64.305 X165.766 Y272.307 E27.07706 ; perimeter
G1 Z64.317 X161.007 Y270.897 E26.86189 ; perimeter
G1 Z64.338 X153.125 Y267.950 E45.54066 ; perimeter
G1 Z64.351 X148.608 Y265.892 E26.86323 ; perimeter
G1 Z64.363 X144.205 Y263.600 E26.86379 ; perimeter
G1 Z64.384 X137.030 Y259.203 E45.54179 ; perimeter
G1 Z64.397 X132.989 Y256.320 E26.86471 ; perimeter
G1 Z64.409 X129.104 Y253.230 E26.86469 ; perimeter
G1 Z64.430 X122.929 Y247.572 E45.32562 ; perimeter
G1 Z64.451 X117.270 Y241.396 E45.33327 ; perimeter
G1 Z64.463 X114.180 Y237.511 E26.86476 ; perimeter
G1 Z64.476 X111.297 Y233.470 E26.86464 ; perimeter
G1 Z64.497 X106.900 Y226.295 E45.54180 ; perimeter
G1 Z64.500 X106.308 Y225.158 E6.93741 ; perimeter
;LAYER_CHANGE
;Z:66
;HEIGHT:1.5
G1 Z64.500 F960 ; simple layer change
G1 F2400
G1 Z64.513 X103.912 Y220.365 E28.99792 ; perimeter
G1 Z64.523 X102.323 Y216.770 E21.27328 ; perimeter
G1 Z64.534 X100.785 Y212.659 E23.75338 ; perimeter
G1 Z64.547 X99.139 Y207.932 E27.08852 ; perimeter
G1 Z64.559 X97.802 Y203.112 E27.06734 ; perimeter
G1 Z64.572 X96.720 Y198.229 E27.07115 ; perimeter
G1 Z64.584 X95.894 Y193.296 E27.06521 ; perimeter
G1 Z64.597 X95.331 Y188.366 E26.85688 ; perimeter
G1 Z64.618 X94.940 Y180.000 E45.32506 ; perimeter
G1 Z64.638 X95.305 Y171.632 E45.33009 ; perimeter
G1 Z64.651 X95.867 Y166.700 E26.86422 ; perimeter
G1 Z64.663 X96.692 Y161.766 E27.07302 ; perimeter
G1 Z64.676 X97.775 Y156.881 E27.07904 ; perimeter
G1 Z64.688 X99.112 Y152.060 E27.07552 ; perimeter
G1 Z64.701 X100.700 Y147.315 E27.07939 ; perimeter
G1 Z64.713 X102.534 Y142.660 E27.07713 ; perimeter
G1 Z64.726 X104.613 Y138.098 E27.13199 ; perimeter
G1 Z64.747 X108.583 Y130.786 E45.02824 ; perimeter
G1 Z64.759 X111.274 Y126.562 E27.10474 ; perimeter
G1 Z64.772 X114.186 Y122.480 E27.13647 ; perimeter
G1 Z64.793 X119.479 Y116.060 E45.03027 ; perimeter
G1 Z64.805 X122.927 Y112.427 E27.10673 ; perimeter
G1 Z64.818 X126.556 Y108.983 E27.07615 ; perimeter
G1 Z64.830 X130.360 Y105.733 E27.07731 ; perimeter
G1 Z64.843 X134.329 Y102.688 E27.07302 ; perimeter
G1 Z64.855 X138.452 Y99.854 E27.07608 ; perimeter
G1 Z64.868 X142.718 Y97.240 E27.07670 ; perimeter
G1 Z64.880 X147.081 Y94.871 E26.86829 ; perimeter
G1 Z64.901 X154.738 Y91.381 E45.54035 ; perimeter
G1 Z64.913 X159.388 Y89.643 E26.86568 ; perimeter
G1 Z64.926 X164.122 Y88.150 E26.86386 ; perimeter
G1 Z64.947 X172.304 Y86.186 E45.53799 ; perimeter
G1 Z64.959 X177.200 Y85.367 E26.86483 ; perimeter
G1 Z64.972 X182.171 Y84.800 E27.07699 ; perimeter
G1 Z64.984 X187.175 Y84.494 E27.13181 ; perimeter
G1 Z65.005 X195.496 Y84.567 E45.03407 ; perimeter
G1 Z65.018 X200.489 Y84.960 E27.10519 ; perimeter
G1 Z65.030 X205.449 Y85.613 E27.07466 ; perimeter
G1 Z65.043 X210.369 Y86.525 E27.08006 ; perimeter
G1 Z65.055 X215.234 Y87.693 E27.07722 ; perimeter
G1 Z65.067 X219.993 Y89.103 E26.86181 ; perimeter
G1 Z65.088 X227.875 Y92.050 E45.54066 ; perimeter
G1 Z65.101 X232.392 Y94.108 E26.86328 ; perimeter
G1 Z65.113 X236.771 Y96.445 E26.86029 ; perimeter
G1 Z65.134 X243.970 Y100.797 E45.52819 ; perimeter
G1 Z65.147 X248.011 Y103.680 E26.86479 ; perimeter
G1 Z65.159 X251.896 Y106.770 E26.86460 ; perimeter
G1 Z65.180 X258.072 Y112.428 E45.32961 ; perimeter
G1 Z65.201 X263.730 Y118.604 E45.32964 ; perimeter
G1 Z65.213 X266.820 Y122.489 E26.86466 ; perimeter
G1 Z65.226 X269.726 Y126.562 E27.07799 ; perimeter
G1 Z65.238 X272.414 Y130.781 E27.07319 ; perimeter
G1 Z65.251 X274.877 Y135.136 E27.07703 ; perimeter
G1 Z65.263 X277.110 Y139.613 E27.07563 ; perimeter
G1 Z65.276 X279.105 Y144.201 E27.07561 ; perimeter
G1 Z65.288 X280.857 Y148.888 E27.07977 ; perimeter
G1 Z65.301 X282.350 Y153.622 E26.86386 ; perimeter
G1 Z65.322 X284.314 Y161.804 E45.53799 ; perimeter
G1 Z65.334 X285.133 Y166.700 E26.86483 ; perimeter
G1 Z65.347 X285.695 Y171.632 E26.86422 ; perimeter
G1 Z65.368 X286.061 Y180.000 E45.33008 ; perimeter
G1 Z65.388 X285.695 Y188.368 E45.33008 ; perimeter
G1 Z65.401 X285.133 Y193.300 E26.86422 ; perimeter
G1 Z65.413 X284.314 Y198.196 E26.86483 ; perimeter
G1 Z65.434 X282.350 Y206.378 E45.53791 ; perimeter
G1 Z65.447 X280.857 Y211.112 E26.86394 ; perimeter
G1 Z65.459 X279.105 Y215.799 E27.07969 ; perimeter
G1 Z65.472 X277.110 Y220.387 E27.07568 ; perimeter
G1 Z65.484 X274.877 Y224.864 E27.07556 ; perimeter
G1 Z65.497 X272.414 Y229.219 E27.07710 ; perimeter
G1 Z65.509 X269.726 Y233.438 E27.07319 ; perimeter
G1 Z65.522 X266.820 Y237.511 E27.07799 ; perimeter
G1 Z65.534 X263.730 Y241.396 E26.86469 ; perimeter
G1 Z65.555 X258.071 Y247.572 E45.33321 ; perimeter
G1 Z65.576 X251.896 Y253.230 E45.32562 ; perimeter
G1 Z65.588 X248.011 Y256.320 E26.86481 ; perimeter
G1 Z65.601 X243.938 Y259.226 E27.07792 ; perimeter
G1 Z65.613 X239.719 Y261.914 E27.07319 ; perimeter
G1 Z65.626 X235.364 Y264.377 E27.07696 ; perimeter
G1 Z65.638 X230.887 Y266.610 E27.07571 ; perimeter
G1 Z65.651 X226.335 Y268.589 E26.86241 ; perimeter
G1 Z65.672 X218.402 Y271.398 E45.54460 ; perimeter
G1 Z65.684 X213.619 Y272.725 E26.86289 ; perimeter
G1 Z65.697 X208.773 Y273.799 E26.86252 ; perimeter
G1 Z65.718 X200.450 Y275.043 E45.54352 ; perimeter
G1 Z65.730 X195.501 Y275.432 E26.86611 ; perimeter
G1 Z65.743 X190.500 Y275.563 E27.07420 ; perimeter
G1 Z65.755 X185.499 Y275.432 E27.07420 ; perimeter
G1 Z65.768 X180.511 Y275.040 E27.07779 ; perimeter
G1 Z65.780 X175.551 Y274.387 E27.07466 ; perimeter
G1 Z65.793 X170.631 Y273.475 E27.08014 ; perimeter
G1 Z65.805 X165.766 Y272.307 E27.07706 ; perimeter
G1 Z65.817 X161.007 Y270.897 E26.86189 ; perimeter
G1 Z65.838 X153.125 Y267.950 E45.54066 ; perimeter
G1 Z65.851 X148.608 Y265.892 E26.86323 ; perimeter
G1 Z65.863 X144.205 Y263.600 E26.86379 ; perimeter
G1 Z65.884 X137.030 Y259.203 E45.54179 ; perimeter
G1 Z65.897 X132.989 Y256.320 E26.86471 ; perimeter
G1 Z65.909 X129.104 Y253.230 E26.86469 ; perimeter
G1 Z65.930 X122.929 Y247.572 E45.32562 ; perimeter
G1 Z65.951 X117.270 Y241.396 E45.33327 ; perimeter
G1 Z65.963 X114.180 Y237.511 E26.86469 ; perimeter
G1 Z65.976 X111.274 Y233.438 E27.07794 ; perimeter
G1 Z65.988 X108.587 Y229.219 E27.07317 ; perimeter
G1 Z66.000 X106.294 Y225.166 E25.19868 ; perimeter
;LAYER_CHANGE
;Z:67.5
;HEIGHT:1.5
G1 Z66.000 F960 ; simple layer change
G1 F2400
G1 Z66.009 X104.635 Y221.879 E19.92848 ; perimeter
G1 Z66.022 X102.561 Y217.370 E26.85699 ; perimeter
G1 Z66.043 X99.628 Y209.485 E45.53182 ; perimeter
G1 Z66.055 X98.220 Y204.727 E26.85415 ; perimeter
G1 Z66.068 X97.052 Y199.863 E27.06931 ; perimeter
G1 Z66.080 X96.140 Y194.944 E27.07230 ; perimeter
G1 Z66.093 X95.488 Y189.986 E27.06686 ; perimeter
G1 Z66.105 X95.151 Y184.997 E27.05853 ; perimeter
G1 Z66.117 X94.940 Y180.039 E26.85901 ; perimeter
G1 Z66.138 X95.305 Y171.632 E45.53993 ; perimeter
G1 Z66.151 X95.867 Y166.700 E26.86422 ; perimeter
G1 Z66.163 X96.692 Y161.766 E27.07302 ; perimeter
G1 Z66.176 X97.775 Y156.881 E27.07911 ; perimeter
G1 Z66.188 X99.112 Y152.060 E27.07546 ; perimeter
G1 Z66.201 X100.700 Y147.315 E27.07938 ; perimeter
G1 Z66.213 X102.534 Y142.660 E27.07713 ; perimeter
G1 Z66.226 X104.613 Y138.098 E27.13197 ; perimeter
G1 Z66.247 X108.583 Y130.786 E45.02824 ; perimeter
G1 Z66.259 X111.253 Y126.595 E26.89306 ; perimeter
G1 Z66.280 X116.313 Y119.875 E45.52708 ; perimeter
G1 Z66.293 X119.483 Y116.056 E26.85850 ; perimeter
G1 Z66.305 X122.927 Y112.427 E27.07619 ; perimeter
G1 Z66.318 X126.556 Y108.983 E27.07615 ; perimeter
G1 Z66.330 X130.360 Y105.733 E27.07728 ; perimeter
G1 Z66.343 X134.329 Y102.688 E27.07302 ; perimeter
G1 Z66.355 X138.452 Y99.854 E27.07610 ; perimeter
G1 Z66.368 X142.718 Y97.240 E27.07675 ; perimeter
G1 Z66.380 X147.081 Y94.871 E26.86822 ; perimeter
G1 Z66.401 X154.738 Y91.381 E45.54035 ; perimeter
G1 Z66.413 X159.388 Y89.643 E26.86569 ; perimeter
G1 Z66.426 X164.122 Y88.150 E26.86384 ; perimeter
G1 Z66.447 X172.304 Y86.186 E45.53800 ; perimeter
G1 Z66.459 X177.200 Y85.367 E26.86483 ; perimeter
G1 Z66.472 X182.171 Y84.800 E27.07699 ; perimeter
G1 Z66.484 X187.175 Y84.494 E27.13174 ; perimeter
G1 Z66.505 X195.496 Y84.567 E45.03416 ; perimeter
G1 Z66.518 X200.489 Y84.960 E27.10511 ; perimeter
G1 Z66.530 X205.449 Y85.613 E27.07474 ; perimeter
G1 Z66.543 X210.369 Y86.525 E27.08022 ; perimeter
G1 Z66.555 X215.234 Y87.693 E27.07706 ; perimeter
G1 Z66.567 X219.993 Y89.103 E26.86173 ; perimeter
G1 Z66.588 X227.875 Y92.050 E45.54074 ; perimeter
G1 Z66.601 X232.402 Y94.113 E26.92369 ; perimeter
G1 Z66.622 X239.686 Y98.128 E45.01417 ; perimeter
G1 Z66.634 X243.937 Y100.775 E27.10130 ; perimeter
G1 Z66.647 X248.011 Y103.680 E27.07743 ; perimeter
G1 Z66.659 X251.896 Y106.770 E26.86463 ; perimeter
G1 Z66.680 X258.072 Y112.428 E45.32946 ; perimeter
G1 Z66.701 X263.730 Y118.604 E45.32975 ; perimeter
G1 Z66.713 X266.820 Y122.489 E26.86469 ; perimeter
G1 Z66.726 X269.726 Y126.562 E27.07799 ; perimeter
G1 Z66.738 X272.414 Y130.781 E27.07319 ; perimeter
G1 Z66.751 X274.877 Y135.136 E27.07703 ; perimeter
G1 Z66.763 X277.110 Y139.613 E27.07563 ; perimeter
G1 Z66.776 X279.105 Y144.201 E27.07561 ; perimeter
G1 Z66.788 X280.857 Y148.888 E27.07977 ; perimeter
G1 Z66.801 X282.350 Y153.622 E26.86386 ; perimeter
G1 Z66.822 X284.314 Y161.804 E45.53799 ; perimeter
G1 Z66.834 X285.133 Y166.700 E26.86483 ; perimeter
G1 Z66.847 X285.695 Y171.632 E26.86422 ; perimeter
G1 Z66.868 X286.061 Y180.000 E45.33008 ; perimeter
G1 Z66.888 X285.695 Y188.368 E45.33008 ; perimeter
G1 Z66.901 X285.133 Y193.300 E26.86422 ; perimeter
G1 Z66.913 X284.314 Y198.196 E26.86483 ; perimeter
G1 Z66.934 X282.350 Y206.378 E45.53799 ; perimeter
G1 Z66.947 X280.857 Y211.112 E26.86386 ; perimeter
G1 Z66.959 X279.105 Y215.799 E27.07977 ; perimeter
G1 Z66.972 X277.110 Y220.387 E27.07561 ; perimeter
G1 Z66.984 X274.877 Y224.864 E27.07571 ; perimeter
G1 Z66.997 X272.414 Y229.219 E27.07696 ; perimeter
G1 Z67.009 X269.726 Y233.438 E27.07319 ; perimeter
G1 Z67.022 X266.820 Y237.511 E27.07799 ; perimeter
G1 Z67.034 X263.730 Y241.396 E26.86469 ; perimeter
G1 Z67.055 X258.072 Y247.572 E45.32961 ; perimeter
G1 Z67.076 X251.896 Y253.230 E45.32950 ; perimeter
G1 Z67.088 X248.011 Y256.320 E26.86476 ; perimeter
G1 Z67.101 X243.970 Y259.203 E26.86460 ; perimeter
G1 Z67.122 X236.792 Y263.594 E45.54049 ; perimeter
G1 Z67.134 X232.389 Y265.886 E26.86187 ; perimeter
G1 Z67.147 X227.837 Y267.960 E27.06943 ; perimeter
G1 Z67.159 X223.178 Y269.781 E27.07210 ; perimeter
G1 Z67.172 X218.440 Y271.387 E27.07780 ; perimeter
G1 Z67.184 X213.619 Y272.725 E27.07514 ; perimeter
G1 Z67.197 X208.773 Y273.799 E26.86252 ; perimeter
G1 Z67.218 X200.450 Y275.043 E45.54360 ; perimeter
G1 Z67.230 X195.501 Y275.432 E26.86611 ; perimeter
G1 Z67.243 X190.500 Y275.563 E27.07420 ; perimeter
G1 Z67.255 X185.499 Y275.432 E27.07420 ; perimeter
G1 Z67.268 X180.511 Y275.040 E27.07779 ; perimeter
G1 Z67.280 X175.551 Y274.387 E27.07466 ; perimeter
G1 Z67.293 X170.631 Y273.475 E27.08014 ; perimeter
G1 Z67.305 X165.766 Y272.307 E27.07706 ; perimeter
G1 Z67.317 X161.007 Y270.897 E26.86189 ; perimeter
G1 Z67.338 X153.125 Y267.950 E45.54066 ; perimeter
G1 Z67.351 X148.608 Y265.892 E26.86323 ; perimeter
G1 Z67.363 X144.205 Y263.600 E26.86379 ; perimeter
G1 Z67.384 X137.030 Y259.203 E45.54179 ; perimeter
G1 Z67.397 X132.989 Y256.320 E26.86471 ; perimeter
G1 Z67.409 X129.104 Y253.230 E26.86469 ; perimeter
G1 Z67.430 X122.929 Y247.572 E45.32562 ; perimeter
G1 Z67.451 X117.270 Y241.396 E45.33327 ; perimeter
G1 Z67.463 X114.180 Y237.511 E26.86469 ; perimeter
G1 Z67.476 X111.297 Y233.470 E26.86471 ; perimeter
G1 Z67.497 X106.900 Y226.295 E45.54180 ; perimeter
G1 Z67.500 X106.309 Y225.158 E6.93491 ; perimeter
;LAYER_CHANGE
;Z:69
;HEIGHT:1.5
G1 Z67.500 F960 ; simple layer change
G1 F2400
G1 Z67.509 X104.608 Y221.892 E19.92885 ; perimeter
G1 Z67.522 X102.550 Y217.375 E26.86333 ; perimeter
G1 Z67.543 X99.603 Y209.493 E45.54065 ; perimeter
G1 Z67.555 X98.193 Y204.734 E26.86173 ; perimeter
G1 Z67.568 X97.025 Y199.869 E27.07706 ; perimeter
G1 Z67.580 X96.113 Y194.949 E27.08022 ; perimeter
G1 Z67.593 X95.460 Y189.989 E27.07466 ; perimeter
G1 Z67.605 X95.068 Y185.001 E27.07771 ; perimeter
G1 Z67.617 X94.938 Y180.039 E26.86323 ; perimeter
G1 Z67.638 X95.305 Y171.632 E45.54110 ; perimeter
G1 Z67.651 X95.867 Y166.700 E26.86422 ; perimeter
G1 Z67.663 X96.692 Y161.766 E27.07302 ; perimeter
G1 Z67.676 X97.775 Y156.881 E27.07904 ; perimeter
G1 Z67.688 X99.112 Y152.060 E27.07560 ; perimeter
G1 Z67.701 X100.700 Y147.315 E27.07931 ; perimeter
G1 Z67.713 X102.534 Y142.660 E27.07714 ; perimeter
G1 Z67.726 X104.612 Y138.099 E27.12472 ; perimeter
G1 Z67.747 X108.583 Y130.786 E45.03550 ; perimeter
G1 Z67.759 X111.276 Y126.563 E27.10390 ; perimeter
G1 Z67.772 X114.245 Y122.524 E27.13249 ; perimeter
G1 Z67.793 X119.479 Y116.060 E45.01103 ; perimeter
G1 Z67.805 X122.927 Y112.427 E27.10666 ; perimeter
G1 Z67.818 X126.556 Y108.983 E27.07615 ; perimeter
G1 Z67.830 X130.360 Y105.733 E27.07731 ; perimeter
G1 Z67.843 X134.329 Y102.688 E27.07302 ; perimeter
G1 Z67.855 X138.452 Y99.854 E27.07610 ; perimeter
G1 Z67.868 X142.718 Y97.240 E27.07675 ; perimeter
G1 Z67.880 X147.081 Y94.871 E26.86822 ; perimeter
G1 Z67.901 X154.738 Y91.381 E45.54035 ; perimeter
G1 Z67.913 X159.388 Y89.643 E26.86568 ; perimeter
G1 Z67.926 X164.122 Y88.150 E26.86393 ; perimeter
G1 Z67.947 X172.304 Y86.186 E45.53791 ; perimeter
G1 Z67.959 X177.200 Y85.367 E26.86492 ; perimeter
G1 Z67.972 X182.171 Y84.800 E27.07699 ; perimeter
G1 Z67.984 X187.175 Y84.494 E27.13158 ; perimeter
G1 Z68.005 X195.496 Y84.567 E45.03424 ; perimeter
G1 Z68.018 X200.489 Y84.960 E27.10528 ; perimeter
G1 Z68.030 X205.449 Y85.613 E27.07457 ; perimeter
G1 Z68.043 X210.369 Y86.525 E27.08022 ; perimeter
G1 Z68.055 X215.234 Y87.693 E27.07690 ; perimeter
G1 Z68.067 X219.993 Y89.103 E26.86205 ; perimeter
G1 Z68.088 X227.875 Y92.050 E45.54058 ; perimeter
G1 Z68.101 X232.392 Y94.108 E26.86311 ; perimeter
G1 Z68.113 X236.771 Y96.445 E26.86046 ; perimeter
G1 Z68.134 X243.970 Y100.797 E45.52812 ; perimeter
G1 Z68.147 X248.011 Y103.680 E26.86474 ; perimeter
G1 Z68.159 X251.896 Y106.770 E26.86474 ; perimeter
G1 Z68.180 X258.072 Y112.428 E45.32958 ; perimeter
G1 Z68.201 X263.730 Y118.604 E45.32958 ; perimeter
G1 Z68.213 X266.820 Y122.489 E26.86473 ; perimeter
G1 Z68.226 X269.726 Y126.562 E27.07799 ; perimeter
G1 Z68.238 X272.414 Y130.781 E27.07319 ; perimeter
G1 Z68.251 X274.877 Y135.136 E27.07703 ; perimeter
G1 Z68.263 X277.110 Y139.613 E27.07563 ; perimeter
G1 Z68.276 X279.105 Y144.201 E27.07561 ; perimeter
G1 Z68.288 X280.857 Y148.888 E27.07977 ; perimeter
G1 Z68.301 X282.350 Y153.622 E26.86386 ; perimeter
G1 Z68.322 X284.314 Y161.804 E45.53799 ; perimeter
G1 Z68.334 X285.133 Y166.700 E26.86483 ; perimeter
G1 Z68.347 X285.695 Y171.632 E26.86422 ; perimeter
G1 Z68.368 X286.061 Y180.000 E45.33008 ; perimeter
G1 Z68.388 X285.695 Y188.368 E45.33008 ; perimeter
G1 Z68.401 X285.133 Y193.300 E26.86422 ; perimeter
G1 Z68.413 X284.314 Y198.196 E26.86483 ; perimeter
G1 Z68.434 X282.350 Y206.378 E45.53807 ; perimeter
G1 Z68.447 X280.857 Y211.112 E26.86378 ; perimeter
G1 Z68.459 X279.105 Y215.799 E27.07969 ; perimeter
G1 Z68.472 X277.110 Y220.387 E27.07568 ; perimeter
G1 Z68.484 X274.877 Y224.864 E27.07563 ; perimeter
G1 Z68.497 X272.414 Y229.219 E27.07703 ; perimeter
G1 Z68.509 X269.726 Y233.438 E27.07326 ; perimeter
G1 Z68.522 X266.820 Y237.511 E27.07799 ; perimeter
G1 Z68.534 X263.730 Y241.396 E26.86463 ; perimeter
G1 Z68.555 X258.071 Y247.572 E45.33337 ; perimeter
G1 Z68.576 X251.896 Y253.230 E45.32560 ; perimeter
G1 Z68.588 X248.011 Y256.320 E26.86476 ; perimeter
G1 Z68.601 X243.938 Y259.225 E27.07763 ; perimeter
G1 Z68.613 X239.707 Y261.894 E27.07136 ; perimeter
G1 Z68.626 X235.361 Y264.371 E27.07144 ; perimeter
G1 Z68.638 X230.884 Y266.604 E27.07356 ; perimeter
G1 Z68.651 X226.333 Y268.583 E26.86061 ; perimeter
G1 Z68.672 X218.402 Y271.398 E45.54332 ; perimeter
G1 Z68.684 X213.619 Y272.725 E26.86283 ; perimeter
G1 Z68.697 X208.773 Y273.799 E26.86252 ; perimeter
G1 Z68.718 X200.450 Y275.043 E45.54360 ; perimeter
G1 Z68.730 X195.501 Y275.432 E26.86611 ; perimeter
G1 Z68.743 X190.500 Y275.563 E27.07420 ; perimeter
G1 Z68.755 X185.499 Y275.432 E27.07420 ; perimeter
G1 Z68.768 X180.511 Y275.040 E27.07779 ; perimeter
G1 Z68.780 X175.551 Y274.387 E27.07466 ; perimeter
G1 Z68.793 X170.631 Y273.475 E27.08014 ; perimeter
G1 Z68.805 X165.766 Y272.307 E27.07706 ; perimeter
G1 Z68.817 X161.007 Y270.897 E26.86189 ; perimeter
G1 Z68.838 X153.125 Y267.950 E45.54066 ; perimeter
G1 Z68.851 X148.608 Y265.892 E26.86323 ; perimeter
G1 Z68.863 X144.205 Y263.600 E26.86379 ; perimeter
G1 Z68.884 X137.030 Y259.203 E45.54179 ; perimeter
G1 Z68.897 X132.989 Y256.320 E26.86471 ; perimeter
G1 Z68.909 X129.104 Y253.230 E26.86469 ; perimeter
G1 Z68.930 X122.929 Y247.572 E45.32562 ; perimeter
G1 Z68.951 X117.270 Y241.396 E45.33327 ; perimeter
G1 Z68.963 X114.180 Y237.511 E26.86469 ; perimeter
G1 Z68.976 X111.297 Y233.470 E26.86471 ; perimeter
G1 Z68.997 X106.900 Y226.295 E45.54179 ; perimeter
G1 Z69.000 X106.309 Y225.158 E6.93494 ; perimeter
;LAYER_CHANGE
;Z:70.5
;HEIGHT:1.5
G1 Z69.000 F960 ; simple layer change
G1 F2400
G1 Z69.013 X103.912 Y220.366 E28.99543 ; perimeter
G1 Z69.023 X102.308 Y216.729 E21.51293 ; perimeter
G1 Z69.034 X100.785 Y212.659 E23.51838 ; perimeter
G1 Z69.047 X99.139 Y207.932 E27.08835 ; perimeter
G1 Z69.059 X97.802 Y203.112 E27.06749 ; perimeter
G1 Z69.072 X96.720 Y198.229 E27.07099 ; perimeter
G1 Z69.084 X95.894 Y193.296 E27.06529 ; perimeter
G1 Z69.097 X95.331 Y188.366 E26.85672 ; perimeter
G1 Z69.118 X94.940 Y180.000 E45.32523 ; perimeter
G1 Z69.138 X95.305 Y171.632 E45.33009 ; perimeter
G1 Z69.151 X95.867 Y166.700 E26.86422 ; perimeter
G1 Z69.163 X96.692 Y161.766 E27.07302 ; perimeter
G1 Z69.176 X97.775 Y156.881 E27.07912 ; perimeter
G1 Z69.188 X99.112 Y152.060 E27.07552 ; perimeter
G1 Z69.201 X100.700 Y147.315 E27.07931 ; perimeter
G1 Z69.213 X102.534 Y142.660 E27.07713 ; perimeter
G1 Z69.226 X104.612 Y138.099 E27.12479 ; perimeter
G1 Z69.247 X108.583 Y130.786 E45.03562 ; perimeter
G1 Z69.259 X111.274 Y126.562 E27.10474 ; perimeter
G1 Z69.272 X114.186 Y122.480 E27.13652 ; perimeter
G1 Z69.293 X119.479 Y116.060 E45.03019 ; perimeter
G1 Z69.305 X122.927 Y112.427 E27.10676 ; perimeter
G1 Z69.318 X126.556 Y108.983 E27.07615 ; perimeter
G1 Z69.330 X130.360 Y105.733 E27.07731 ; perimeter
G1 Z69.343 X134.329 Y102.688 E27.07302 ; perimeter
G1 Z69.355 X138.452 Y99.854 E27.07608 ; perimeter
G1 Z69.368 X142.718 Y97.240 E27.07668 ; perimeter
G1 Z69.380 X147.081 Y94.871 E26.86831 ; perimeter
G1 Z69.401 X154.738 Y91.381 E45.54035 ; perimeter
G1 Z69.413 X159.388 Y89.643 E26.86567 ; perimeter
G1 Z69.426 X164.122 Y88.150 E26.86381 ; perimeter
G1 Z69.447 X172.304 Y86.186 E45.53814 ; perimeter
G1 Z69.459 X177.200 Y85.367 E26.86475 ; perimeter
G1 Z69.472 X182.171 Y84.800 E27.07691 ; perimeter
G1 Z69.484 X187.175 Y84.494 E27.13182 ; perimeter
G1 Z69.505 X195.495 Y84.567 E45.02875 ; perimeter
G1 Z69.518 X200.489 Y84.960 E27.11051 ; perimeter
G1 Z69.530 X205.449 Y85.613 E27.07474 ; perimeter
G1 Z69.543 X210.369 Y86.525 E27.08022 ; perimeter
G1 Z69.555 X215.234 Y87.693 E27.07690 ; perimeter
G1 Z69.567 X219.993 Y89.103 E26.86197 ; perimeter
G1 Z69.588 X227.875 Y92.050 E45.54066 ; perimeter
G1 Z69.601 X232.401 Y94.112 E26.91643 ; perimeter
G1 Z69.622 X239.686 Y98.128 E45.02153 ; perimeter
G1 Z69.634 X243.937 Y100.775 E27.10130 ; perimeter
G1 Z69.647 X248.011 Y103.680 E27.07736 ; perimeter
G1 Z69.659 X251.896 Y106.770 E26.86472 ; perimeter
G1 Z69.680 X258.072 Y112.428 E45.32958 ; perimeter
G1 Z69.701 X263.730 Y118.604 E45.32946 ; perimeter
G1 Z69.713 X266.820 Y122.489 E26.86483 ; perimeter
G1 Z69.726 X269.726 Y126.562 E27.07799 ; perimeter
G1 Z69.738 X272.414 Y130.781 E27.07319 ; perimeter
G1 Z69.751 X274.877 Y135.136 E27.07703 ; perimeter
G1 Z69.763 X277.110 Y139.613 E27.07563 ; perimeter
G1 Z69.776 X279.105 Y144.201 E27.07561 ; perimeter
G1 Z69.788 X280.857 Y148.888 E27.07977 ; perimeter
G1 Z69.801 X282.350 Y153.622 E26.86386 ; perimeter
G1 Z69.822 X284.314 Y161.804 E45.53799 ; perimeter
G1 Z69.834 X285.133 Y166.700 E26.86483 ; perimeter
G1 Z69.847 X285.695 Y171.632 E26.86422 ; perimeter
G1 Z69.868 X286.061 Y180.000 E45.33008 ; perimeter
G1 Z69.888 X285.695 Y188.368 E45.33008 ; perimeter
G1 Z69.901 X285.133 Y193.300 E26.86422 ; perimeter
G1 Z69.913 X284.314 Y198.196 E26.86483 ; perimeter
G1 Z69.934 X282.350 Y206.378 E45.53799 ; perimeter
G1 Z69.947 X280.857 Y211.112 E26.86386 ; perimeter
G1 Z69.959 X279.105 Y215.799 E27.07977 ; perimeter
G1 Z69.972 X277.110 Y220.387 E27.07561 ; perimeter
G1 Z69.984 X274.877 Y224.864 E27.07563 ; perimeter
G1 Z69.997 X272.414 Y229.219 E27.07703 ; perimeter
G1 Z70.009 X269.726 Y233.438 E27.07326 ; perimeter
G1 Z70.022 X266.820 Y237.511 E27.07792 ; perimeter
G1 Z70.034 X263.730 Y241.396 E26.86469 ; perimeter
G1 Z70.055 X258.071 Y247.572 E45.33321 ; perimeter
G1 Z70.076 X251.896 Y253.230 E45.32568 ; perimeter
G1 Z70.088 X248.011 Y256.320 E26.86476 ; perimeter
G1 Z70.101 X243.938 Y259.226 E27.07785 ; perimeter
G1 Z70.113 X239.719 Y261.914 E27.07326 ; perimeter
G1 Z70.126 X235.364 Y264.377 E27.07710 ; perimeter
G1 Z70.138 X230.887 Y266.610 E27.07556 ; perimeter
G1 Z70.151 X226.335 Y268.589 E26.86241 ; perimeter
G1 Z70.172 X218.402 Y271.398 E45.54460 ; perimeter
G1 Z70.184 X213.619 Y272.725 E26.86289 ; perimeter
G1 Z70.197 X208.773 Y273.799 E26.86252 ; perimeter
G1 Z70.218 X200.450 Y275.043 E45.54352 ; perimeter
G1 Z70.230 X195.501 Y275.432 E26.86611 ; perimeter
G1 Z70.243 X190.500 Y275.563 E27.07420 ; perimeter
G1 Z70.255 X185.499 Y275.432 E27.07420 ; perimeter
G1 Z70.268 X180.511 Y275.040 E27.07779 ; perimeter
G1 Z70.280 X175.551 Y274.387 E27.07466 ; perimeter
G1 Z70.293 X170.631 Y273.475 E27.08014 ; perimeter
G1 Z70.305 X165.766 Y272.307 E27.07706 ; perimeter
G1 Z70.317 X161.007 Y270.897 E26.86189 ; perimeter
G1 Z70.338 X153.125 Y267.950 E45.54066 ; perimeter
G1 Z70.351 X148.608 Y265.892 E26.86323 ; perimeter
G1 Z70.363 X144.205 Y263.600 E26.86379 ; perimeter
G1 Z70.384 X137.030 Y259.203 E45.54179 ; perimeter
G1 Z70.397 X132.989 Y256.320 E26.86471 ; perimeter
G1 Z70.409 X129.104 Y253.230 E26.86469 ; perimeter
G1 Z70.430 X122.929 Y247.572 E45.32562 ; perimeter
G1 Z70.451 X117.270 Y241.396 E45.33327 ; perimeter
G1 Z70.463 X114.180 Y237.511 E26.86469 ; perimeter
G1 Z70.476 X111.274 Y233.438 E27.07794 ; perimeter
G1 Z70.488 X108.587 Y229.219 E27.07315 ; perimeter
G1 Z70.500 X106.294 Y225.167 E25.19399 ; perimeter
;LAYER_CHANGE
;Z:72
;HEIGHT:1.5
G1 Z70.500 F960 ; simple layer change
G1 F2400
G1 Z70.509 X104.634 Y221.879 E19.93344 ; perimeter
G1 Z70.522 X102.562 Y217.370 E26.85692 ; perimeter
G1 Z70.543 X99.628 Y209.485 E45.53172 ; perimeter
G1 Z70.555 X98.220 Y204.727 E26.85424 ; perimeter
G1 Z70.568 X97.052 Y199.863 E27.06914 ; perimeter
G1 Z70.580 X96.140 Y194.944 E27.07238 ; perimeter
G1 Z70.593 X95.488 Y189.986 E27.06677 ; perimeter
G1 Z70.605 X95.151 Y184.997 E27.05862 ; perimeter
G1 Z70.617 X94.940 Y180.039 E26.85892 ; perimeter
G1 Z70.638 X95.305 Y171.632 E45.54002 ; perimeter
G1 Z70.651 X95.867 Y166.700 E26.86421 ; perimeter
G1 Z70.663 X96.692 Y161.766 E27.07303 ; perimeter
G1 Z70.676 X97.775 Y156.881 E27.07903 ; perimeter
G1 Z70.688 X99.112 Y152.060 E27.07553 ; perimeter
G1 Z70.701 X100.700 Y147.315 E27.07939 ; perimeter
G1 Z70.713 X102.534 Y142.660 E27.07713 ; perimeter
G1 Z70.726 X104.612 Y138.099 E27.12480 ; perimeter
G1 Z70.747 X108.583 Y130.786 E45.03560 ; perimeter
G1 Z70.759 X111.274 Y126.562 E27.10474 ; perimeter
G1 Z70.772 X114.185 Y122.481 E27.12895 ; perimeter
G1 Z70.793 X119.478 Y116.060 E45.03434 ; perimeter
G1 Z70.805 X122.927 Y112.427 E27.11019 ; perimeter
G1 Z70.818 X126.556 Y108.983 E27.07618 ; perimeter
G1 Z70.830 X130.360 Y105.733 E27.07731 ; perimeter
G1 Z70.843 X134.329 Y102.688 E27.07299 ; perimeter
G1 Z70.855 X138.452 Y99.854 E27.07612 ; perimeter
G1 Z70.868 X142.718 Y97.240 E27.07666 ; perimeter
G1 Z70.880 X147.081 Y94.871 E26.86831 ; perimeter
G1 Z70.901 X154.738 Y91.381 E45.54033 ; perimeter
G1 Z70.913 X159.388 Y89.643 E26.86569 ; perimeter
G1 Z70.926 X164.122 Y88.150 E26.86386 ; perimeter
G1 Z70.947 X172.304 Y86.186 E45.53799 ; perimeter
G1 Z70.959 X177.200 Y85.367 E26.86483 ; perimeter
G1 Z70.972 X182.171 Y84.800 E27.07699 ; perimeter
G1 Z70.984 X187.175 Y84.494 E27.13174 ; perimeter
G1 Z71.005 X195.495 Y84.567 E45.02875 ; perimeter
G1 Z71.018 X200.489 Y84.960 E27.11067 ; perimeter
G1 Z71.030 X205.449 Y85.613 E27.07458 ; perimeter
G1 Z71.043 X210.369 Y86.525 E27.08022 ; perimeter
G1 Z71.055 X215.234 Y87.693 E27.07699 ; perimeter
G1 Z71.067 X219.993 Y89.103 E26.86180 ; perimeter
G1 Z71.088 X227.875 Y92.050 E45.54074 ; perimeter
G1 Z71.101 X232.392 Y94.108 E26.86328 ; perimeter
G1 Z71.113 X236.771 Y96.445 E26.86039 ; perimeter
G1 Z71.134 X243.970 Y100.797 E45.52814 ; perimeter
G1 Z71.147 X248.011 Y103.680 E26.86470 ; perimeter
G1 Z71.159 X251.896 Y106.770 E26.86478 ; perimeter
G1 Z71.180 X258.072 Y112.428 E45.32956 ; perimeter
G1 Z71.201 X263.730 Y118.604 E45.32964 ; perimeter
G1 Z71.213 X266.820 Y122.489 E26.86473 ; perimeter
G1 Z71.226 X269.726 Y126.562 E27.07792 ; perimeter
G1 Z71.238 X272.414 Y130.781 E27.07323 ; perimeter
G1 Z71.251 X274.877 Y135.136 E27.07703 ; perimeter
G1 Z71.263 X277.110 Y139.613 E27.07563 ; perimeter
G1 Z71.276 X279.105 Y144.201 E27.07561 ; perimeter
G1 Z71.288 X280.857 Y148.888 E27.07977 ; perimeter
G1 Z71.301 X282.350 Y153.622 E26.86386 ; perimeter
G1 Z71.322 X284.314 Y161.804 E45.53799 ; perimeter
G1 Z71.334 X285.133 Y166.700 E26.86483 ; perimeter
G1 Z71.347 X285.695 Y171.632 E26.86422 ; perimeter
G1 Z71.368 X286.061 Y180.000 E45.33008 ; perimeter
G1 Z71.388 X285.695 Y188.368 E45.33008 ; perimeter
G1 Z71.401 X285.133 Y193.300 E26.86422 ; perimeter
G1 Z71.413 X284.314 Y198.196 E26.86483 ; perimeter
G1 Z71.434 X282.350 Y206.378 E45.53807 ; perimeter
G1 Z71.447 X280.857 Y211.112 E26.86378 ; perimeter
G1 Z71.459 X279.105 Y215.799 E27.07969 ; perimeter
G1 Z71.472 X277.110 Y220.387 E27.07568 ; perimeter
G1 Z71.484 X274.877 Y224.864 E27.07563 ; perimeter
G1 Z71.497 X272.414 Y229.219 E27.07703 ; perimeter
G1 Z71.509 X269.726 Y233.438 E27.07312 ; perimeter
G1 Z71.522 X266.820 Y237.511 E27.07806 ; perimeter
G1 Z71.534 X263.730 Y241.396 E26.86469 ; perimeter
G1 Z71.555 X258.071 Y247.572 E45.33321 ; perimeter
G1 Z71.576 X251.896 Y253.230 E45.32573 ; perimeter
G1 Z71.588 X248.011 Y256.320 E26.86457 ; perimeter
G1 Z71.601 X243.938 Y259.226 E27.07812 ; perimeter
G1 Z71.613 X239.719 Y261.914 E27.07312 ; perimeter
G1 Z71.626 X235.364 Y264.377 E27.07703 ; perimeter
G1 Z71.638 X230.887 Y266.610 E27.07563 ; perimeter
G1 Z71.651 X226.335 Y268.589 E26.86241 ; perimeter
G1 Z71.672 X218.402 Y271.398 E45.54452 ; perimeter
G1 Z71.684 X213.619 Y272.725 E26.86305 ; perimeter
G1 Z71.697 X208.773 Y273.799 E26.86236 ; perimeter
G1 Z71.718 X200.450 Y275.043 E45.54352 ; perimeter
G1 Z71.730 X195.501 Y275.432 E26.86619 ; perimeter
G1 Z71.743 X190.500 Y275.563 E27.07420 ; perimeter
G1 Z71.755 X185.499 Y275.432 E27.07420 ; perimeter
G1 Z71.768 X180.511 Y275.040 E27.07779 ; perimeter
G1 Z71.780 X175.551 Y274.387 E27.07466 ; perimeter
G1 Z71.793 X170.631 Y273.475 E27.08014 ; perimeter
G1 Z71.805 X165.766 Y272.307 E27.07706 ; perimeter
G1 Z71.817 X161.007 Y270.897 E26.86181 ; perimeter
G1 Z71.838 X153.125 Y267.950 E45.54074 ; perimeter
G1 Z71.851 X148.608 Y265.892 E26.86323 ; perimeter
G1 Z71.863 X144.205 Y263.600 E26.86379 ; perimeter
G1 Z71.884 X137.030 Y259.203 E45.54179 ; perimeter
G1 Z71.897 X132.989 Y256.320 E26.86471 ; perimeter
G1 Z71.909 X129.104 Y253.230 E26.86469 ; perimeter
G1 Z71.930 X122.929 Y247.572 E45.32562 ; perimeter
G1 Z71.951 X117.270 Y241.396 E45.33327 ; perimeter
G1 Z71.963 X114.180 Y237.511 E26.86466 ; perimeter
G1 Z71.976 X111.297 Y233.470 E26.86476 ; perimeter
G1 Z71.997 X106.900 Y226.295 E45.54175 ; perimeter
G1 Z72.000 X106.309 Y225.159 E6.93013 ; perimeter
;LAYER_CHANGE
;Z:73.5
;HEIGHT:1.5
G1 Z72.000 F960 ; simple layer change
G1 F2400
G1 Z72.013 X103.912 Y220.366 E29.00023 ; perimeter
G1 Z72.023 X102.298 Y216.702 E21.67034 ; perimeter
G1 Z72.034 X100.785 Y212.659 E23.36071 ; perimeter
G1 Z72.047 X99.139 Y207.932 E27.08835 ; perimeter
G1 Z72.059 X97.802 Y203.112 E27.06742 ; perimeter
G1 Z72.072 X96.720 Y198.229 E27.07107 ; perimeter
G1 Z72.084 X95.894 Y193.296 E27.06529 ; perimeter
G1 Z72.097 X95.331 Y188.366 E26.85680 ; perimeter
G1 Z72.118 X94.940 Y180.000 E45.32523 ; perimeter
G1 Z72.138 X95.305 Y171.632 E45.33001 ; perimeter
G1 Z72.151 X95.867 Y166.700 E26.86422 ; perimeter
G1 Z72.163 X96.692 Y161.766 E27.07302 ; perimeter
G1 Z72.176 X97.775 Y156.881 E27.07904 ; perimeter
G1 Z72.188 X99.112 Y152.060 E27.07552 ; perimeter
G1 Z72.201 X100.700 Y147.315 E27.07939 ; perimeter
G1 Z72.213 X102.534 Y142.660 E27.07713 ; perimeter
G1 Z72.226 X104.608 Y138.108 E27.07150 ; perimeter
G1 Z72.238 X106.964 Y133.740 E26.85987 ; perimeter
G1 Z72.259 X111.297 Y126.530 E45.52297 ; perimeter
G1 Z72.272 X114.185 Y122.481 E26.91568 ; perimeter
G1 Z72.293 X119.478 Y116.060 E45.03439 ; perimeter
G1 Z72.305 X122.927 Y112.427 E27.11048 ; perimeter
G1 Z72.318 X126.556 Y108.983 E27.07615 ; perimeter
G1 Z72.330 X130.360 Y105.733 E27.07731 ; perimeter
G1 Z72.343 X134.329 Y102.688 E27.07302 ; perimeter
G1 Z72.355 X138.452 Y99.854 E27.07608 ; perimeter
G1 Z72.368 X142.718 Y97.240 E27.07668 ; perimeter
G1 Z72.380 X147.081 Y94.871 E26.86831 ; perimeter
G1 Z72.401 X154.738 Y91.381 E45.54035 ; perimeter
G1 Z72.413 X159.388 Y89.643 E26.86568 ; perimeter
G1 Z72.426 X164.122 Y88.150 E26.86386 ; perimeter
G1 Z72.447 X172.304 Y86.186 E45.53799 ; perimeter
G1 Z72.459 X177.200 Y85.367 E26.86483 ; perimeter
G1 Z72.472 X182.171 Y84.800 E27.07699 ; perimeter
G1 Z72.484 X187.174 Y84.494 E27.12633 ; perimeter
G1 Z72.505 X195.495 Y84.567 E45.03416 ; perimeter
G1 Z72.518 X200.489 Y84.960 E27.11067 ; perimeter
G1 Z72.530 X205.449 Y85.613 E27.07458 ; perimeter
G1 Z72.543 X210.369 Y86.525 E27.08006 ; perimeter
G1 Z72.555 X215.234 Y87.693 E27.07714 ; perimeter
G1 Z72.567 X219.993 Y89.103 E26.86189 ; perimeter
G1 Z72.588 X227.875 Y92.050 E45.54074 ; perimeter
G1 Z72.601 X232.401 Y94.112 E26.91635 ; perimeter
G1 Z72.622 X239.686 Y98.128 E45.01683 ; perimeter
G1 Z72.634 X243.937 Y100.775 E27.10593 ; perimeter
G1 Z72.647 X248.011 Y103.680 E27.07736 ; perimeter
G1 Z72.659 X251.896 Y106.770 E26.86469 ; perimeter
G1 Z72.680 X258.072 Y112.428 E45.32946 ; perimeter
G1 Z72.701 X263.730 Y118.604 E45.32975 ; perimeter
G1 Z72.713 X266.820 Y122.489 E26.86469 ; perimeter
G1 Z72.726 X269.726 Y126.562 E27.07796 ; perimeter
G1 Z72.738 X272.414 Y130.781 E27.07323 ; perimeter
G1 Z72.751 X274.877 Y135.136 E27.07703 ; perimeter
G1 Z72.763 X277.110 Y139.613 E27.07563 ; perimeter
G1 Z72.776 X279.105 Y144.201 E27.07561 ; perimeter
G1 Z72.788 X280.857 Y148.888 E27.07977 ; perimeter
G1 Z72.801 X282.350 Y153.622 E26.86386 ; perimeter
G1 Z72.822 X284.314 Y161.804 E45.53799 ; perimeter
G1 Z72.834 X285.133 Y166.700 E26.86483 ; perimeter
G1 Z72.847 X285.695 Y171.632 E26.86422 ; perimeter
G1 Z72.868 X286.061 Y180.000 E45.33008 ; perimeter
G1 Z72.888 X285.695 Y188.368 E45.33008 ; perimeter
G1 Z72.901 X285.133 Y193.300 E26.86422 ; perimeter
G1 Z72.913 X284.314 Y198.196 E26.86483 ; perimeter
G1 Z72.934 X282.350 Y206.378 E45.53791 ; perimeter
G1 Z72.947 X280.857 Y211.112 E26.86394 ; perimeter
G1 Z72.959 X279.105 Y215.799 E27.07969 ; perimeter
G1 Z72.972 X277.110 Y220.387 E27.07568 ; perimeter
G1 Z72.984 X274.877 Y224.864 E27.07556 ; perimeter
G1 Z72.997 X272.414 Y229.219 E27.07710 ; perimeter
G1 Z73.009 X269.726 Y233.438 E27.07326 ; perimeter
G1 Z73.022 X266.820 Y237.511 E27.07792 ; perimeter
G1 Z73.034 X263.730 Y241.396 E26.86469 ; perimeter
G1 Z73.055 X258.071 Y247.572 E45.33321 ; perimeter
G1 Z73.076 X251.896 Y253.230 E45.32568 ; perimeter
G1 Z73.088 X248.011 Y256.320 E26.86463 ; perimeter
G1 Z73.101 X243.938 Y259.226 E27.07799 ; perimeter
G1 Z73.113 X239.719 Y261.914 E27.07326 ; perimeter
G1 Z73.126 X235.364 Y264.377 E27.07696 ; perimeter
G1 Z73.138 X230.887 Y266.610 E27.07571 ; perimeter
G1 Z73.151 X226.335 Y268.589 E26.86241 ; perimeter
G1 Z73.172 X218.402 Y271.398 E45.54452 ; perimeter
G1 Z73.184 X213.619 Y272.725 E26.86297 ; perimeter
G1 Z73.197 X208.773 Y273.799 E26.86244 ; perimeter
G1 Z73.218 X200.450 Y275.043 E45.54360 ; perimeter
G1 Z73.230 X195.501 Y275.432 E26.86611 ; perimeter
G1 Z73.243 X190.500 Y275.563 E27.07420 ; perimeter
G1 Z73.255 X185.499 Y275.432 E27.07420 ; perimeter
G1 Z73.268 X180.511 Y275.040 E27.07779 ; perimeter
G1 Z73.280 X175.551 Y274.387 E27.07466 ; perimeter
G1 Z73.293 X170.631 Y273.475 E27.08014 ; perimeter
G1 Z73.305 X165.766 Y272.307 E27.07706 ; perimeter
G1 Z73.317 X161.007 Y270.897 E26.86189 ; perimeter
G1 Z73.338 X153.125 Y267.950 E45.54066 ; perimeter
G1 Z73.351 X148.608 Y265.892 E26.86323 ; perimeter
G1 Z73.363 X144.205 Y263.600 E26.86379 ; perimeter
G1 Z73.384 X137.030 Y259.203 E45.54179 ; perimeter
G1 Z73.397 X132.989 Y256.320 E26.86471 ; perimeter
G1 Z73.409 X129.104 Y253.230 E26.86469 ; perimeter
G1 Z73.430 X122.929 Y247.572 E45.32562 ; perimeter
G1 Z73.451 X117.270 Y241.396 E45.33327 ; perimeter
G1 Z73.463 X114.180 Y237.511 E26.86469 ; perimeter
G1 Z73.476 X111.274 Y233.438 E27.07794 ; perimeter
G1 Z73.488 X108.587 Y229.219 E27.07315 ; perimeter
G1 Z73.500 X106.294 Y225.167 E25.19399 ; perimeter
;LAYER_CHANGE
;Z:75
;HEIGHT:1.5
G1 Z73.500 F960 ; simple layer change
G1 F2400
G1 Z73.509 X104.634 Y221.879 E19.93344 ; perimeter
G1 Z73.522 X102.562 Y217.370 E26.85684 ; perimeter
G1 Z73.543 X99.628 Y209.485 E45.53155 ; perimeter
G1 Z73.555 X98.220 Y204.727 E26.85424 ; perimeter
G1 Z73.568 X97.052 Y199.863 E27.06914 ; perimeter
G1 Z73.580 X96.140 Y194.944 E27.07238 ; perimeter
G1 Z73.593 X95.488 Y189.986 E27.06677 ; perimeter
G1 Z73.605 X95.151 Y184.997 E27.05862 ; perimeter
G1 Z73.617 X94.940 Y180.039 E26.85892 ; perimeter
G1 Z73.638 X95.305 Y171.632 E45.53994 ; perimeter
G1 Z73.651 X95.867 Y166.700 E26.86429 ; perimeter
G1 Z73.663 X96.692 Y161.766 E27.07303 ; perimeter
G1 Z73.676 X97.775 Y156.881 E27.07903 ; perimeter
G1 Z73.688 X99.112 Y152.060 E27.07553 ; perimeter
G1 Z73.701 X100.700 Y147.315 E27.07939 ; perimeter
G1 Z73.713 X102.534 Y142.660 E27.07713 ; perimeter
G1 Z73.726 X104.612 Y138.099 E27.12470 ; perimeter
G1 Z73.747 X108.647 Y130.826 E45.01133 ; perimeter
G1 Z73.759 X111.276 Y126.563 E27.10538 ; perimeter
G1 Z73.772 X114.185 Y122.481 E27.12803 ; perimeter
G1 Z73.793 X119.478 Y116.060 E45.03439 ; perimeter
G1 Z73.805 X122.927 Y112.427 E27.11048 ; perimeter
G1 Z73.818 X126.556 Y108.983 E27.07615 ; perimeter
G1 Z73.830 X130.360 Y105.733 E27.07731 ; perimeter
G1 Z73.843 X134.329 Y102.688 E27.07302 ; perimeter
G1 Z73.855 X138.452 Y99.854 E27.07610 ; perimeter
G1 Z73.868 X142.718 Y97.240 E27.07668 ; perimeter
G1 Z73.880 X147.081 Y94.871 E26.86829 ; perimeter
G1 Z73.901 X154.738 Y91.381 E45.54035 ; perimeter
G1 Z73.913 X159.388 Y89.643 E26.86568 ; perimeter
G1 Z73.926 X164.122 Y88.150 E26.86378 ; perimeter
G1 Z73.947 X172.304 Y86.186 E45.53799 ; perimeter
G1 Z73.959 X177.200 Y85.367 E26.86492 ; perimeter
G1 Z73.972 X182.171 Y84.800 E27.07698 ; perimeter
G1 Z73.984 X187.174 Y84.494 E27.12642 ; perimeter
G1 Z74.005 X195.495 Y84.567 E45.03407 ; perimeter
G1 Z74.018 X200.489 Y84.960 E27.11059 ; perimeter
G1 Z74.030 X205.449 Y85.613 E27.07467 ; perimeter
G1 Z74.043 X210.369 Y86.525 E27.08014 ; perimeter
G1 Z74.055 X215.234 Y87.693 E27.07698 ; perimeter
G1 Z74.067 X219.993 Y89.103 E26.86189 ; perimeter
G1 Z74.088 X227.875 Y92.050 E45.54074 ; perimeter
G1 Z74.101 X232.392 Y94.108 E26.86328 ; perimeter
G1 Z74.113 X236.771 Y96.445 E26.86033 ; perimeter
G1 Z74.134 X243.970 Y100.797 E45.52816 ; perimeter
G1 Z74.147 X248.011 Y103.680 E26.86470 ; perimeter
G1 Z74.159 X251.896 Y106.770 E26.86476 ; perimeter
G1 Z74.180 X258.072 Y112.428 E45.32958 ; perimeter
G1 Z74.201 X263.730 Y118.604 E45.32964 ; perimeter
G1 Z74.213 X266.820 Y122.489 E26.86473 ; perimeter
G1 Z74.226 X269.726 Y126.562 E27.07792 ; perimeter
G1 Z74.238 X272.414 Y130.781 E27.07323 ; perimeter
G1 Z74.251 X274.877 Y135.136 E27.07703 ; perimeter
G1 Z74.263 X277.110 Y139.613 E27.07563 ; perimeter
G1 Z74.276 X279.105 Y144.201 E27.07561 ; perimeter
G1 Z74.288 X280.857 Y148.888 E27.07977 ; perimeter
G1 Z74.301 X282.350 Y153.622 E26.86386 ; perimeter
G1 Z74.322 X284.314 Y161.804 E45.53799 ; perimeter
G1 Z74.334 X285.133 Y166.700 E26.86483 ; perimeter
G1 Z74.347 X285.695 Y171.632 E26.86422 ; perimeter
G1 Z74.368 X286.061 Y180.000 E45.33008 ; perimeter
G1 Z74.388 X285.695 Y188.368 E45.33008 ; perimeter
G1 Z74.401 X285.133 Y193.300 E26.86422 ; perimeter
G1 Z74.413 X284.314 Y198.196 E26.86483 ; perimeter
G1 Z74.434 X282.350 Y206.378 E45.53807 ; perimeter
G1 Z74.447 X280.857 Y211.112 E26.86378 ; perimeter
G1 Z74.459 X279.105 Y215.799 E27.07969 ; perimeter
G1 Z74.472 X277.110 Y220.387 E27.07568 ; perimeter
G1 Z74.484 X274.877 Y224.864 E27.07563 ; perimeter
G1 Z74.497 X272.414 Y229.219 E27.07703 ; perimeter
G1 Z74.509 X269.726 Y233.438 E27.07312 ; perimeter
G1 Z74.522 X266.820 Y237.511 E27.07806 ; perimeter
G1 Z74.534 X263.730 Y241.396 E26.86469 ; perimeter
G1 Z74.555 X258.071 Y247.572 E45.33321 ; perimeter
G1 Z74.576 X251.896 Y253.230 E45.32573 ; perimeter
G1 Z74.588 X248.011 Y256.320 E26.86457 ; perimeter
G1 Z74.601 X243.938 Y259.226 E27.07812 ; perimeter
G1 Z74.613 X239.719 Y261.914 E27.07312 ; perimeter
G1 Z74.626 X235.364 Y264.377 E27.07703 ; perimeter
G1 Z74.638 X230.887 Y266.610 E27.07563 ; perimeter
G1 Z74.651 X226.335 Y268.589 E26.86241 ; perimeter
G1 Z74.672 X218.402 Y271.398 E45.54452 ; perimeter
G1 Z74.684 X213.619 Y272.725 E26.86305 ; perimeter
G1 Z74.697 X208.773 Y273.799 E26.86236 ; perimeter
G1 Z74.718 X200.450 Y275.043 E45.54352 ; perimeter
G1 Z74.730 X195.501 Y275.432 E26.86619 ; perimeter
G1 Z74.743 X190.500 Y275.563 E27.07420 ; perimeter
G1 Z74.755 X185.499 Y275.432 E27.07420 ; perimeter
G1 Z74.768 X180.511 Y275.040 E27.07779 ; perimeter
G1 Z74.780 X175.551 Y274.387 E27.07466 ; perimeter
G1 Z74.793 X170.631 Y273.475 E27.08014 ; perimeter
G1 Z74.805 X165.766 Y272.307 E27.07706 ; perimeter
G1 Z74.817 X161.007 Y270.897 E26.86181 ; perimeter
G1 Z74.838 X153.125 Y267.950 E45.54074 ; perimeter
G1 Z74.851 X148.608 Y265.892 E26.86323 ; perimeter
G1 Z74.863 X144.205 Y263.600 E26.86379 ; perimeter
G1 Z74.884 X137.030 Y259.203 E45.54179 ; perimeter
G1 Z74.897 X132.989 Y256.320 E26.86471 ; perimeter
G1 Z74.909 X129.104 Y253.230 E26.86469 ; perimeter
G1 Z74.930 X122.929 Y247.572 E45.32562 ; perimeter
G1 Z74.951 X117.270 Y241.396 E45.33327 ; perimeter
G1 Z74.963 X114.180 Y237.511 E26.86466 ; perimeter
G1 Z74.976 X111.297 Y233.470 E26.86476 ; perimeter
G1 Z74.997 X106.900 Y226.295 E45.54175 ; perimeter
G1 Z75.000 X106.309 Y225.159 E6.93013 ; perimeter
;LAYER_CHANGE
;Z:76.5
;HEIGHT:1.5
G1 Z75.000 F960 ; simple layer change
G1 F2400
G1 Z75.009 X104.608 Y221.892 E19.93363 ; perimeter
G1 Z75.022 X102.550 Y217.375 E26.86325 ; perimeter
G1 Z75.043 X99.603 Y209.493 E45.54066 ; perimeter
G1 Z75.055 X98.193 Y204.734 E26.86189 ; perimeter
G1 Z75.068 X97.025 Y199.869 E27.07706 ; perimeter
G1 Z75.080 X96.113 Y194.949 E27.08014 ; perimeter
G1 Z75.093 X95.460 Y189.989 E27.07466 ; perimeter
G1 Z75.105 X95.068 Y185.001 E27.07779 ; perimeter
G1 Z75.117 X94.938 Y180.039 E26.86298 ; perimeter
G1 Z75.138 X95.305 Y171.632 E45.54118 ; perimeter
G1 Z75.151 X95.867 Y166.700 E26.86429 ; perimeter
G1 Z75.163 X96.692 Y161.766 E27.07303 ; perimeter
G1 Z75.176 X97.775 Y156.881 E27.07903 ; perimeter
G1 Z75.188 X99.112 Y152.060 E27.07553 ; perimeter
G1 Z75.201 X100.700 Y147.315 E27.07939 ; perimeter
G1 Z75.213 X102.534 Y142.660 E27.07713 ; perimeter
G1 Z75.226 X104.612 Y138.099 E27.12480 ; perimeter
G1 Z75.247 X108.583 Y130.787 E45.03086 ; perimeter
G1 Z75.259 X111.274 Y126.562 E27.10929 ; perimeter
G1 Z75.272 X114.185 Y122.481 E27.12894 ; perimeter
G1 Z75.293 X119.478 Y116.060 E45.03439 ; perimeter
G1 Z75.305 X122.927 Y112.427 E27.11048 ; perimeter
G1 Z75.318 X126.556 Y108.983 E27.07615 ; perimeter
G1 Z75.330 X130.360 Y105.733 E27.07731 ; perimeter
G1 Z75.343 X134.329 Y102.688 E27.07302 ; perimeter
G1 Z75.355 X138.452 Y99.854 E27.07610 ; perimeter
G1 Z75.368 X142.718 Y97.240 E27.07668 ; perimeter
G1 Z75.380 X147.081 Y94.871 E26.86829 ; perimeter
G1 Z75.401 X154.738 Y91.381 E45.54035 ; perimeter
G1 Z75.413 X159.388 Y89.643 E26.86568 ; perimeter
G1 Z75.426 X164.122 Y88.150 E26.86378 ; perimeter
G1 Z75.447 X172.304 Y86.186 E45.53799 ; perimeter
G1 Z75.459 X177.200 Y85.367 E26.86492 ; perimeter
G1 Z75.472 X182.171 Y84.800 E27.07698 ; perimeter
G1 Z75.484 X187.174 Y84.494 E27.12642 ; perimeter
G1 Z75.505 X195.495 Y84.567 E45.03407 ; perimeter
G1 Z75.518 X200.489 Y84.960 E27.11059 ; perimeter
G1 Z75.530 X205.449 Y85.613 E27.07467 ; perimeter
G1 Z75.543 X210.369 Y86.525 E27.08014 ; perimeter
G1 Z75.555 X215.234 Y87.693 E27.07698 ; perimeter
G1 Z75.567 X219.993 Y89.103 E26.86189 ; perimeter
G1 Z75.588 X227.875 Y92.050 E45.54074 ; perimeter
G1 Z75.601 X232.392 Y94.108 E26.86323 ; perimeter
G1 Z75.613 X236.795 Y96.400 E26.86372 ; perimeter
G1 Z75.634 X243.970 Y100.797 E45.54186 ; perimeter
G1 Z75.647 X248.011 Y103.680 E26.86464 ; perimeter
G1 Z75.659 X251.896 Y106.770 E26.86476 ; perimeter
G1 Z75.680 X258.072 Y112.428 E45.32958 ; perimeter
G1 Z75.701 X263.730 Y118.604 E45.32964 ; perimeter
G1 Z75.713 X266.820 Y122.489 E26.86473 ; perimeter
G1 Z75.726 X269.726 Y126.562 E27.07792 ; perimeter
G1 Z75.738 X272.414 Y130.781 E27.07323 ; perimeter
G1 Z75.751 X274.877 Y135.136 E27.07703 ; perimeter
G1 Z75.763 X277.110 Y139.613 E27.07563 ; perimeter
G1 Z75.776 X279.105 Y144.201 E27.07561 ; perimeter
G1 Z75.788 X280.857 Y148.888 E27.07977 ; perimeter
G1 Z75.801 X282.350 Y153.622 E26.86386 ; perimeter
G1 Z75.822 X284.314 Y161.804 E45.53799 ; perimeter
G1 Z75.834 X285.133 Y166.700 E26.86483 ; perimeter
G1 Z75.847 X285.695 Y171.632 E26.86422 ; perimeter
G1 Z75.868 X286.061 Y180.000 E45.33008 ; perimeter
G1 Z75.888 X285.695 Y188.368 E45.33008 ; perimeter
G1 Z75.901 X285.133 Y193.300 E26.86422 ; perimeter
G1 Z75.913 X284.314 Y198.196 E26.86483 ; perimeter
G1 Z75.934 X282.350 Y206.378 E45.53807 ; perimeter
G1 Z75.947 X280.857 Y211.112 E26.86378 ; perimeter
G1 Z75.959 X279.105 Y215.799 E27.07969 ; perimeter
G1 Z75.972 X277.110 Y220.387 E27.07568 ; perimeter
G1 Z75.984 X274.877 Y224.864 E27.07563 ; perimeter
G1 Z75.997 X272.414 Y229.219 E27.07703 ; perimeter
G1 Z76.009 X269.726 Y233.438 E27.07312 ; perimeter
G1 Z76.022 X266.820 Y237.511 E27.07806 ; perimeter
G1 Z76.034 X263.730 Y241.396 E26.86469 ; perimeter
G1 Z76.055 X258.071 Y247.572 E45.33321 ; perimeter
G1 Z76.076 X251.896 Y253.230 E45.32573 ; perimeter
G1 Z76.088 X248.011 Y256.320 E26.86457 ; perimeter
G1 Z76.101 X243.938 Y259.226 E27.07812 ; perimeter
G1 Z76.113 X239.719 Y261.914 E27.07312 ; perimeter
G1 Z76.126 X235.364 Y264.377 E27.07703 ; perimeter
G1 Z76.138 X230.887 Y266.610 E27.07563 ; perimeter
G1 Z76.151 X226.335 Y268.589 E26.86241 ; perimeter
G1 Z76.172 X218.402 Y271.398 E45.54452 ; perimeter
G1 Z76.184 X213.619 Y272.725 E26.86305 ; perimeter
G1 Z76.197 X208.773 Y273.799 E26.86236 ; perimeter
G1 Z76.218 X200.450 Y275.043 E45.54352 ; perimeter
G1 Z76.230 X195.501 Y275.432 E26.86619 ; perimeter
G1 Z76.243 X190.500 Y275.563 E27.07420 ; perimeter
G1 Z76.255 X185.499 Y275.432 E27.07420 ; perimeter
G1 Z76.268 X180.511 Y275.040 E27.07779 ; perimeter
G1 Z76.280 X175.551 Y274.387 E27.07466 ; perimeter
G1 Z76.293 X170.631 Y273.475 E27.08014 ; perimeter
G1 Z76.305 X165.766 Y272.307 E27.07706 ; perimeter
G1 Z76.317 X161.007 Y270.897 E26.86181 ; perimeter
G1 Z76.338 X153.125 Y267.950 E45.54074 ; perimeter
G1 Z76.351 X148.608 Y265.892 E26.86323 ; perimeter
G1 Z76.363 X144.205 Y263.600 E26.86379 ; perimeter
G1 Z76.384 X137.030 Y259.203 E45.54179 ; perimeter
G1 Z76.397 X132.989 Y256.320 E26.86471 ; perimeter
G1 Z76.409 X129.104 Y253.230 E26.86469 ; perimeter
G1 Z76.430 X122.929 Y247.572 E45.32562 ; perimeter
G1 Z76.451 X117.270 Y241.396 E45.33327 ; perimeter
G1 Z76.463 X114.180 Y237.511 E26.86466 ; perimeter
G1 Z76.476 X111.297 Y233.470 E26.86473 ; perimeter
G1 Z76.497 X106.900 Y226.295 E45.54179 ; perimeter
G1 Z76.500 X106.309 Y225.159 E6.93014 ; perimeter
;LAYER_CHANGE
;Z:78
;HEIGHT:1.5
G1 Z76.500 F960 ; simple layer change
G1 F2400
G1 Z76.509 X104.608 Y221.892 E19.93365 ; perimeter
G1 Z76.522 X102.550 Y217.375 E26.86323 ; perimeter
G1 Z76.543 X99.603 Y209.493 E45.54066 ; perimeter
G1 Z76.555 X98.193 Y204.734 E26.86188 ; perimeter
G1 Z76.568 X97.025 Y199.869 E27.07706 ; perimeter
G1 Z76.580 X96.113 Y194.949 E27.08014 ; perimeter
G1 Z76.593 X95.460 Y189.989 E27.07475 ; perimeter
G1 Z76.605 X95.068 Y185.001 E27.07771 ; perimeter
G1 Z76.617 X94.938 Y180.039 E26.86306 ; perimeter
G1 Z76.638 X95.305 Y171.632 E45.54118 ; perimeter
G1 Z76.651 X95.867 Y166.700 E26.86422 ; perimeter
G1 Z76.663 X96.692 Y161.766 E27.07302 ; perimeter
G1 Z76.676 X97.775 Y156.881 E27.07904 ; perimeter
G1 Z76.688 X99.112 Y152.060 E27.07552 ; perimeter
G1 Z76.701 X100.700 Y147.315 E27.07939 ; perimeter
G1 Z76.713 X102.534 Y142.660 E27.07711 ; perimeter
G1 Z76.726 X104.612 Y138.100 E27.11985 ; perimeter
G1 Z76.747 X108.583 Y130.787 E45.03579 ; perimeter
G1 Z76.759 X111.274 Y126.562 E27.10928 ; perimeter
G1 Z76.772 X114.185 Y122.481 E27.12895 ; perimeter
G1 Z76.793 X119.478 Y116.061 E45.03022 ; perimeter
G1 Z76.805 X122.927 Y112.427 E27.11460 ; perimeter
G1 Z76.818 X126.556 Y108.983 E27.07615 ; perimeter
G1 Z76.830 X130.360 Y105.733 E27.07731 ; perimeter
G1 Z76.843 X134.337 Y102.682 E27.12708 ; perimeter
G1 Z76.863 X141.287 Y98.109 E45.02293 ; perimeter
G1 Z76.876 X145.646 Y95.642 E27.10973 ; perimeter
G1 Z76.888 X150.141 Y93.451 E27.06003 ; perimeter
G1 Z76.901 X154.702 Y91.397 E27.07172 ; perimeter
G1 Z76.913 X159.388 Y89.643 E27.07911 ; perimeter
G1 Z76.926 X164.122 Y88.150 E26.86386 ; perimeter
G1 Z76.947 X172.304 Y86.186 E45.53799 ; perimeter
G1 Z76.959 X177.200 Y85.367 E26.86483 ; perimeter
G1 Z76.972 X182.171 Y84.800 E27.07699 ; perimeter
G1 Z76.984 X187.174 Y84.494 E27.12642 ; perimeter
G1 Z77.005 X195.495 Y84.567 E45.03407 ; perimeter
G1 Z77.018 X200.489 Y84.960 E27.11059 ; perimeter
G1 Z77.030 X205.449 Y85.613 E27.07467 ; perimeter
G1 Z77.043 X210.369 Y86.525 E27.08014 ; perimeter
G1 Z77.055 X215.234 Y87.693 E27.07698 ; perimeter
G1 Z77.067 X219.993 Y89.103 E26.86197 ; perimeter
G1 Z77.088 X227.875 Y92.050 E45.54066 ; perimeter
G1 Z77.101 X232.400 Y94.112 E26.91163 ; perimeter
G1 Z77.122 X239.686 Y98.128 E45.02154 ; perimeter
G1 Z77.134 X243.937 Y100.775 E27.10595 ; perimeter
G1 Z77.147 X248.011 Y103.680 E27.07743 ; perimeter
G1 Z77.159 X251.896 Y106.770 E26.86463 ; perimeter
G1 Z77.180 X258.072 Y112.428 E45.32958 ; perimeter
G1 Z77.201 X263.730 Y118.604 E45.32964 ; perimeter
G1 Z77.213 X266.820 Y122.489 E26.86469 ; perimeter
G1 Z77.226 X269.726 Y126.562 E27.07799 ; perimeter
G1 Z77.238 X272.414 Y130.781 E27.07319 ; perimeter
G1 Z77.251 X274.877 Y135.136 E27.07703 ; perimeter
G1 Z77.263 X277.110 Y139.613 E27.07563 ; perimeter
G1 Z77.276 X279.105 Y144.201 E27.07561 ; perimeter
G1 Z77.288 X280.857 Y148.888 E27.07977 ; perimeter
G1 Z77.301 X282.350 Y153.622 E26.86386 ; perimeter
G1 Z77.322 X284.314 Y161.804 E45.53799 ; perimeter
G1 Z77.334 X285.133 Y166.700 E26.86483 ; perimeter
G1 Z77.347 X285.695 Y171.632 E26.86422 ; perimeter
G1 Z77.368 X286.061 Y180.000 E45.33008 ; perimeter
G1 Z77.388 X285.695 Y188.368 E45.33008 ; perimeter
G1 Z77.401 X285.133 Y193.300 E26.86422 ; perimeter
G1 Z77.413 X284.314 Y198.196 E26.86483 ; perimeter
G1 Z77.434 X282.350 Y206.378 E45.53799 ; perimeter
G1 Z77.447 X280.857 Y211.112 E26.86386 ; perimeter
G1 Z77.459 X279.105 Y215.799 E27.07977 ; perimeter
G1 Z77.472 X277.110 Y220.387 E27.07561 ; perimeter
G1 Z77.484 X274.877 Y224.864 E27.07571 ; perimeter
G1 Z77.497 X272.414 Y229.219 E27.07696 ; perimeter
G1 Z77.509 X269.726 Y233.438 E27.07319 ; perimeter
G1 Z77.522 X266.820 Y237.511 E27.07799 ; perimeter
G1 Z77.534 X263.730 Y241.396 E26.86469 ; perimeter
G1 Z77.555 X258.071 Y247.572 E45.33321 ; perimeter
G1 Z77.576 X251.896 Y253.230 E45.32573 ; perimeter
G1 Z77.588 X248.011 Y256.320 E26.86457 ; perimeter
G1 Z77.601 X243.938 Y259.226 E27.07806 ; perimeter
G1 Z77.613 X239.719 Y261.914 E27.07319 ; perimeter
G1 Z77.626 X235.364 Y264.377 E27.07703 ; perimeter
G1 Z77.638 X230.887 Y266.610 E27.07563 ; perimeter
G1 Z77.651 X226.335 Y268.589 E26.86241 ; perimeter
G1 Z77.672 X218.402 Y271.398 E45.54468 ; perimeter
G1 Z77.684 X213.619 Y272.725 E26.86281 ; perimeter
G1 Z77.697 X208.773 Y273.799 E26.86244 ; perimeter
G1 Z77.718 X200.450 Y275.043 E45.54360 ; perimeter
G1 Z77.730 X195.501 Y275.432 E26.86611 ; perimeter
G1 Z77.743 X190.500 Y275.563 E27.07420 ; perimeter
G1 Z77.755 X185.499 Y275.432 E27.07420 ; perimeter
G1 Z77.768 X180.511 Y275.040 E27.07779 ; perimeter
G1 Z77.780 X175.551 Y274.387 E27.07466 ; perimeter
G1 Z77.793 X170.631 Y273.475 E27.08014 ; perimeter
G1 Z77.805 X165.766 Y272.307 E27.07706 ; perimeter
G1 Z77.817 X161.007 Y270.897 E26.86189 ; perimeter
G1 Z77.838 X153.125 Y267.950 E45.54066 ; perimeter
G1 Z77.851 X148.608 Y265.892 E26.86323 ; perimeter
G1 Z77.863 X144.205 Y263.600 E26.86379 ; perimeter
G1 Z77.884 X137.030 Y259.203 E45.54179 ; perimeter
G1 Z77.897 X132.989 Y256.320 E26.86471 ; perimeter
G1 Z77.909 X129.104 Y253.230 E26.86469 ; perimeter
G1 Z77.930 X122.929 Y247.572 E45.32562 ; perimeter
G1 Z77.951 X117.270 Y241.396 E45.33327 ; perimeter
G1 Z77.963 X114.180 Y237.511 E26.86466 ; perimeter
G1 Z77.976 X111.297 Y233.470 E26.86473 ; perimeter
G1 Z77.997 X106.900 Y226.295 E45.54179 ; perimeter
G1 Z78.000 X106.309 Y225.159 E6.93014 ; perimeter
;LAYER_CHANGE
;Z:79.5
;HEIGHT:1.5
G1 Z78.000 F960 ; simple layer change
G1 F2400
G1 Z78.009 X104.608 Y221.892 E19.93363 ; perimeter
G1 Z78.022 X102.550 Y217.375 E26.86325 ; perimeter
G1 Z78.043 X99.603 Y209.493 E45.54066 ; perimeter
G1 Z78.055 X98.193 Y204.734 E26.86189 ; perimeter
G1 Z78.068 X97.025 Y199.869 E27.07706 ; perimeter
G1 Z78.080 X96.113 Y194.949 E27.08014 ; perimeter
G1 Z78.093 X95.460 Y189.989 E27.07466 ; perimeter
G1 Z78.105 X95.068 Y185.001 E27.07779 ; perimeter
G1 Z78.117 X94.938 Y180.039 E26.86298 ; perimeter
G1 Z78.138 X95.305 Y171.632 E45.54118 ; perimeter
G1 Z78.151 X95.867 Y166.700 E26.86429 ; perimeter
G1 Z78.163 X96.692 Y161.766 E27.07303 ; perimeter
G1 Z78.176 X97.775 Y156.881 E27.07903 ; perimeter
G1 Z78.188 X99.112 Y152.060 E27.07553 ; perimeter
G1 Z78.201 X100.700 Y147.315 E27.07940 ; perimeter
G1 Z78.213 X102.534 Y142.660 E27.07713 ; perimeter
G1 Z78.226 X104.612 Y138.100 E27.11986 ; perimeter
G1 Z78.247 X108.583 Y130.787 E45.03560 ; perimeter
G1 Z78.259 X111.274 Y126.562 E27.10930 ; perimeter
G1 Z78.272 X114.185 Y122.481 E27.12895 ; perimeter
G1 Z78.293 X119.478 Y116.061 E45.03019 ; perimeter
G1 Z78.305 X122.927 Y112.427 E27.11444 ; perimeter
G1 Z78.318 X126.556 Y108.983 E27.07615 ; perimeter
G1 Z78.330 X130.360 Y105.733 E27.07731 ; perimeter
G1 Z78.343 X134.329 Y102.688 E27.07296 ; perimeter
G1 Z78.355 X138.489 Y99.909 E27.07219 ; perimeter
G1 Z78.368 X142.729 Y97.259 E27.06098 ; perimeter
G1 Z78.380 X147.090 Y94.890 E26.86228 ; perimeter
G1 Z78.401 X154.738 Y91.381 E45.53655 ; perimeter
G1 Z78.413 X159.388 Y89.643 E26.86565 ; perimeter
G1 Z78.426 X164.122 Y88.150 E26.86386 ; perimeter
G1 Z78.447 X172.304 Y86.186 E45.53799 ; perimeter
G1 Z78.459 X177.200 Y85.367 E26.86483 ; perimeter
G1 Z78.472 X182.171 Y84.800 E27.07699 ; perimeter
G1 Z78.484 X187.174 Y84.494 E27.12634 ; perimeter
G1 Z78.505 X195.495 Y84.567 E45.03416 ; perimeter
G1 Z78.518 X200.489 Y84.960 E27.11059 ; perimeter
G1 Z78.530 X205.449 Y85.613 E27.07474 ; perimeter
G1 Z78.543 X210.369 Y86.525 E27.08014 ; perimeter
G1 Z78.555 X215.234 Y87.693 E27.07706 ; perimeter
G1 Z78.567 X219.993 Y89.103 E26.86180 ; perimeter
G1 Z78.588 X227.875 Y92.050 E45.54066 ; perimeter
G1 Z78.601 X232.392 Y94.108 E26.86316 ; perimeter
G1 Z78.613 X236.771 Y96.445 E26.86042 ; perimeter
G1 Z78.634 X243.970 Y100.797 E45.52807 ; perimeter
G1 Z78.647 X248.011 Y103.680 E26.86470 ; perimeter
G1 Z78.659 X251.896 Y106.770 E26.86478 ; perimeter
G1 Z78.680 X258.072 Y112.428 E45.32958 ; perimeter
G1 Z78.701 X263.730 Y118.604 E45.32958 ; perimeter
G1 Z78.713 X266.820 Y122.489 E26.86476 ; perimeter
G1 Z78.726 X269.726 Y126.562 E27.07796 ; perimeter
G1 Z78.738 X272.414 Y130.781 E27.07319 ; perimeter
G1 Z78.751 X274.877 Y135.136 E27.07703 ; perimeter
G1 Z78.763 X277.110 Y139.613 E27.07563 ; perimeter
G1 Z78.776 X279.105 Y144.201 E27.07561 ; perimeter
G1 Z78.788 X280.857 Y148.888 E27.07977 ; perimeter
G1 Z78.801 X282.350 Y153.622 E26.86386 ; perimeter
G1 Z78.822 X284.314 Y161.804 E45.53799 ; perimeter
G1 Z78.834 X285.133 Y166.700 E26.86483 ; perimeter
G1 Z78.847 X285.695 Y171.632 E26.86422 ; perimeter
G1 Z78.868 X286.061 Y180.000 E45.33008 ; perimeter
G1 Z78.888 X285.695 Y188.368 E45.33008 ; perimeter
G1 Z78.901 X285.133 Y193.300 E26.86422 ; perimeter
G1 Z78.913 X284.314 Y198.196 E26.86483 ; perimeter
G1 Z78.934 X282.350 Y206.378 E45.53799 ; perimeter
G1 Z78.947 X280.857 Y211.112 E26.86386 ; perimeter
G1 Z78.959 X279.105 Y215.799 E27.07985 ; perimeter
G1 Z78.972 X277.110 Y220.387 E27.07553 ; perimeter
G1 Z78.984 X274.877 Y224.864 E27.07563 ; perimeter
G1 Z78.997 X272.414 Y229.219 E27.07703 ; perimeter
G1 Z79.009 X269.726 Y233.438 E27.07312 ; perimeter
G1 Z79.022 X266.820 Y237.511 E27.07806 ; perimeter
G1 Z79.034 X263.730 Y241.396 E26.86469 ; perimeter
G1 Z79.055 X258.071 Y247.572 E45.33321 ; perimeter
G1 Z79.076 X251.896 Y253.230 E45.32573 ; perimeter
G1 Z79.088 X248.011 Y256.320 E26.86457 ; perimeter
G1 Z79.101 X243.938 Y259.226 E27.07812 ; perimeter
G1 Z79.113 X239.719 Y261.914 E27.07312 ; perimeter
G1 Z79.126 X235.364 Y264.377 E27.07703 ; perimeter
G1 Z79.138 X230.887 Y266.610 E27.07563 ; perimeter
G1 Z79.151 X226.335 Y268.589 E26.86241 ; perimeter
G1 Z79.172 X218.402 Y271.398 E45.54460 ; perimeter
G1 Z79.184 X213.619 Y272.725 E26.86281 ; perimeter
G1 Z79.197 X208.773 Y273.799 E26.86244 ; perimeter
G1 Z79.218 X200.450 Y275.043 E45.54368 ; perimeter
G1 Z79.230 X195.501 Y275.432 E26.86611 ; perimeter
G1 Z79.243 X190.500 Y275.563 E27.07420 ; perimeter
G1 Z79.255 X185.499 Y275.432 E27.07420 ; perimeter
G1 Z79.268 X180.511 Y275.040 E27.07779 ; perimeter
G1 Z79.280 X175.551 Y274.387 E27.07466 ; perimeter
G1 Z79.293 X170.631 Y273.475 E27.08014 ; perimeter
G1 Z79.305 X165.766 Y272.307 E27.07706 ; perimeter
G1 Z79.317 X161.007 Y270.897 E26.86181 ; perimeter
G1 Z79.338 X153.125 Y267.950 E45.54074 ; perimeter
G1 Z79.351 X148.608 Y265.892 E26.86323 ; perimeter
G1 Z79.363 X144.205 Y263.600 E26.86379 ; perimeter
G1 Z79.384 X137.030 Y259.203 E45.54179 ; perimeter
G1 Z79.397 X132.989 Y256.320 E26.86471 ; perimeter
G1 Z79.409 X129.104 Y253.230 E26.86469 ; perimeter
G1 Z79.430 X122.929 Y247.572 E45.32562 ; perimeter
G1 Z79.451 X117.270 Y241.396 E45.33327 ; perimeter
G1 Z79.463 X114.180 Y237.511 E26.86466 ; perimeter
G1 Z79.476 X111.297 Y233.470 E26.86473 ; perimeter
G1 Z79.497 X106.900 Y226.295 E45.54179 ; perimeter
G1 Z79.500 X106.309 Y225.159 E6.93014 ; perimeter
;LAYER_CHANGE
;Z:81
;HEIGHT:1.5
G1 Z79.500 F960 ; simple layer change
G1 F2400
G1 Z79.509 X104.608 Y221.892 E19.93365 ; perimeter
G1 Z79.522 X102.550 Y217.375 E26.86323 ; perimeter
G1 Z79.543 X99.603 Y209.493 E45.54066 ; perimeter
G1 Z79.555 X98.193 Y204.734 E26.86188 ; perimeter
G1 Z79.568 X97.025 Y199.869 E27.07706 ; perimeter
G1 Z79.580 X96.113 Y194.949 E27.08014 ; perimeter
G1 Z79.593 X95.460 Y189.989 E27.07466 ; perimeter
G1 Z79.605 X95.068 Y185.001 E27.07779 ; perimeter
G1 Z79.617 X94.938 Y180.039 E26.86306 ; perimeter
G1 Z79.638 X95.305 Y171.632 E45.54118 ; perimeter
G1 Z79.651 X95.867 Y166.700 E26.86422 ; perimeter
G1 Z79.663 X96.692 Y161.766 E27.07302 ; perimeter
G1 Z79.676 X97.775 Y156.881 E27.07905 ; perimeter
G1 Z79.688 X99.112 Y152.060 E27.07551 ; perimeter
G1 Z79.701 X100.700 Y147.315 E27.07939 ; perimeter
G1 Z79.713 X102.534 Y142.660 E27.07711 ; perimeter
G1 Z79.726 X104.612 Y138.100 E27.11990 ; perimeter
G1 Z79.747 X108.583 Y130.787 E45.03560 ; perimeter
G1 Z79.759 X111.274 Y126.562 E27.10934 ; perimeter
G1 Z79.772 X114.185 Y122.481 E27.12895 ; perimeter
G1 Z79.793 X119.478 Y116.061 E45.03019 ; perimeter
G1 Z79.805 X122.927 Y112.427 E27.11441 ; perimeter
G1 Z79.818 X126.556 Y108.983 E27.07615 ; perimeter
G1 Z79.830 X130.360 Y105.733 E27.07731 ; perimeter
G1 Z79.843 X134.336 Y102.683 E27.12264 ; perimeter
G1 Z79.863 X141.287 Y98.109 E45.02742 ; perimeter
G1 Z79.876 X145.646 Y95.642 E27.10971 ; perimeter
G1 Z79.888 X150.141 Y93.451 E27.06007 ; perimeter
G1 Z79.901 X154.702 Y91.397 E27.07178 ; perimeter
G1 Z79.913 X159.388 Y89.643 E27.07903 ; perimeter
G1 Z79.926 X164.122 Y88.150 E26.86386 ; perimeter
G1 Z79.947 X172.304 Y86.186 E45.53798 ; perimeter
G1 Z79.959 X177.200 Y85.367 E26.86484 ; perimeter
G1 Z79.972 X182.171 Y84.800 E27.07699 ; perimeter
G1 Z79.984 X187.174 Y84.494 E27.12634 ; perimeter
G1 Z80.005 X195.494 Y84.567 E45.02875 ; perimeter
G1 Z80.018 X200.489 Y84.960 E27.11606 ; perimeter
G1 Z80.030 X205.449 Y85.613 E27.07458 ; perimeter
G1 Z80.043 X210.369 Y86.525 E27.08022 ; perimeter
G1 Z80.055 X215.234 Y87.693 E27.07699 ; perimeter
G1 Z80.067 X219.993 Y89.103 E26.86180 ; perimeter
G1 Z80.088 X227.875 Y92.050 E45.54074 ; perimeter
G1 Z80.101 X232.400 Y94.112 E26.91163 ; perimeter
G1 Z80.122 X239.686 Y98.128 E45.02156 ; perimeter
G1 Z80.134 X243.937 Y100.775 E27.10593 ; perimeter
G1 Z80.147 X248.011 Y103.680 E27.07743 ; perimeter
G1 Z80.159 X251.896 Y106.770 E26.86463 ; perimeter
G1 Z80.180 X258.072 Y112.428 E45.32964 ; perimeter
G1 Z80.201 X263.730 Y118.604 E45.32955 ; perimeter
G1 Z80.213 X266.820 Y122.489 E26.86473 ; perimeter
G1 Z80.226 X269.726 Y126.562 E27.07799 ; perimeter
G1 Z80.238 X272.414 Y130.781 E27.07319 ; perimeter
G1 Z80.251 X274.877 Y135.136 E27.07703 ; perimeter
G1 Z80.263 X277.110 Y139.613 E27.07563 ; perimeter
G1 Z80.276 X279.105 Y144.201 E27.07561 ; perimeter
G1 Z80.288 X280.857 Y148.888 E27.07977 ; perimeter
G1 Z80.301 X282.350 Y153.622 E26.86386 ; perimeter
G1 Z80.322 X284.314 Y161.804 E45.53799 ; perimeter
G1 Z80.334 X285.133 Y166.700 E26.86483 ; perimeter
G1 Z80.347 X285.695 Y171.632 E26.86422 ; perimeter
G1 Z80.368 X286.061 Y180.000 E45.33008 ; perimeter
G1 Z80.388 X285.695 Y188.368 E45.33008 ; perimeter
G1 Z80.401 X285.133 Y193.300 E26.86422 ; perimeter
G1 Z80.413 X284.314 Y198.196 E26.86483 ; perimeter
G1 Z80.434 X282.350 Y206.378 E45.53799 ; perimeter
G1 Z80.447 X280.857 Y211.112 E26.86386 ; perimeter
G1 Z80.459 X279.105 Y215.799 E27.07977 ; perimeter
G1 Z80.472 X277.110 Y220.387 E27.07561 ; perimeter
G1 Z80.484 X274.877 Y224.864 E27.07571 ; perimeter
G1 Z80.497 X272.414 Y229.219 E27.07696 ; perimeter
G1 Z80.509 X269.726 Y233.438 E27.07319 ; perimeter
G1 Z80.522 X266.820 Y237.511 E27.07806 ; perimeter
G1 Z80.534 X263.730 Y241.396 E26.86463 ; perimeter
G1 Z80.555 X258.071 Y247.572 E45.33321 ; perimeter
G1 Z80.576 X251.896 Y253.230 E45.32573 ; perimeter
G1 Z80.588 X248.011 Y256.320 E26.86457 ; perimeter
G1 Z80.601 X243.938 Y259.226 E27.07806 ; perimeter
G1 Z80.613 X239.719 Y261.914 E27.07319 ; perimeter
G1 Z80.626 X235.364 Y264.377 E27.07703 ; perimeter
G1 Z80.638 X230.887 Y266.610 E27.07563 ; perimeter
G1 Z80.651 X226.335 Y268.589 E26.86241 ; perimeter
G1 Z80.672 X218.402 Y271.398 E45.54460 ; perimeter
G1 Z80.684 X213.619 Y272.725 E26.86289 ; perimeter
G1 Z80.697 X208.773 Y273.799 E26.86244 ; perimeter
G1 Z80.718 X200.450 Y275.043 E45.54360 ; perimeter
G1 Z80.730 X195.501 Y275.432 E26.86611 ; perimeter
G1 Z80.743 X190.500 Y275.563 E27.07420 ; perimeter
G1 Z80.755 X185.499 Y275.432 E27.07420 ; perimeter
G1 Z80.768 X180.511 Y275.040 E27.07779 ; perimeter
G1 Z80.780 X175.551 Y274.387 E27.07466 ; perimeter
G1 Z80.793 X170.631 Y273.475 E27.08014 ; perimeter
G1 Z80.805 X165.766 Y272.307 E27.07706 ; perimeter
G1 Z80.817 X161.007 Y270.897 E26.86189 ; perimeter
G1 Z80.838 X153.125 Y267.950 E45.54066 ; perimeter
G1 Z80.851 X148.608 Y265.892 E26.86323 ; perimeter
G1 Z80.863 X144.205 Y263.600 E26.86379 ; perimeter
G1 Z80.884 X137.030 Y259.203 E45.54179 ; perimeter
G1 Z80.897 X132.989 Y256.320 E26.86471 ; perimeter
G1 Z80.909 X129.104 Y253.230 E26.86469 ; perimeter
G1 Z80.930 X122.929 Y247.572 E45.32562 ; perimeter
G1 Z80.951 X117.270 Y241.396 E45.33327 ; perimeter
G1 Z80.963 X114.180 Y237.511 E26.86466 ; perimeter
G1 Z80.976 X111.297 Y233.470 E26.86473 ; perimeter
G1 Z80.997 X106.900 Y226.295 E45.54179 ; perimeter
G1 Z81.000 X106.309 Y225.159 E6.93014 ; perimeter
;LAYER_CHANGE
;Z:82.5
;HEIGHT:1.5
G1 Z81.000 F960 ; simple layer change
G1 F2400
G1 Z81.013 X103.913 Y220.367 E28.99530 ; perimeter
G1 Z81.024 X102.267 Y216.621 E22.14251 ; perimeter
G1 Z81.034 X100.785 Y212.660 E22.88751 ; perimeter
G1 Z81.047 X99.139 Y207.932 E27.09341 ; perimeter
G1 Z81.059 X97.802 Y203.112 E27.06749 ; perimeter
G1 Z81.072 X96.720 Y198.229 E27.07107 ; perimeter
G1 Z81.084 X95.894 Y193.296 E27.06529 ; perimeter
G1 Z81.097 X95.331 Y188.366 E26.85680 ; perimeter
G1 Z81.118 X94.940 Y180.000 E45.32523 ; perimeter
G1 Z81.138 X95.305 Y171.632 E45.33001 ; perimeter
G1 Z81.151 X95.867 Y166.700 E26.86422 ; perimeter
G1 Z81.163 X96.692 Y161.766 E27.07302 ; perimeter
G1 Z81.176 X97.775 Y156.881 E27.07903 ; perimeter
G1 Z81.188 X99.112 Y152.060 E27.07553 ; perimeter
G1 Z81.201 X100.700 Y147.315 E27.07939 ; perimeter
G1 Z81.213 X102.534 Y142.660 E27.07711 ; perimeter
G1 Z81.226 X104.612 Y138.100 E27.11990 ; perimeter
G1 Z81.247 X108.583 Y130.787 E45.03302 ; perimeter
G1 Z81.259 X111.274 Y126.562 E27.11189 ; perimeter
G1 Z81.272 X114.185 Y122.482 E27.12459 ; perimeter
G1 Z81.293 X119.478 Y116.061 E45.03455 ; perimeter
G1 Z81.305 X122.927 Y112.427 E27.11441 ; perimeter
G1 Z81.318 X126.556 Y108.983 E27.07615 ; perimeter
G1 Z81.330 X130.360 Y105.733 E27.07731 ; perimeter
G1 Z81.343 X134.329 Y102.688 E27.07304 ; perimeter
G1 Z81.355 X138.489 Y99.909 E27.07228 ; perimeter
G1 Z81.368 X142.737 Y97.255 E27.11204 ; perimeter
G1 Z81.388 X150.107 Y93.393 E45.02868 ; perimeter
G1 Z81.401 X154.701 Y91.395 E27.11186 ; perimeter
G1 Z81.413 X159.388 Y89.643 E27.07977 ; perimeter
G1 Z81.426 X164.122 Y88.150 E26.86378 ; perimeter
G1 Z81.447 X172.304 Y86.186 E45.53806 ; perimeter
G1 Z81.459 X177.200 Y85.367 E26.86484 ; perimeter
G1 Z81.472 X182.171 Y84.800 E27.07691 ; perimeter
G1 Z81.484 X187.173 Y84.494 E27.12100 ; perimeter
G1 Z81.505 X195.494 Y84.567 E45.03416 ; perimeter
G1 Z81.518 X200.489 Y84.960 E27.11590 ; perimeter
G1 Z81.530 X205.449 Y85.613 E27.07474 ; perimeter
G1 Z81.543 X210.369 Y86.525 E27.08022 ; perimeter
G1 Z81.555 X215.234 Y87.693 E27.07698 ; perimeter
G1 Z81.567 X219.993 Y89.103 E26.86189 ; perimeter
G1 Z81.588 X227.875 Y92.050 E45.54066 ; perimeter
G1 Z81.601 X232.400 Y94.112 E26.91161 ; perimeter
G1 Z81.622 X239.713 Y98.082 E45.03309 ; perimeter
G1 Z81.634 X243.938 Y100.774 E27.11201 ; perimeter
G1 Z81.647 X248.011 Y103.680 E27.07799 ; perimeter
G1 Z81.659 X251.896 Y106.770 E26.86460 ; perimeter
G1 Z81.680 X258.072 Y112.428 E45.32964 ; perimeter
G1 Z81.701 X263.730 Y118.604 E45.32975 ; perimeter
G1 Z81.713 X266.820 Y122.489 E26.86456 ; perimeter
G1 Z81.726 X269.726 Y126.562 E27.07799 ; perimeter
G1 Z81.738 X272.414 Y130.781 E27.07319 ; perimeter
G1 Z81.751 X274.877 Y135.136 E27.07703 ; perimeter
G1 Z81.763 X277.110 Y139.613 E27.07563 ; perimeter
G1 Z81.776 X279.105 Y144.201 E27.07561 ; perimeter
G1 Z81.788 X280.857 Y148.888 E27.07977 ; perimeter
G1 Z81.801 X282.350 Y153.622 E26.86386 ; perimeter
G1 Z81.822 X284.314 Y161.804 E45.53799 ; perimeter
G1 Z81.834 X285.133 Y166.700 E26.86483 ; perimeter
G1 Z81.847 X285.695 Y171.632 E26.86422 ; perimeter
G1 Z81.868 X286.061 Y180.000 E45.33008 ; perimeter
G1 Z81.888 X285.695 Y188.368 E45.33008 ; perimeter
G1 Z81.901 X285.133 Y193.300 E26.86422 ; perimeter
G1 Z81.913 X284.314 Y198.196 E26.86483 ; perimeter
G1 Z81.934 X282.350 Y206.378 E45.53799 ; perimeter
G1 Z81.947 X280.857 Y211.112 E26.86386 ; perimeter
G1 Z81.959 X279.105 Y215.799 E27.07977 ; perimeter
G1 Z81.972 X277.110 Y220.387 E27.07561 ; perimeter
G1 Z81.984 X274.877 Y224.864 E27.07563 ; perimeter
G1 Z81.997 X272.414 Y229.219 E27.07703 ; perimeter
G1 Z82.009 X269.726 Y233.438 E27.07319 ; perimeter
G1 Z82.022 X266.820 Y237.511 E27.07799 ; perimeter
G1 Z82.034 X263.730 Y241.396 E26.86469 ; perimeter
G1 Z82.055 X258.071 Y247.572 E45.33333 ; perimeter
G1 Z82.076 X251.896 Y253.230 E45.32562 ; perimeter
G1 Z82.088 X248.011 Y256.320 E26.86457 ; perimeter
G1 Z82.101 X243.938 Y259.226 E27.07812 ; perimeter
G1 Z82.113 X239.719 Y261.914 E27.07312 ; perimeter
G1 Z82.126 X235.364 Y264.377 E27.07703 ; perimeter
G1 Z82.138 X230.887 Y266.610 E27.07563 ; perimeter
G1 Z82.151 X226.335 Y268.589 E26.86241 ; perimeter
G1 Z82.172 X218.402 Y271.398 E45.54460 ; perimeter
G1 Z82.184 X213.619 Y272.725 E26.86289 ; perimeter
G1 Z82.197 X208.773 Y273.799 E26.86244 ; perimeter
G1 Z82.218 X200.450 Y275.043 E45.54368 ; perimeter
G1 Z82.230 X195.501 Y275.432 E26.86603 ; perimeter
G1 Z82.243 X190.500 Y275.563 E27.07420 ; perimeter
G1 Z82.255 X185.499 Y275.432 E27.07420 ; perimeter
G1 Z82.268 X180.511 Y275.040 E27.07779 ; perimeter
G1 Z82.280 X175.551 Y274.387 E27.07466 ; perimeter
G1 Z82.293 X170.631 Y273.475 E27.08014 ; perimeter
G1 Z82.305 X165.766 Y272.307 E27.07706 ; perimeter
G1 Z82.317 X161.007 Y270.897 E26.86189 ; perimeter
G1 Z82.338 X153.125 Y267.950 E45.54066 ; perimeter
G1 Z82.351 X148.608 Y265.892 E26.86323 ; perimeter
G1 Z82.363 X144.205 Y263.600 E26.86379 ; perimeter
G1 Z82.384 X137.030 Y259.203 E45.54179 ; perimeter
G1 Z82.397 X132.989 Y256.320 E26.86471 ; perimeter
G1 Z82.409 X129.104 Y253.230 E26.86469 ; perimeter
G1 Z82.430 X122.929 Y247.572 E45.32562 ; perimeter
G1 Z82.451 X117.270 Y241.396 E45.33327 ; perimeter
G1 Z82.463 X114.180 Y237.511 E26.86469 ; perimeter
G1 Z82.476 X111.274 Y233.438 E27.07800 ; perimeter
G1 Z82.488 X108.587 Y229.219 E27.07308 ; perimeter
G1 Z82.500 X106.294 Y225.168 E25.18928 ; perimeter
;LAYER_CHANGE
;Z:84
;HEIGHT:1.5
G1 Z82.500 F960 ; simple layer change
G1 F2400
G1 Z82.509 X104.634 Y221.879 E19.93819 ; perimeter
G1 Z82.522 X102.564 Y217.369 E26.85679 ; perimeter
G1 Z82.543 X99.628 Y209.485 E45.53106 ; perimeter
G1 Z82.555 X98.220 Y204.727 E26.85418 ; perimeter
G1 Z82.568 X97.052 Y199.863 E27.06923 ; perimeter
G1 Z82.580 X96.140 Y194.944 E27.07238 ; perimeter
G1 Z82.593 X95.488 Y189.986 E27.06677 ; perimeter
G1 Z82.605 X95.151 Y184.997 E27.05862 ; perimeter
G1 Z82.617 X94.940 Y180.039 E26.85901 ; perimeter
G1 Z82.638 X95.305 Y171.632 E45.53993 ; perimeter
G1 Z82.651 X95.867 Y166.700 E26.86414 ; perimeter
G1 Z82.663 X96.692 Y161.766 E27.07310 ; perimeter
G1 Z82.676 X97.775 Y156.881 E27.07904 ; perimeter
G1 Z82.688 X99.112 Y152.060 E27.07552 ; perimeter
G1 Z82.701 X100.700 Y147.315 E27.07940 ; perimeter
G1 Z82.713 X102.534 Y142.660 E27.07711 ; perimeter
G1 Z82.726 X104.612 Y138.100 E27.11988 ; perimeter
G1 Z82.747 X108.582 Y130.787 E45.03302 ; perimeter
G1 Z82.759 X111.274 Y126.562 E27.11217 ; perimeter
G1 Z82.772 X114.185 Y122.482 E27.12458 ; perimeter
G1 Z82.793 X119.478 Y116.061 E45.03439 ; perimeter
G1 Z82.805 X122.927 Y112.427 E27.11441 ; perimeter
G1 Z82.818 X126.556 Y108.983 E27.07615 ; perimeter
G1 Z82.830 X130.360 Y105.733 E27.07729 ; perimeter
G1 Z82.843 X134.336 Y102.683 E27.11958 ; perimeter
G1 Z82.863 X141.287 Y98.109 E45.03045 ; perimeter
G1 Z82.876 X145.666 Y95.680 E27.10054 ; perimeter
G1 Z82.888 X150.113 Y93.390 E27.07170 ; perimeter
G1 Z82.901 X154.701 Y91.395 E27.07565 ; perimeter
G1 Z82.913 X159.388 Y89.643 E27.07977 ; perimeter
G1 Z82.926 X164.122 Y88.150 E26.86386 ; perimeter
G1 Z82.947 X172.304 Y86.186 E45.53806 ; perimeter
G1 Z82.959 X177.200 Y85.367 E26.86475 ; perimeter
G1 Z82.972 X182.171 Y84.800 E27.07699 ; perimeter
G1 Z82.984 X187.173 Y84.494 E27.12093 ; perimeter
G1 Z83.005 X195.494 Y84.567 E45.03407 ; perimeter
G1 Z83.018 X200.489 Y84.960 E27.11598 ; perimeter
G1 Z83.030 X205.449 Y85.613 E27.07474 ; perimeter
G1 Z83.043 X210.369 Y86.525 E27.08014 ; perimeter
G1 Z83.055 X215.234 Y87.693 E27.07706 ; perimeter
G1 Z83.067 X219.993 Y89.103 E26.86189 ; perimeter
G1 Z83.088 X227.875 Y92.050 E45.54074 ; perimeter
G1 Z83.101 X232.400 Y94.112 E26.91153 ; perimeter
G1 Z83.122 X239.713 Y98.082 E45.03302 ; perimeter
G1 Z83.134 X243.938 Y100.774 E27.11228 ; perimeter
G1 Z83.147 X248.011 Y103.680 E27.07794 ; perimeter
G1 Z83.159 X251.896 Y106.770 E26.86464 ; perimeter
G1 Z83.180 X258.099 Y112.456 E45.53942 ; perimeter
G1 Z83.193 X261.482 Y116.089 E26.86245 ; perimeter
G1 Z83.205 X264.755 Y119.870 E27.06577 ; perimeter
G1 Z83.218 X267.805 Y123.845 E27.11529 ; perimeter
G1 Z83.238 X272.410 Y130.775 E45.03170 ; perimeter
G1 Z83.251 X274.877 Y135.136 E27.11593 ; perimeter
G1 Z83.263 X277.110 Y139.613 E27.07563 ; perimeter
G1 Z83.276 X279.105 Y144.201 E27.07561 ; perimeter
G1 Z83.288 X280.857 Y148.888 E27.07977 ; perimeter
G1 Z83.301 X282.350 Y153.622 E26.86386 ; perimeter
G1 Z83.322 X284.314 Y161.804 E45.53799 ; perimeter
G1 Z83.334 X285.133 Y166.700 E26.86483 ; perimeter
G1 Z83.347 X285.695 Y171.632 E26.86422 ; perimeter
G1 Z83.368 X286.061 Y180.000 E45.33008 ; perimeter
G1 Z83.388 X285.695 Y188.368 E45.33008 ; perimeter
G1 Z83.401 X285.133 Y193.300 E26.86422 ; perimeter
G1 Z83.413 X284.314 Y198.196 E26.86483 ; perimeter
G1 Z83.434 X282.350 Y206.378 E45.53799 ; perimeter
G1 Z83.447 X280.857 Y211.112 E26.86386 ; perimeter
G1 Z83.459 X279.105 Y215.799 E27.07977 ; perimeter
G1 Z83.472 X277.110 Y220.387 E27.07561 ; perimeter
G1 Z83.484 X274.877 Y224.864 E27.07571 ; perimeter
G1 Z83.497 X272.414 Y229.219 E27.07696 ; perimeter
G1 Z83.509 X269.726 Y233.438 E27.07319 ; perimeter
G1 Z83.522 X266.820 Y237.511 E27.07799 ; perimeter
G1 Z83.534 X263.730 Y241.396 E26.86469 ; perimeter
G1 Z83.555 X258.071 Y247.572 E45.33333 ; perimeter
G1 Z83.576 X251.896 Y253.230 E45.32551 ; perimeter
G1 Z83.588 X248.011 Y256.320 E26.86468 ; perimeter
G1 Z83.601 X243.938 Y259.226 E27.07806 ; perimeter
G1 Z83.613 X239.719 Y261.914 E27.07319 ; perimeter
G1 Z83.626 X235.364 Y264.377 E27.07703 ; perimeter
G1 Z83.638 X230.887 Y266.610 E27.07563 ; perimeter
G1 Z83.651 X226.335 Y268.589 E26.86241 ; perimeter
G1 Z83.672 X218.402 Y271.398 E45.54460 ; perimeter
G1 Z83.684 X213.619 Y272.725 E26.86289 ; perimeter
G1 Z83.697 X208.773 Y273.799 E26.86252 ; perimeter
G1 Z83.718 X200.450 Y275.043 E45.54352 ; perimeter
G1 Z83.730 X195.501 Y275.432 E26.86611 ; perimeter
G1 Z83.743 X190.500 Y275.563 E27.07420 ; perimeter
G1 Z83.755 X185.499 Y275.432 E27.07420 ; perimeter
G1 Z83.768 X180.511 Y275.040 E27.07779 ; perimeter
G1 Z83.780 X175.551 Y274.387 E27.07466 ; perimeter
G1 Z83.793 X170.631 Y273.475 E27.08014 ; perimeter
G1 Z83.805 X165.766 Y272.307 E27.07706 ; perimeter
G1 Z83.817 X161.007 Y270.897 E26.86189 ; perimeter
G1 Z83.838 X153.125 Y267.950 E45.54066 ; perimeter
G1 Z83.851 X148.608 Y265.892 E26.86323 ; perimeter
G1 Z83.863 X144.205 Y263.600 E26.86379 ; perimeter
G1 Z83.884 X137.030 Y259.203 E45.54179 ; perimeter
G1 Z83.897 X132.989 Y256.320 E26.86471 ; perimeter
G1 Z83.909 X129.104 Y253.230 E26.86469 ; perimeter
G1 Z83.930 X122.929 Y247.572 E45.32562 ; perimeter
G1 Z83.951 X117.270 Y241.396 E45.33327 ; perimeter
G1 Z83.963 X114.180 Y237.511 E26.86469 ; perimeter
G1 Z83.976 X111.297 Y233.470 E26.86464 ; perimeter
G1 Z83.997 X106.900 Y226.295 E45.54185 ; perimeter
G1 Z84.000 X106.309 Y225.160 E6.92533 ; perimeter
;LAYER_CHANGE
;Z:85.5
;HEIGHT:1.5
G1 Z84.000 F960 ; simple layer change
G1 F2400
G1 Z84.013 X103.913 Y220.367 E28.99796 ; perimeter
G1 Z84.024 X102.257 Y216.593 E22.30239 ; perimeter
G1 Z84.034 X100.785 Y212.661 E22.72470 ; perimeter
G1 Z84.047 X99.139 Y207.932 E27.09846 ; perimeter
G1 Z84.059 X97.802 Y203.112 E27.06742 ; perimeter
G1 Z84.072 X96.720 Y198.229 E27.07116 ; perimeter
G1 Z84.084 X95.894 Y193.296 E27.06528 ; perimeter
G1 Z84.097 X95.331 Y188.366 E26.85672 ; perimeter
G1 Z84.118 X94.940 Y180.000 E45.32523 ; perimeter
G1 Z84.138 X95.305 Y171.632 E45.33001 ; perimeter
G1 Z84.151 X95.867 Y166.700 E26.86423 ; perimeter
G1 Z84.163 X96.692 Y161.766 E27.07302 ; perimeter
G1 Z84.176 X97.775 Y156.881 E27.07905 ; perimeter
G1 Z84.188 X99.112 Y152.060 E27.07551 ; perimeter
G1 Z84.201 X100.700 Y147.315 E27.07939 ; perimeter
G1 Z84.213 X102.534 Y142.660 E27.07713 ; perimeter
G1 Z84.226 X104.612 Y138.100 E27.11988 ; perimeter
G1 Z84.247 X108.582 Y130.788 E45.02822 ; perimeter
G1 Z84.259 X111.274 Y126.562 E27.11696 ; perimeter
G1 Z84.272 X114.185 Y122.482 E27.12454 ; perimeter
G1 Z84.293 X119.478 Y116.061 E45.03439 ; perimeter
G1 Z84.305 X122.927 Y112.427 E27.11441 ; perimeter
G1 Z84.318 X126.556 Y108.983 E27.07615 ; perimeter
G1 Z84.330 X130.360 Y105.733 E27.07732 ; perimeter
G1 Z84.343 X134.329 Y102.688 E27.07301 ; perimeter
G1 Z84.355 X138.489 Y99.910 E27.07215 ; perimeter
G1 Z84.368 X142.729 Y97.259 E27.06091 ; perimeter
G1 Z84.380 X147.090 Y94.890 E26.86229 ; perimeter
G1 Z84.401 X154.738 Y91.381 E45.53654 ; perimeter
G1 Z84.413 X159.388 Y89.643 E26.86566 ; perimeter
G1 Z84.426 X164.122 Y88.150 E26.86385 ; perimeter
G1 Z84.447 X172.304 Y86.186 E45.53799 ; perimeter
G1 Z84.459 X177.200 Y85.367 E26.86483 ; perimeter
G1 Z84.472 X182.171 Y84.800 E27.07699 ; perimeter
G1 Z84.484 X187.173 Y84.494 E27.12093 ; perimeter
G1 Z84.505 X195.494 Y84.567 E45.03407 ; perimeter
G1 Z84.518 X200.489 Y84.960 E27.11615 ; perimeter
G1 Z84.530 X205.449 Y85.613 E27.07458 ; perimeter
G1 Z84.543 X210.369 Y86.525 E27.08005 ; perimeter
G1 Z84.555 X215.234 Y87.693 E27.07714 ; perimeter
G1 Z84.567 X219.993 Y89.103 E26.86190 ; perimeter
G1 Z84.588 X227.875 Y92.050 E45.54066 ; perimeter
G1 Z84.601 X232.392 Y94.108 E26.86317 ; perimeter
G1 Z84.613 X236.771 Y96.445 E26.86050 ; perimeter
G1 Z84.634 X243.970 Y100.797 E45.52806 ; perimeter
G1 Z84.647 X248.011 Y103.680 E26.86486 ; perimeter
G1 Z84.659 X251.896 Y106.770 E26.86457 ; perimeter
G1 Z84.680 X258.072 Y112.428 E45.32962 ; perimeter
G1 Z84.701 X263.719 Y118.613 E45.32673 ; perimeter
G1 Z84.713 X266.808 Y122.498 E26.86042 ; perimeter
G1 Z84.726 X269.688 Y126.587 E27.06719 ; perimeter
G1 Z84.738 X272.414 Y130.781 E27.06982 ; perimeter
G1 Z84.751 X274.877 Y135.136 E27.07710 ; perimeter
G1 Z84.763 X277.110 Y139.613 E27.07563 ; perimeter
G1 Z84.776 X279.105 Y144.201 E27.07561 ; perimeter
G1 Z84.788 X280.857 Y148.888 E27.07977 ; perimeter
G1 Z84.801 X282.350 Y153.622 E26.86386 ; perimeter
G1 Z84.822 X284.314 Y161.804 E45.53799 ; perimeter
G1 Z84.834 X285.133 Y166.700 E26.86483 ; perimeter
G1 Z84.847 X285.695 Y171.632 E26.86422 ; perimeter
G1 Z84.868 X286.061 Y180.000 E45.33008 ; perimeter
G1 Z84.888 X285.695 Y188.368 E45.33008 ; perimeter
G1 Z84.901 X285.133 Y193.300 E26.86422 ; perimeter
G1 Z84.913 X284.314 Y198.196 E26.86483 ; perimeter
G1 Z84.934 X282.350 Y206.378 E45.53799 ; perimeter
G1 Z84.947 X280.857 Y211.112 E26.86386 ; perimeter
G1 Z84.959 X279.105 Y215.799 E27.07985 ; perimeter
G1 Z84.972 X277.110 Y220.387 E27.07553 ; perimeter
G1 Z84.984 X274.877 Y224.864 E27.07563 ; perimeter
G1 Z84.997 X272.414 Y229.219 E27.07703 ; perimeter
G1 Z85.009 X269.726 Y233.438 E27.07312 ; perimeter
G1 Z85.022 X266.820 Y237.511 E27.07806 ; perimeter
G1 Z85.034 X263.730 Y241.396 E26.86469 ; perimeter
G1 Z85.055 X258.071 Y247.572 E45.33327 ; perimeter
G1 Z85.076 X251.896 Y253.230 E45.32568 ; perimeter
G1 Z85.088 X248.011 Y256.320 E26.86470 ; perimeter
G1 Z85.101 X243.938 Y259.226 E27.07792 ; perimeter
G1 Z85.113 X239.719 Y261.914 E27.07319 ; perimeter
G1 Z85.126 X235.364 Y264.377 E27.07710 ; perimeter
G1 Z85.138 X230.887 Y266.610 E27.07556 ; perimeter
G1 Z85.151 X226.335 Y268.589 E26.86234 ; perimeter
G1 Z85.172 X218.402 Y271.398 E45.54468 ; perimeter
G1 Z85.184 X213.619 Y272.725 E26.86289 ; perimeter
G1 Z85.197 X208.773 Y273.799 E26.86244 ; perimeter
G1 Z85.218 X200.450 Y275.043 E45.54360 ; perimeter
G1 Z85.230 X195.501 Y275.432 E26.86611 ; perimeter
G1 Z85.243 X190.500 Y275.563 E27.07420 ; perimeter
G1 Z85.255 X185.499 Y275.432 E27.07420 ; perimeter
G1 Z85.268 X180.511 Y275.040 E27.07779 ; perimeter
G1 Z85.280 X175.551 Y274.387 E27.07466 ; perimeter
G1 Z85.293 X170.631 Y273.475 E27.08014 ; perimeter
G1 Z85.305 X165.766 Y272.307 E27.07706 ; perimeter
G1 Z85.317 X161.007 Y270.897 E26.86189 ; perimeter
G1 Z85.338 X153.125 Y267.950 E45.54066 ; perimeter
G1 Z85.351 X148.608 Y265.892 E26.86323 ; perimeter
G1 Z85.363 X144.205 Y263.600 E26.86379 ; perimeter
G1 Z85.384 X137.030 Y259.203 E45.54179 ; perimeter
G1 Z85.397 X132.989 Y256.320 E26.86471 ; perimeter
G1 Z85.409 X129.104 Y253.230 E26.86469 ; perimeter
G1 Z85.430 X122.929 Y247.572 E45.32562 ; perimeter
G1 Z85.451 X117.270 Y241.396 E45.33327 ; perimeter
G1 Z85.463 X114.180 Y237.511 E26.86469 ; perimeter
G1 Z85.476 X111.274 Y233.438 E27.07800 ; perimeter
G1 Z85.488 X108.587 Y229.219 E27.07310 ; perimeter
G1 Z85.500 X106.295 Y225.168 E25.18659 ; perimeter
;LAYER_CHANGE
;Z:87
;HEIGHT:1.5
G1 Z85.500 F960 ; simple layer change
G1 F2400
G1 Z85.509 X104.635 Y221.879 E19.94062 ; perimeter
G1 Z85.522 X102.565 Y217.369 E26.85657 ; perimeter
G1 Z85.543 X99.628 Y209.485 E45.53102 ; perimeter
G1 Z85.555 X98.220 Y204.727 E26.85418 ; perimeter
G1 Z85.568 X97.052 Y199.863 E27.06923 ; perimeter
G1 Z85.580 X96.140 Y194.944 E27.07230 ; perimeter
G1 Z85.593 X95.488 Y189.986 E27.06677 ; perimeter
G1 Z85.605 X95.151 Y184.997 E27.05862 ; perimeter
G1 Z85.617 X94.940 Y180.039 E26.85892 ; perimeter
G1 Z85.638 X95.305 Y171.632 E45.54001 ; perimeter
G1 Z85.651 X95.867 Y166.700 E26.86423 ; perimeter
G1 Z85.663 X96.692 Y161.766 E27.07302 ; perimeter
G1 Z85.676 X97.775 Y156.881 E27.07904 ; perimeter
G1 Z85.688 X99.112 Y152.060 E27.07552 ; perimeter
G1 Z85.701 X100.700 Y147.315 E27.07939 ; perimeter
G1 Z85.713 X102.534 Y142.660 E27.07713 ; perimeter
G1 Z85.726 X104.612 Y138.100 E27.11988 ; perimeter
G1 Z85.747 X108.582 Y130.788 E45.02826 ; perimeter
G1 Z85.759 X111.274 Y126.562 E27.11678 ; perimeter
G1 Z85.772 X114.185 Y122.482 E27.12142 ; perimeter
G1 Z85.793 X119.477 Y116.061 E45.03415 ; perimeter
G1 Z85.805 X122.927 Y112.427 E27.11786 ; perimeter
G1 Z85.818 X126.556 Y108.983 E27.07615 ; perimeter
G1 Z85.830 X130.360 Y105.733 E27.07731 ; perimeter
G1 Z85.843 X134.336 Y102.683 E27.11953 ; perimeter
G1 Z85.863 X141.287 Y98.109 E45.03045 ; perimeter
G1 Z85.876 X145.646 Y95.642 E27.10971 ; perimeter
G1 Z85.888 X150.141 Y93.451 E27.06007 ; perimeter
G1 Z85.901 X154.702 Y91.397 E27.07178 ; perimeter
G1 Z85.913 X159.388 Y89.643 E27.07902 ; perimeter
G1 Z85.926 X164.122 Y88.150 E26.86379 ; perimeter
G1 Z85.947 X172.304 Y86.186 E45.53809 ; perimeter
G1 Z85.959 X177.200 Y85.367 E26.86474 ; perimeter
G1 Z85.972 X182.171 Y84.800 E27.07707 ; perimeter
G1 Z85.984 X187.173 Y84.494 E27.12093 ; perimeter
G1 Z86.005 X195.494 Y84.567 E45.03407 ; perimeter
G1 Z86.018 X200.489 Y84.960 E27.11598 ; perimeter
G1 Z86.030 X205.449 Y85.613 E27.07474 ; perimeter
G1 Z86.043 X210.369 Y86.525 E27.08014 ; perimeter
G1 Z86.055 X215.234 Y87.693 E27.07698 ; perimeter
G1 Z86.067 X219.993 Y89.103 E26.86197 ; perimeter
G1 Z86.088 X227.875 Y92.050 E45.54066 ; perimeter
G1 Z86.101 X232.400 Y94.112 E26.91163 ; perimeter
G1 Z86.122 X239.684 Y98.127 E45.01427 ; perimeter
G1 Z86.134 X243.937 Y100.775 E27.11328 ; perimeter
G1 Z86.147 X248.011 Y103.680 E27.07743 ; perimeter
G1 Z86.159 X251.896 Y106.770 E26.86463 ; perimeter
G1 Z86.180 X258.072 Y112.428 E45.32958 ; perimeter
G1 Z86.201 X263.730 Y118.604 E45.32964 ; perimeter
G1 Z86.213 X266.820 Y122.489 E26.86469 ; perimeter
G1 Z86.226 X269.726 Y126.562 E27.07799 ; perimeter
G1 Z86.238 X272.414 Y130.781 E27.07319 ; perimeter
G1 Z86.251 X274.877 Y135.136 E27.07703 ; perimeter
G1 Z86.263 X277.110 Y139.613 E27.07563 ; perimeter
G1 Z86.276 X279.105 Y144.201 E27.07561 ; perimeter
G1 Z86.288 X280.857 Y148.888 E27.07977 ; perimeter
G1 Z86.301 X282.350 Y153.622 E26.86386 ; perimeter
G1 Z86.322 X284.314 Y161.804 E45.53799 ; perimeter
G1 Z86.334 X285.133 Y166.700 E26.86483 ; perimeter
G1 Z86.347 X285.695 Y171.632 E26.86422 ; perimeter
G1 Z86.368 X286.061 Y180.000 E45.33008 ; perimeter
G1 Z86.388 X285.695 Y188.368 E45.33008 ; perimeter
G1 Z86.401 X285.133 Y193.300 E26.86422 ; perimeter
G1 Z86.413 X284.314 Y198.196 E26.86483 ; perimeter
G1 Z86.434 X282.350 Y206.378 E45.53799 ; perimeter
G1 Z86.447 X280.857 Y211.112 E26.86386 ; perimeter
G1 Z86.459 X279.105 Y215.799 E27.07977 ; perimeter
G1 Z86.472 X277.110 Y220.387 E27.07561 ; perimeter
G1 Z86.484 X274.877 Y224.864 E27.07563 ; perimeter
G1 Z86.497 X272.414 Y229.219 E27.07703 ; perimeter
G1 Z86.509 X269.726 Y233.438 E27.07312 ; perimeter
G1 Z86.522 X266.820 Y237.511 E27.07806 ; perimeter
G1 Z86.534 X263.730 Y241.396 E26.86469 ; perimeter
G1 Z86.555 X258.071 Y247.572 E45.33321 ; perimeter
G1 Z86.576 X251.896 Y253.230 E45.32568 ; perimeter
G1 Z86.588 X248.011 Y256.320 E26.86463 ; perimeter
G1 Z86.601 X243.938 Y259.226 E27.07806 ; perimeter
G1 Z86.613 X239.719 Y261.914 E27.07319 ; perimeter
G1 Z86.626 X235.364 Y264.377 E27.07703 ; perimeter
G1 Z86.638 X230.887 Y266.610 E27.07563 ; perimeter
G1 Z86.651 X226.335 Y268.589 E26.86234 ; perimeter
G1 Z86.672 X218.402 Y271.398 E45.54468 ; perimeter
G1 Z86.684 X213.619 Y272.725 E26.86289 ; perimeter
G1 Z86.697 X208.773 Y273.799 E26.86236 ; perimeter
G1 Z86.718 X200.450 Y275.043 E45.54360 ; perimeter
G1 Z86.730 X195.501 Y275.432 E26.86619 ; perimeter
G1 Z86.743 X190.500 Y275.563 E27.07420 ; perimeter
G1 Z86.755 X185.499 Y275.432 E27.07420 ; perimeter
G1 Z86.768 X180.511 Y275.040 E27.07787 ; perimeter
G1 Z86.780 X175.551 Y274.387 E27.07458 ; perimeter
G1 Z86.793 X170.631 Y273.475 E27.08014 ; perimeter
G1 Z86.805 X165.766 Y272.307 E27.07706 ; perimeter
G1 Z86.817 X161.007 Y270.897 E26.86189 ; perimeter
G1 Z86.838 X153.125 Y267.950 E45.54066 ; perimeter
G1 Z86.851 X148.608 Y265.892 E26.86323 ; perimeter
G1 Z86.863 X144.205 Y263.600 E26.86379 ; perimeter
G1 Z86.884 X137.030 Y259.203 E45.54179 ; perimeter
G1 Z86.897 X132.989 Y256.320 E26.86471 ; perimeter
G1 Z86.909 X129.104 Y253.230 E26.86469 ; perimeter
G1 Z86.930 X122.929 Y247.572 E45.32562 ; perimeter
G1 Z86.951 X117.270 Y241.396 E45.33324 ; perimeter
G1 Z86.963 X114.180 Y237.511 E26.86472 ; perimeter
G1 Z86.976 X111.297 Y233.470 E26.86471 ; perimeter
G1 Z86.997 X106.900 Y226.295 E45.54178 ; perimeter
G1 Z87.000 X106.310 Y225.161 E6.91803 ; perimeter
;LAYER_CHANGE
;Z:88.5
;HEIGHT:1.5
G1 Z87.000 F960 ; simple layer change
G1 F2400
G1 Z87.009 X104.608 Y221.892 E19.94575 ; perimeter
G1 Z87.022 X102.550 Y217.375 E26.86331 ; perimeter
G1 Z87.043 X99.603 Y209.493 E45.54058 ; perimeter
G1 Z87.055 X98.193 Y204.734 E26.86189 ; perimeter
G1 Z87.068 X97.025 Y199.869 E27.07698 ; perimeter
G1 Z87.080 X96.113 Y194.949 E27.08031 ; perimeter
G1 Z87.093 X95.460 Y189.989 E27.07458 ; perimeter
G1 Z87.105 X95.068 Y185.001 E27.07779 ; perimeter
G1 Z87.117 X94.938 Y180.039 E26.86306 ; perimeter
G1 Z87.138 X95.305 Y171.632 E45.54126 ; perimeter
G1 Z87.151 X95.867 Y166.700 E26.86414 ; perimeter
G1 Z87.163 X96.692 Y161.766 E27.07302 ; perimeter
G1 Z87.176 X97.775 Y156.881 E27.07905 ; perimeter
G1 Z87.188 X99.112 Y152.060 E27.07551 ; perimeter
G1 Z87.201 X100.700 Y147.315 E27.07940 ; perimeter
G1 Z87.213 X102.534 Y142.660 E27.07713 ; perimeter
G1 Z87.226 X104.612 Y138.101 E27.11491 ; perimeter
G1 Z87.247 X108.582 Y130.788 E45.03320 ; perimeter
G1 Z87.259 X111.274 Y126.562 E27.11678 ; perimeter
G1 Z87.272 X114.184 Y122.482 E27.12137 ; perimeter
G1 Z87.293 X119.477 Y116.061 E45.03445 ; perimeter
G1 Z87.305 X122.927 Y112.427 E27.11810 ; perimeter
G1 Z87.318 X126.556 Y108.983 E27.07615 ; perimeter
G1 Z87.330 X130.360 Y105.733 E27.07731 ; perimeter
G1 Z87.343 X134.329 Y102.688 E27.07303 ; perimeter
G1 Z87.355 X138.489 Y99.909 E27.07208 ; perimeter
G1 Z87.368 X142.729 Y97.259 E27.06094 ; perimeter
G1 Z87.380 X147.090 Y94.890 E26.86238 ; perimeter
G1 Z87.401 X154.738 Y91.381 E45.53646 ; perimeter
G1 Z87.413 X159.388 Y89.643 E26.86565 ; perimeter
G1 Z87.426 X164.122 Y88.150 E26.86386 ; perimeter
G1 Z87.447 X172.304 Y86.186 E45.53799 ; perimeter
G1 Z87.459 X177.200 Y85.367 E26.86483 ; perimeter
G1 Z87.472 X182.171 Y84.800 E27.07699 ; perimeter
G1 Z87.484 X187.173 Y84.494 E27.12093 ; perimeter
G1 Z87.505 X195.494 Y84.567 E45.03424 ; perimeter
G1 Z87.518 X200.489 Y84.960 E27.11590 ; perimeter
G1 Z87.530 X205.449 Y85.613 E27.07466 ; perimeter
G1 Z87.543 X210.369 Y86.525 E27.08022 ; perimeter
G1 Z87.555 X215.234 Y87.693 E27.07699 ; perimeter
G1 Z87.567 X219.993 Y89.103 E26.86188 ; perimeter
G1 Z87.588 X227.875 Y92.050 E45.54066 ; perimeter
G1 Z87.601 X232.392 Y94.108 E26.86316 ; perimeter
G1 Z87.613 X236.771 Y96.445 E26.86047 ; perimeter
G1 Z87.634 X243.970 Y100.797 E45.52806 ; perimeter
G1 Z87.647 X248.011 Y103.680 E26.86470 ; perimeter
G1 Z87.659 X251.896 Y106.770 E26.86478 ; perimeter
G1 Z87.680 X258.072 Y112.428 E45.32958 ; perimeter
G1 Z87.701 X263.730 Y118.604 E45.32946 ; perimeter
G1 Z87.713 X266.820 Y122.489 E26.86483 ; perimeter
G1 Z87.726 X269.726 Y126.562 E27.07799 ; perimeter
G1 Z87.738 X272.414 Y130.781 E27.07319 ; perimeter
G1 Z87.751 X274.877 Y135.136 E27.07703 ; perimeter
G1 Z87.763 X277.110 Y139.613 E27.07563 ; perimeter
G1 Z87.776 X279.105 Y144.201 E27.07561 ; perimeter
G1 Z87.788 X280.857 Y148.888 E27.07977 ; perimeter
G1 Z87.801 X282.350 Y153.622 E26.86386 ; perimeter
G1 Z87.822 X284.314 Y161.804 E45.53799 ; perimeter
G1 Z87.834 X285.133 Y166.700 E26.86483 ; perimeter
G1 Z87.847 X285.695 Y171.632 E26.86422 ; perimeter
G1 Z87.868 X286.061 Y180.039 E45.54066 ; perimeter
G1 Z87.880 X285.895 Y184.999 E26.86035 ; perimeter
G1 Z87.893 X285.528 Y189.988 E27.06887 ; perimeter
G1 Z87.905 X284.875 Y194.947 E27.07137 ; perimeter
G1 Z87.917 X283.960 Y199.825 E26.85822 ; perimeter
G1 Z87.938 X281.865 Y207.974 E45.53635 ; perimeter
G1 Z87.951 X280.290 Y212.681 E26.86415 ; perimeter
G1 Z87.963 X278.457 Y217.336 E27.07415 ; perimeter
G1 Z87.976 X276.383 Y221.887 E27.06861 ; perimeter
G1 Z87.988 X274.092 Y226.290 E26.86108 ; perimeter
G1 Z88.009 X269.703 Y233.470 E45.53999 ; perimeter
G1 Z88.022 X266.820 Y237.511 E26.86484 ; perimeter
G1 Z88.034 X263.730 Y241.396 E26.86463 ; perimeter
G1 Z88.055 X258.071 Y247.572 E45.33321 ; perimeter
G1 Z88.076 X251.896 Y253.230 E45.32568 ; perimeter
G1 Z88.088 X248.011 Y256.320 E26.86463 ; perimeter
G1 Z88.101 X243.938 Y259.226 E27.07812 ; perimeter
G1 Z88.113 X239.719 Y261.914 E27.07312 ; perimeter
G1 Z88.126 X235.364 Y264.377 E27.07703 ; perimeter
G1 Z88.138 X230.887 Y266.610 E27.07563 ; perimeter
G1 Z88.151 X226.335 Y268.589 E26.86241 ; perimeter
G1 Z88.172 X218.402 Y271.398 E45.54460 ; perimeter
G1 Z88.184 X213.619 Y272.725 E26.86289 ; perimeter
G1 Z88.197 X208.773 Y273.799 E26.86244 ; perimeter
G1 Z88.218 X200.450 Y275.043 E45.54360 ; perimeter
G1 Z88.230 X195.501 Y275.432 E26.86611 ; perimeter
G1 Z88.243 X190.500 Y275.563 E27.07420 ; perimeter
G1 Z88.255 X185.499 Y275.432 E27.07420 ; perimeter
G1 Z88.268 X180.511 Y275.040 E27.07779 ; perimeter
G1 Z88.280 X175.551 Y274.387 E27.07466 ; perimeter
G1 Z88.293 X170.631 Y273.475 E27.08014 ; perimeter
G1 Z88.305 X165.766 Y272.307 E27.07706 ; perimeter
G1 Z88.317 X161.007 Y270.897 E26.86189 ; perimeter
G1 Z88.338 X153.125 Y267.950 E45.54066 ; perimeter
G1 Z88.351 X148.608 Y265.892 E26.86323 ; perimeter
G1 Z88.363 X144.205 Y263.600 E26.86379 ; perimeter
G1 Z88.384 X137.030 Y259.203 E45.54179 ; perimeter
G1 Z88.397 X132.989 Y256.320 E26.86471 ; perimeter
G1 Z88.409 X129.104 Y253.230 E26.86469 ; perimeter
G1 Z88.430 X122.929 Y247.572 E45.32562 ; perimeter
G1 Z88.451 X117.270 Y241.396 E45.33324 ; perimeter
G1 Z88.463 X114.180 Y237.511 E26.86472 ; perimeter
G1 Z88.476 X111.297 Y233.470 E26.86471 ; perimeter
G1 Z88.497 X106.900 Y226.295 E45.54179 ; perimeter
G1 Z88.500 X106.310 Y225.161 E6.91804 ; perimeter
;LAYER_CHANGE
;Z:90
;HEIGHT:1.5
G1 Z88.500 F960 ; simple layer change
G1 F2400
G1 Z88.505 X104.611 Y221.897 E19.91527 ; perimeter
G1 Z88.526 X101.938 Y215.741 E36.31947 ; perimeter
G1 Z88.538 X100.199 Y211.091 E26.86764 ; perimeter
G1 Z88.551 X98.666 Y206.333 E27.05385 ; perimeter
G1 Z88.563 X97.413 Y201.490 E27.07017 ; perimeter
G1 Z88.576 X96.416 Y196.589 E27.06978 ; perimeter
G1 Z88.588 X95.676 Y191.642 E27.06813 ; perimeter
G1 Z88.601 X95.200 Y186.703 E26.85636 ; perimeter
G1 Z88.622 X95.009 Y178.295 E45.51199 ; perimeter
G1 Z88.634 X95.225 Y173.336 E26.86296 ; perimeter
G1 Z88.647 X95.671 Y168.396 E26.84620 ; perimeter
G1 Z88.668 X97.058 Y160.098 E45.52895 ; perimeter
G1 Z88.680 X98.217 Y155.273 E26.85859 ; perimeter
G1 Z88.692 X99.626 Y150.515 E26.85488 ; perimeter
G1 Z88.713 X102.550 Y142.625 E45.53642 ; perimeter
G1 Z88.726 X104.609 Y138.108 E26.86325 ; perimeter
G1 Z88.738 X106.983 Y133.705 E27.07252 ; perimeter
G1 Z88.751 X109.483 Y129.365 E27.10560 ; perimeter
G1 Z88.772 X114.175 Y122.495 E45.02528 ; perimeter
G1 Z88.784 X117.348 Y118.618 E27.11518 ; perimeter
G1 Z88.797 X120.626 Y114.842 E27.05877 ; perimeter
G1 Z88.809 X124.104 Y111.302 E26.85874 ; perimeter
G1 Z88.830 X130.391 Y105.709 E45.53901 ; perimeter
G1 Z88.843 X134.329 Y102.688 E26.86081 ; perimeter
G1 Z88.855 X138.452 Y99.854 E27.07610 ; perimeter
G1 Z88.868 X142.718 Y97.240 E27.07663 ; perimeter
G1 Z88.880 X147.081 Y94.871 E26.86836 ; perimeter
G1 Z88.901 X154.738 Y91.381 E45.54033 ; perimeter
G1 Z88.913 X159.388 Y89.643 E26.86567 ; perimeter
G1 Z88.926 X164.122 Y88.150 E26.86388 ; perimeter
G1 Z88.947 X172.304 Y86.186 E45.53798 ; perimeter
G1 Z88.959 X177.200 Y85.367 E26.86475 ; perimeter
G1 Z88.972 X182.171 Y84.800 E27.07698 ; perimeter
G1 Z88.984 X187.173 Y84.494 E27.12101 ; perimeter
G1 Z89.005 X195.493 Y84.567 E45.02867 ; perimeter
G1 Z89.018 X200.489 Y84.960 E27.12155 ; perimeter
G1 Z89.030 X205.449 Y85.613 E27.07457 ; perimeter
G1 Z89.043 X210.369 Y86.525 E27.08006 ; perimeter
G1 Z89.055 X215.234 Y87.693 E27.07722 ; perimeter
G1 Z89.067 X219.993 Y89.103 E26.86181 ; perimeter
G1 Z89.088 X227.875 Y92.050 E45.54066 ; perimeter
G1 Z89.101 X232.392 Y94.108 E26.86323 ; perimeter
G1 Z89.113 X236.795 Y96.400 E26.86388 ; perimeter
G1 Z89.134 X243.970 Y100.797 E45.54169 ; perimeter
G1 Z89.147 X248.011 Y103.680 E26.86462 ; perimeter
G1 Z89.159 X251.926 Y106.795 E27.07622 ; perimeter
G1 Z89.172 X255.640 Y110.146 E27.07211 ; perimeter
G1 Z89.184 X259.191 Y113.610 E26.84679 ; perimeter
G1 Z89.205 X264.779 Y119.901 E45.53585 ; perimeter
G1 Z89.218 X267.800 Y123.838 E26.85653 ; perimeter
G1 Z89.230 X270.633 Y127.960 E27.07175 ; perimeter
G1 Z89.243 X273.247 Y132.225 E27.07257 ; perimeter
G1 Z89.255 X275.635 Y136.622 E27.07490 ; perimeter
G1 Z89.268 X277.788 Y141.137 E27.07154 ; perimeter
G1 Z89.280 X279.689 Y145.722 E26.86099 ; perimeter
G1 Z89.301 X282.370 Y153.697 E45.53708 ; perimeter
G1 Z89.313 X283.574 Y158.513 E26.86250 ; perimeter
G1 Z89.326 X284.598 Y163.408 E27.06770 ; perimeter
G1 Z89.338 X285.338 Y168.355 E27.07232 ; perimeter
G1 Z89.351 X285.801 Y173.296 E26.85556 ; perimeter
G1 Z89.372 X286.035 Y181.707 E45.53479 ; perimeter
G1 Z89.384 X285.818 Y186.665 E26.85986 ; perimeter
G1 Z89.397 X285.344 Y191.606 E26.86026 ; perimeter
G1 Z89.418 X283.972 Y199.868 E45.32789 ; perimeter
G1 Z89.438 X281.875 Y207.977 E45.32876 ; perimeter
G1 Z89.451 X280.300 Y212.685 E26.86718 ; perimeter
G1 Z89.463 X278.466 Y217.340 E27.07713 ; perimeter
G1 Z89.476 X276.392 Y221.892 E27.07150 ; perimeter
G1 Z89.488 X274.100 Y226.295 E26.86379 ; perimeter
G1 Z89.509 X269.703 Y233.470 E45.54179 ; perimeter
G1 Z89.522 X266.820 Y237.511 E26.86478 ; perimeter
G1 Z89.534 X263.705 Y241.426 E27.07640 ; perimeter
G1 Z89.547 X260.371 Y245.156 E27.07312 ; perimeter
G1 Z89.559 X256.872 Y248.729 E27.06548 ; perimeter
G1 Z89.572 X253.183 Y252.110 E27.08106 ; perimeter
G1 Z89.584 X249.360 Y255.274 E26.85593 ; perimeter
G1 Z89.605 X242.510 Y260.161 E45.53888 ; perimeter
G1 Z89.618 X238.278 Y262.754 E26.85823 ; perimeter
G1 Z89.630 X233.916 Y265.123 E26.86639 ; perimeter
G1 Z89.651 X226.262 Y268.617 E45.53653 ; perimeter
G1 Z89.663 X221.605 Y270.338 E26.86585 ; perimeter
G1 Z89.676 X216.839 Y271.855 E27.06781 ; perimeter
G1 Z89.688 X211.996 Y273.108 E27.07641 ; perimeter
G1 Z89.701 X207.092 Y274.099 E27.07364 ; perimeter
G1 Z89.713 X202.144 Y274.840 E27.07589 ; perimeter
G1 Z89.726 X197.205 Y275.322 E26.86020 ; perimeter
G1 Z89.747 X188.793 Y275.542 E45.53756 ; perimeter
G1 Z89.759 X183.834 Y275.326 E26.86181 ; perimeter
G1 Z89.772 X178.894 Y274.851 E26.86271 ; perimeter
G1 Z89.793 X170.593 Y273.466 E45.54262 ; perimeter
G1 Z89.805 X165.766 Y272.307 E26.86572 ; perimeter
G1 Z89.817 X161.007 Y270.897 E26.86189 ; perimeter
G1 Z89.838 X153.125 Y267.950 E45.54066 ; perimeter
G1 Z89.851 X148.608 Y265.892 E26.86323 ; perimeter
G1 Z89.863 X144.205 Y263.600 E26.86379 ; perimeter
G1 Z89.884 X137.030 Y259.203 E45.54179 ; perimeter
G1 Z89.897 X132.989 Y256.320 E26.86471 ; perimeter
G1 Z89.909 X129.073 Y253.206 E27.07677 ; perimeter
G1 Z89.922 X125.329 Y249.888 E27.07489 ; perimeter
G1 Z89.934 X121.788 Y246.409 E26.86347 ; perimeter
G1 Z89.955 X116.210 Y240.108 E45.54248 ; perimeter
G1 Z89.968 X113.189 Y236.171 E26.86071 ; perimeter
G1 Z89.980 X110.355 Y232.048 E27.07581 ; perimeter
G1 Z89.993 X107.740 Y227.782 E27.07671 ; perimeter
G1 Z90.000 X106.315 Y225.158 E16.15963 ; perimeter
;LAYER_CHANGE
;Z:91.5
;HEIGHT:1.5
G1 Z90.000 F960 ; simple layer change
G1 F2400
G1 Z90.005 X105.371 Y223.419 E10.70853 ; perimeter
G1 Z90.026 X101.882 Y215.762 E45.53819 ; perimeter
G1 Z90.038 X100.143 Y211.112 E26.86741 ; perimeter
G1 Z90.051 X98.639 Y206.341 E27.07281 ; perimeter
G1 Z90.063 X97.385 Y201.490 E27.11723 ; perimeter
G1 Z90.074 X96.551 Y197.392 E22.63071 ; perimeter
G1 Z90.084 X95.895 Y193.304 E22.40803 ; perimeter
G1 Z90.097 X95.327 Y188.326 E27.11283 ; perimeter
G1 Z90.109 X95.078 Y183.333 E27.05814 ; perimeter
G1 Z90.122 X94.954 Y178.332 E27.07273 ; perimeter
G1 Z90.134 X95.169 Y173.334 E27.07342 ; perimeter
G1 Z90.147 X95.645 Y168.393 E26.86400 ; perimeter
G1 Z90.168 X97.034 Y160.093 E45.54342 ; perimeter
G1 Z90.180 X98.193 Y155.266 E26.86572 ; perimeter
G1 Z90.192 X99.603 Y150.507 E26.86189 ; perimeter
G1 Z90.213 X102.550 Y142.625 E45.54066 ; perimeter
G1 Z90.226 X104.608 Y138.108 E26.86323 ; perimeter
G1 Z90.238 X106.918 Y133.670 E27.07676 ; perimeter
G1 Z90.251 X109.462 Y129.353 E27.11813 ; perimeter
G1 Z90.272 X114.175 Y122.495 E45.03437 ; perimeter
G1 Z90.284 X117.294 Y118.573 E27.11907 ; perimeter
G1 Z90.297 X120.609 Y114.826 E27.07537 ; perimeter
G1 Z90.309 X124.089 Y111.286 E26.86503 ; perimeter
G1 Z90.330 X130.391 Y105.709 E45.54302 ; perimeter
G1 Z90.343 X134.329 Y102.688 E26.86087 ; perimeter
G1 Z90.355 X138.452 Y99.854 E27.07610 ; perimeter
G1 Z90.368 X142.718 Y97.240 E27.07668 ; perimeter
G1 Z90.380 X147.081 Y94.871 E26.86829 ; perimeter
G1 Z90.401 X154.738 Y91.381 E45.54035 ; perimeter
G1 Z90.413 X159.388 Y89.643 E26.86569 ; perimeter
G1 Z90.426 X164.122 Y88.150 E26.86385 ; perimeter
G1 Z90.447 X172.304 Y86.186 E45.53799 ; perimeter
G1 Z90.459 X177.200 Y85.367 E26.86490 ; perimeter
G1 Z90.472 X182.171 Y84.800 E27.07691 ; perimeter
G1 Z90.484 X187.173 Y84.494 E27.12093 ; perimeter
G1 Z90.505 X195.493 Y84.567 E45.02867 ; perimeter
G1 Z90.518 X200.489 Y84.960 E27.12146 ; perimeter
G1 Z90.530 X205.449 Y85.613 E27.07466 ; perimeter
G1 Z90.543 X210.369 Y86.525 E27.08023 ; perimeter
G1 Z90.555 X215.234 Y87.693 E27.07698 ; perimeter
G1 Z90.567 X219.993 Y89.103 E26.86181 ; perimeter
G1 Z90.588 X227.875 Y92.050 E45.54074 ; perimeter
G1 Z90.601 X232.392 Y94.108 E26.86323 ; perimeter
G1 Z90.613 X236.795 Y96.400 E26.86379 ; perimeter
G1 Z90.634 X243.970 Y100.797 E45.54179 ; perimeter
G1 Z90.647 X248.011 Y103.680 E26.86471 ; perimeter
G1 Z90.659 X251.927 Y106.794 E27.07690 ; perimeter
G1 Z90.672 X255.674 Y110.109 E27.07517 ; perimeter
G1 Z90.684 X259.214 Y113.589 E26.86515 ; perimeter
G1 Z90.705 X264.791 Y119.891 E45.54307 ; perimeter
G1 Z90.718 X267.812 Y123.829 E26.86085 ; perimeter
G1 Z90.730 X270.646 Y127.952 E27.07607 ; perimeter
G1 Z90.743 X273.260 Y132.218 E27.07668 ; perimeter
G1 Z90.755 X275.648 Y136.615 E27.07906 ; perimeter
G1 Z90.768 X277.801 Y141.131 E27.07555 ; perimeter
G1 Z90.780 X279.701 Y145.717 E26.86473 ; perimeter
G1 Z90.801 X282.371 Y153.697 E45.54020 ; perimeter
G1 Z90.813 X283.614 Y158.503 E26.86543 ; perimeter
G1 Z90.826 X284.611 Y163.406 E27.07758 ; perimeter
G1 Z90.838 X285.351 Y168.354 E27.07590 ; perimeter
G1 Z90.851 X285.827 Y173.295 E26.86400 ; perimeter
G1 Z90.872 X286.047 Y181.707 E45.54047 ; perimeter
G1 Z90.884 X285.830 Y186.666 E26.86330 ; perimeter
G1 Z90.897 X285.355 Y191.607 E26.86348 ; perimeter
G1 Z90.918 X283.972 Y199.868 E45.32990 ; perimeter
G1 Z90.938 X281.875 Y207.977 E45.32883 ; perimeter
G1 Z90.951 X280.300 Y212.685 E26.86710 ; perimeter
G1 Z90.963 X278.466 Y217.340 E27.07713 ; perimeter
G1 Z90.976 X276.392 Y221.892 E27.07150 ; perimeter
G1 Z90.988 X274.100 Y226.295 E26.86386 ; perimeter
G1 Z91.009 X269.703 Y233.470 E45.54172 ; perimeter
G1 Z91.022 X266.820 Y237.511 E26.86471 ; perimeter
G1 Z91.034 X263.706 Y241.427 E27.07684 ; perimeter
G1 Z91.047 X260.391 Y245.174 E27.07532 ; perimeter
G1 Z91.059 X256.884 Y248.742 E27.07556 ; perimeter
G1 Z91.072 X253.195 Y252.123 E27.08102 ; perimeter
G1 Z91.084 X249.365 Y255.280 E26.86165 ; perimeter
G1 Z91.105 X242.514 Y260.167 E45.54324 ; perimeter
G1 Z91.118 X238.282 Y262.760 E26.86041 ; perimeter
G1 Z91.130 X233.919 Y265.129 E26.86829 ; perimeter
G1 Z91.151 X226.298 Y268.602 E45.32492 ; perimeter
G1 Z91.172 X218.400 Y271.392 E45.33111 ; perimeter
G1 Z91.184 X213.617 Y272.719 E26.86126 ; perimeter
G1 Z91.197 X208.733 Y273.802 E27.07725 ; perimeter
G1 Z91.209 X203.799 Y274.627 E27.07129 ; perimeter
G1 Z91.222 X198.828 Y275.195 E27.07544 ; perimeter
G1 Z91.234 X193.835 Y275.489 E27.07341 ; perimeter
G1 Z91.247 X188.832 Y275.548 E27.07551 ; perimeter
G1 Z91.259 X183.834 Y275.331 E27.07420 ; perimeter
G1 Z91.272 X178.893 Y274.855 E26.86400 ; perimeter
G1 Z91.293 X170.593 Y273.466 E45.54342 ; perimeter
G1 Z91.305 X165.766 Y272.307 E26.86572 ; perimeter
G1 Z91.317 X161.007 Y270.897 E26.86189 ; perimeter
G1 Z91.338 X153.125 Y267.950 E45.54066 ; perimeter
G1 Z91.351 X148.608 Y265.892 E26.86323 ; perimeter
G1 Z91.363 X144.205 Y263.600 E26.86379 ; perimeter
G1 Z91.384 X137.030 Y259.203 E45.54179 ; perimeter
G1 Z91.397 X132.989 Y256.320 E26.86471 ; perimeter
G1 Z91.409 X129.073 Y253.206 E27.07684 ; perimeter
G1 Z91.422 X125.326 Y249.891 E27.07532 ; perimeter
G1 Z91.434 X121.786 Y246.411 E26.86506 ; perimeter
G1 Z91.455 X116.209 Y240.109 E45.54304 ; perimeter
G1 Z91.468 X113.188 Y236.171 E26.86085 ; perimeter
G1 Z91.480 X110.354 Y232.048 E27.07610 ; perimeter
G1 Z91.493 X107.740 Y227.782 E27.07668 ; perimeter
G1 Z91.500 X106.315 Y225.158 E16.15976 ; perimeter
;LAYER_CHANGE
;Z:93
;HEIGHT:1.5
G1 Z91.500 F960 ; simple layer change
G1 F2400
G1 Z91.505 X105.371 Y223.419 E10.70853 ; perimeter
G1 Z91.526 X101.882 Y215.762 E45.53808 ; perimeter
G1 Z91.538 X100.143 Y211.112 E26.86759 ; perimeter
G1 Z91.551 X98.639 Y206.341 E27.07273 ; perimeter
G1 Z91.563 X97.384 Y201.490 E27.11748 ; perimeter
G1 Z91.574 X96.535 Y197.381 E22.70815 ; perimeter
G1 Z91.584 X95.868 Y193.308 E22.33541 ; perimeter
G1 Z91.597 X95.300 Y188.329 E27.12070 ; perimeter
G1 Z91.609 X94.995 Y183.335 E27.07739 ; perimeter
G1 Z91.622 X94.951 Y178.332 E27.07671 ; perimeter
G1 Z91.634 X95.169 Y173.334 E27.07440 ; perimeter
G1 Z91.647 X95.645 Y168.393 E26.86400 ; perimeter
G1 Z91.668 X97.034 Y160.093 E45.54342 ; perimeter
G1 Z91.680 X98.193 Y155.266 E26.86572 ; perimeter
G1 Z91.692 X99.603 Y150.507 E26.86190 ; perimeter
G1 Z91.713 X102.550 Y142.625 E45.54065 ; perimeter
G1 Z91.726 X104.608 Y138.108 E26.86323 ; perimeter
G1 Z91.738 X106.918 Y133.670 E27.07678 ; perimeter
G1 Z91.751 X109.462 Y129.353 E27.11812 ; perimeter
G1 Z91.772 X114.175 Y122.495 E45.03425 ; perimeter
G1 Z91.784 X117.294 Y118.573 E27.11907 ; perimeter
G1 Z91.797 X120.609 Y114.826 E27.07532 ; perimeter
G1 Z91.809 X124.089 Y111.286 E26.86506 ; perimeter
G1 Z91.830 X130.391 Y105.709 E45.54304 ; perimeter
G1 Z91.843 X134.329 Y102.688 E26.86085 ; perimeter
G1 Z91.855 X138.452 Y99.854 E27.07608 ; perimeter
G1 Z91.868 X142.718 Y97.240 E27.07670 ; perimeter
G1 Z91.880 X147.081 Y94.871 E26.86829 ; perimeter
G1 Z91.901 X154.738 Y91.381 E45.54035 ; perimeter
G1 Z91.913 X159.388 Y89.643 E26.86569 ; perimeter
G1 Z91.926 X164.122 Y88.150 E26.86385 ; perimeter
G1 Z91.947 X172.304 Y86.186 E45.53799 ; perimeter
G1 Z91.959 X177.200 Y85.367 E26.86484 ; perimeter
G1 Z91.972 X182.171 Y84.800 E27.07707 ; perimeter
G1 Z91.984 X187.172 Y84.494 E27.11543 ; perimeter
G1 Z92.005 X195.493 Y84.567 E45.03424 ; perimeter
G1 Z92.018 X200.489 Y84.960 E27.12138 ; perimeter
G1 Z92.030 X205.449 Y85.613 E27.07457 ; perimeter
G1 Z92.043 X210.369 Y86.525 E27.08023 ; perimeter
G1 Z92.055 X215.234 Y87.693 E27.07698 ; perimeter
G1 Z92.067 X219.993 Y89.103 E26.86189 ; perimeter
G1 Z92.088 X227.875 Y92.050 E45.54058 ; perimeter
G1 Z92.101 X232.399 Y94.111 E26.90437 ; perimeter
G1 Z92.111 X236.123 Y96.044 E22.70644 ; perimeter
G1 Z92.122 X239.684 Y98.127 E22.32970 ; perimeter
G1 Z92.134 X243.937 Y100.775 E27.11328 ; perimeter
G1 Z92.147 X248.011 Y103.680 E27.07736 ; perimeter
G1 Z92.159 X251.927 Y106.794 E27.07684 ; perimeter
G1 Z92.172 X255.674 Y110.109 E27.07523 ; perimeter
G1 Z92.184 X259.214 Y113.589 E26.86512 ; perimeter
G1 Z92.205 X264.791 Y119.891 E45.54304 ; perimeter
G1 Z92.218 X267.812 Y123.829 E26.86088 ; perimeter
G1 Z92.230 X270.646 Y127.952 E27.07614 ; perimeter
G1 Z92.243 X273.260 Y132.218 E27.07664 ; perimeter
G1 Z92.255 X275.648 Y136.615 E27.07906 ; perimeter
G1 Z92.268 X277.801 Y141.131 E27.07555 ; perimeter
G1 Z92.280 X279.701 Y145.717 E26.86473 ; perimeter
G1 Z92.301 X282.371 Y153.697 E45.54020 ; perimeter
G1 Z92.313 X283.614 Y158.503 E26.86543 ; perimeter
G1 Z92.326 X284.611 Y163.406 E27.07758 ; perimeter
G1 Z92.338 X285.351 Y168.354 E27.07590 ; perimeter
G1 Z92.351 X285.827 Y173.295 E26.86400 ; perimeter
G1 Z92.372 X286.047 Y181.707 E45.54047 ; perimeter
G1 Z92.384 X285.830 Y186.666 E26.86330 ; perimeter
G1 Z92.397 X285.355 Y191.607 E26.86348 ; perimeter
G1 Z92.418 X283.972 Y199.868 E45.32990 ; perimeter
G1 Z92.438 X281.875 Y207.977 E45.32883 ; perimeter
G1 Z92.451 X280.300 Y212.685 E26.86710 ; perimeter
G1 Z92.463 X278.466 Y217.340 E27.07713 ; perimeter
G1 Z92.476 X276.392 Y221.892 E27.07150 ; perimeter
G1 Z92.488 X274.100 Y226.295 E26.86372 ; perimeter
G1 Z92.509 X269.703 Y233.470 E45.54187 ; perimeter
G1 Z92.522 X266.820 Y237.511 E26.86471 ; perimeter
G1 Z92.534 X263.706 Y241.427 E27.07684 ; perimeter
G1 Z92.547 X260.391 Y245.174 E27.07526 ; perimeter
G1 Z92.559 X256.884 Y248.742 E27.07562 ; perimeter
G1 Z92.572 X253.195 Y252.123 E27.08108 ; perimeter
G1 Z92.584 X249.365 Y255.280 E26.86154 ; perimeter
G1 Z92.605 X242.514 Y260.167 E45.54331 ; perimeter
G1 Z92.618 X238.282 Y262.760 E26.86041 ; perimeter
G1 Z92.630 X233.919 Y265.129 E26.86829 ; perimeter
G1 Z92.651 X226.298 Y268.602 E45.32491 ; perimeter
G1 Z92.672 X218.402 Y271.398 E45.33236 ; perimeter
G1 Z92.684 X213.619 Y272.725 E26.86289 ; perimeter
G1 Z92.697 X208.734 Y273.808 E27.07904 ; perimeter
G1 Z92.709 X203.800 Y274.633 E27.07294 ; perimeter
G1 Z92.722 X198.829 Y275.200 E27.07707 ; perimeter
G1 Z92.734 X193.835 Y275.505 E27.07739 ; perimeter
G1 Z92.747 X188.832 Y275.549 E27.07679 ; perimeter
G1 Z92.759 X183.834 Y275.331 E27.07440 ; perimeter
G1 Z92.772 X178.893 Y274.855 E26.86400 ; perimeter
G1 Z92.793 X170.593 Y273.466 E45.54342 ; perimeter
G1 Z92.805 X165.766 Y272.307 E26.86564 ; perimeter
G1 Z92.817 X161.007 Y270.897 E26.86197 ; perimeter
G1 Z92.838 X153.125 Y267.950 E45.54066 ; perimeter
G1 Z92.851 X148.608 Y265.892 E26.86323 ; perimeter
G1 Z92.863 X144.205 Y263.600 E26.86379 ; perimeter
G1 Z92.884 X137.030 Y259.203 E45.54179 ; perimeter
G1 Z92.897 X132.989 Y256.320 E26.86471 ; perimeter
G1 Z92.909 X129.073 Y253.206 E27.07684 ; perimeter
G1 Z92.922 X125.326 Y249.891 E27.07532 ; perimeter
G1 Z92.934 X121.786 Y246.411 E26.86506 ; perimeter
G1 Z92.955 X116.209 Y240.109 E45.54304 ; perimeter
G1 Z92.968 X113.188 Y236.171 E26.86085 ; perimeter
G1 Z92.980 X110.354 Y232.048 E27.07610 ; perimeter
G1 Z92.993 X107.740 Y227.782 E27.07668 ; perimeter
G1 Z93.000 X106.315 Y225.158 E16.15976 ; perimeter
;LAYER_CHANGE
;Z:94.5
;HEIGHT:1.5
G1 Z93.000 F960 ; simple layer change
G1 F2400
G1 Z93.005 X105.371 Y223.419 E10.70853 ; perimeter
G1 Z93.026 X101.882 Y215.762 E45.53817 ; perimeter
G1 Z93.038 X100.143 Y211.112 E26.86759 ; perimeter
G1 Z93.051 X98.639 Y206.341 E27.07264 ; perimeter
G1 Z93.063 X97.384 Y201.490 E27.11746 ; perimeter
G1 Z93.074 X96.532 Y197.367 E22.78566 ; perimeter
G1 Z93.084 X95.868 Y193.308 E22.25811 ; perimeter
G1 Z93.097 X95.300 Y188.329 E27.12054 ; perimeter
G1 Z93.109 X94.995 Y183.335 E27.07747 ; perimeter
G1 Z93.122 X94.951 Y178.332 E27.07671 ; perimeter
G1 Z93.134 X95.169 Y173.334 E27.07440 ; perimeter
G1 Z93.147 X95.645 Y168.393 E26.86400 ; perimeter
G1 Z93.168 X97.034 Y160.093 E45.54342 ; perimeter
G1 Z93.180 X98.193 Y155.266 E26.86580 ; perimeter
G1 Z93.192 X99.603 Y150.507 E26.86180 ; perimeter
G1 Z93.213 X102.550 Y142.625 E45.54068 ; perimeter
G1 Z93.226 X104.608 Y138.108 E26.86323 ; perimeter
G1 Z93.238 X106.918 Y133.670 E27.07673 ; perimeter
G1 Z93.251 X109.462 Y129.353 E27.11541 ; perimeter
G1 Z93.272 X114.175 Y122.495 E45.03699 ; perimeter
G1 Z93.284 X117.294 Y118.573 E27.11916 ; perimeter
G1 Z93.297 X120.609 Y114.826 E27.07532 ; perimeter
G1 Z93.309 X124.089 Y111.286 E26.86503 ; perimeter
G1 Z93.330 X130.391 Y105.709 E45.54298 ; perimeter
G1 Z93.343 X134.329 Y102.688 E26.86091 ; perimeter
G1 Z93.355 X138.452 Y99.854 E27.07610 ; perimeter
G1 Z93.368 X142.725 Y97.236 E27.12025 ; perimeter
G1 Z93.378 X146.423 Y95.224 E22.78309 ; perimeter
G1 Z93.388 X150.133 Y93.454 E22.24823 ; perimeter
G1 Z93.401 X154.702 Y91.397 E27.11522 ; perimeter
G1 Z93.413 X159.388 Y89.643 E27.07906 ; perimeter
G1 Z93.426 X164.122 Y88.150 E26.86378 ; perimeter
G1 Z93.447 X172.304 Y86.186 E45.53805 ; perimeter
G1 Z93.459 X177.200 Y85.367 E26.86484 ; perimeter
G1 Z93.472 X182.171 Y84.800 E27.07699 ; perimeter
G1 Z93.484 X187.172 Y84.494 E27.11553 ; perimeter
G1 Z93.505 X195.493 Y84.567 E45.03416 ; perimeter
G1 Z93.518 X200.489 Y84.960 E27.12138 ; perimeter
G1 Z93.530 X205.449 Y85.613 E27.07466 ; perimeter
G1 Z93.543 X210.369 Y86.525 E27.08014 ; perimeter
G1 Z93.555 X215.234 Y87.693 E27.07714 ; perimeter
G1 Z93.567 X219.993 Y89.103 E26.86181 ; perimeter
G1 Z93.588 X227.875 Y92.050 E45.54066 ; perimeter
G1 Z93.601 X232.399 Y94.111 E26.90451 ; perimeter
G1 Z93.611 X236.140 Y96.043 E22.78631 ; perimeter
G1 Z93.622 X239.712 Y98.082 E22.25909 ; perimeter
G1 Z93.634 X243.938 Y100.774 E27.11685 ; perimeter
G1 Z93.647 X248.011 Y103.680 E27.07786 ; perimeter
G1 Z93.659 X251.927 Y106.794 E27.07688 ; perimeter
G1 Z93.672 X255.674 Y110.109 E27.07526 ; perimeter
G1 Z93.684 X259.214 Y113.589 E26.86515 ; perimeter
G1 Z93.705 X264.791 Y119.891 E45.54304 ; perimeter
G1 Z93.718 X267.812 Y123.829 E26.86085 ; perimeter
G1 Z93.730 X270.646 Y127.952 E27.07614 ; perimeter
G1 Z93.743 X273.260 Y132.218 E27.07664 ; perimeter
G1 Z93.755 X275.648 Y136.615 E27.07906 ; perimeter
G1 Z93.768 X277.801 Y141.131 E27.07555 ; perimeter
G1 Z93.780 X279.701 Y145.717 E26.86473 ; perimeter
G1 Z93.801 X282.371 Y153.697 E45.54020 ; perimeter
G1 Z93.813 X283.614 Y158.503 E26.86543 ; perimeter
G1 Z93.826 X284.611 Y163.406 E27.07758 ; perimeter
G1 Z93.838 X285.351 Y168.354 E27.07590 ; perimeter
G1 Z93.851 X285.827 Y173.295 E26.86400 ; perimeter
G1 Z93.872 X286.047 Y181.707 E45.54047 ; perimeter
G1 Z93.884 X285.830 Y186.666 E26.86330 ; perimeter
G1 Z93.897 X285.355 Y191.607 E26.86348 ; perimeter
G1 Z93.918 X283.972 Y199.868 E45.32990 ; perimeter
G1 Z93.938 X281.875 Y207.977 E45.32883 ; perimeter
G1 Z93.951 X280.300 Y212.685 E26.86710 ; perimeter
G1 Z93.963 X278.466 Y217.340 E27.07713 ; perimeter
G1 Z93.976 X276.392 Y221.892 E27.07150 ; perimeter
G1 Z93.988 X274.100 Y226.295 E26.86379 ; perimeter
G1 Z94.009 X269.703 Y233.470 E45.54179 ; perimeter
G1 Z94.022 X266.820 Y237.511 E26.86478 ; perimeter
G1 Z94.034 X263.706 Y241.427 E27.07677 ; perimeter
G1 Z94.047 X260.391 Y245.174 E27.07538 ; perimeter
G1 Z94.059 X256.884 Y248.742 E27.07550 ; perimeter
G1 Z94.072 X253.195 Y252.123 E27.08108 ; perimeter
G1 Z94.084 X249.365 Y255.280 E26.86148 ; perimeter
G1 Z94.105 X242.514 Y260.167 E45.54337 ; perimeter
G1 Z94.118 X238.282 Y262.760 E26.86041 ; perimeter
G1 Z94.130 X233.919 Y265.129 E26.86829 ; perimeter
G1 Z94.151 X226.298 Y268.602 E45.32491 ; perimeter
G1 Z94.172 X218.402 Y271.398 E45.33236 ; perimeter
G1 Z94.184 X213.619 Y272.725 E26.86289 ; perimeter
G1 Z94.197 X208.734 Y273.808 E27.07904 ; perimeter
G1 Z94.209 X203.800 Y274.633 E27.07302 ; perimeter
G1 Z94.222 X198.829 Y275.200 E27.07699 ; perimeter
G1 Z94.234 X193.835 Y275.505 E27.07739 ; perimeter
G1 Z94.247 X188.832 Y275.549 E27.07679 ; perimeter
G1 Z94.259 X183.834 Y275.331 E27.07440 ; perimeter
G1 Z94.272 X178.893 Y274.855 E26.86400 ; perimeter
G1 Z94.293 X170.593 Y273.466 E45.54342 ; perimeter
G1 Z94.305 X165.766 Y272.307 E26.86572 ; perimeter
G1 Z94.317 X161.007 Y270.897 E26.86197 ; perimeter
G1 Z94.338 X153.125 Y267.950 E45.54059 ; perimeter
G1 Z94.351 X148.608 Y265.892 E26.86323 ; perimeter
G1 Z94.363 X144.205 Y263.600 E26.86379 ; perimeter
G1 Z94.384 X137.030 Y259.203 E45.54179 ; perimeter
G1 Z94.397 X132.989 Y256.320 E26.86471 ; perimeter
G1 Z94.409 X129.073 Y253.206 E27.07684 ; perimeter
G1 Z94.422 X125.326 Y249.891 E27.07532 ; perimeter
G1 Z94.434 X121.786 Y246.411 E26.86506 ; perimeter
G1 Z94.455 X116.209 Y240.109 E45.54304 ; perimeter
G1 Z94.468 X113.188 Y236.171 E26.86085 ; perimeter
G1 Z94.480 X110.354 Y232.048 E27.07610 ; perimeter
G1 Z94.493 X107.740 Y227.782 E27.07668 ; perimeter
G1 Z94.500 X106.315 Y225.158 E16.15976 ; perimeter
;LAYER_CHANGE
;Z:96
;HEIGHT:1.5
G1 Z94.500 F960 ; simple layer change
G1 F2400
G1 Z94.505 X105.371 Y223.419 E10.70853 ; perimeter
G1 Z94.526 X101.882 Y215.762 E45.53808 ; perimeter
G1 Z94.538 X100.143 Y211.112 E26.86767 ; perimeter
G1 Z94.551 X98.639 Y206.341 E27.07265 ; perimeter
G1 Z94.563 X97.386 Y201.497 E27.07815 ; perimeter
G1 Z94.576 X96.404 Y196.592 E27.07462 ; perimeter
G1 Z94.588 X95.676 Y191.643 E27.06977 ; perimeter
G1 Z94.601 X95.199 Y186.703 E26.85645 ; perimeter
G1 Z94.622 X94.953 Y178.293 E45.53589 ; perimeter
G1 Z94.634 X95.169 Y173.334 E26.86305 ; perimeter
G1 Z94.647 X95.645 Y168.393 E26.86400 ; perimeter
G1 Z94.668 X97.034 Y160.093 E45.54351 ; perimeter
G1 Z94.680 X98.193 Y155.266 E26.86564 ; perimeter
G1 Z94.692 X99.603 Y150.507 E26.86197 ; perimeter
G1 Z94.713 X102.550 Y142.625 E45.54058 ; perimeter
G1 Z94.726 X104.608 Y138.108 E26.86323 ; perimeter
G1 Z94.738 X106.918 Y133.670 E27.07678 ; perimeter
G1 Z94.751 X109.461 Y129.353 E27.11537 ; perimeter
G1 Z94.772 X114.175 Y122.495 E45.03421 ; perimeter
G1 Z94.784 X117.294 Y118.573 E27.12221 ; perimeter
G1 Z94.797 X120.609 Y114.826 E27.07535 ; perimeter
G1 Z94.809 X124.089 Y111.286 E26.86503 ; perimeter
G1 Z94.830 X130.391 Y105.709 E45.54301 ; perimeter
G1 Z94.843 X134.329 Y102.688 E26.86087 ; perimeter
G1 Z94.855 X138.452 Y99.854 E27.07612 ; perimeter
G1 Z94.868 X142.725 Y97.236 E27.12027 ; perimeter
G1 Z94.878 X146.431 Y95.208 E22.86299 ; perimeter
G1 Z94.888 X150.105 Y93.394 E22.17489 ; perimeter
G1 Z94.901 X154.701 Y91.395 E27.12384 ; perimeter
G1 Z94.913 X159.388 Y89.643 E27.07975 ; perimeter
G1 Z94.926 X164.122 Y88.150 E26.86386 ; perimeter
G1 Z94.947 X172.304 Y86.186 E45.53799 ; perimeter
G1 Z94.959 X177.200 Y85.367 E26.86483 ; perimeter
G1 Z94.972 X182.171 Y84.800 E27.07699 ; perimeter
G1 Z94.984 X187.172 Y84.494 E27.11553 ; perimeter
G1 Z95.005 X195.493 Y84.567 E45.03424 ; perimeter
G1 Z95.018 X200.489 Y84.960 E27.12130 ; perimeter
G1 Z95.030 X205.449 Y85.613 E27.07466 ; perimeter
G1 Z95.043 X210.369 Y86.525 E27.08005 ; perimeter
G1 Z95.055 X215.234 Y87.693 E27.07723 ; perimeter
G1 Z95.067 X219.993 Y89.103 E26.86189 ; perimeter
G1 Z95.088 X227.875 Y92.050 E45.54058 ; perimeter
G1 Z95.101 X232.399 Y94.111 E26.90437 ; perimeter
G1 Z95.111 X236.153 Y96.050 E22.86633 ; perimeter
G1 Z95.122 X239.712 Y98.082 E22.17923 ; perimeter
G1 Z95.134 X243.938 Y100.774 E27.11671 ; perimeter
G1 Z95.147 X248.011 Y103.680 E27.07806 ; perimeter
G1 Z95.159 X251.927 Y106.794 E27.07684 ; perimeter
G1 Z95.172 X255.674 Y110.109 E27.07535 ; perimeter
G1 Z95.184 X259.214 Y113.589 E26.86503 ; perimeter
G1 Z95.205 X264.791 Y119.891 E45.54304 ; perimeter
G1 Z95.218 X267.812 Y123.829 E26.86082 ; perimeter
G1 Z95.230 X270.646 Y127.952 E27.07610 ; perimeter
G1 Z95.243 X273.260 Y132.218 E27.07672 ; perimeter
G1 Z95.255 X275.648 Y136.615 E27.07906 ; perimeter
G1 Z95.268 X277.801 Y141.131 E27.07555 ; perimeter
G1 Z95.280 X279.701 Y145.717 E26.86473 ; perimeter
G1 Z95.301 X282.371 Y153.697 E45.54020 ; perimeter
G1 Z95.313 X283.614 Y158.503 E26.86543 ; perimeter
G1 Z95.326 X284.611 Y163.406 E27.07758 ; perimeter
G1 Z95.338 X285.351 Y168.354 E27.07590 ; perimeter
G1 Z95.351 X285.827 Y173.295 E26.86400 ; perimeter
G1 Z95.372 X286.047 Y181.707 E45.54047 ; perimeter
G1 Z95.384 X285.830 Y186.666 E26.86330 ; perimeter
G1 Z95.397 X285.355 Y191.607 E26.86348 ; perimeter
G1 Z95.418 X283.972 Y199.868 E45.32990 ; perimeter
G1 Z95.438 X281.875 Y207.977 E45.32883 ; perimeter
G1 Z95.451 X280.300 Y212.685 E26.86710 ; perimeter
G1 Z95.463 X278.466 Y217.340 E27.07713 ; perimeter
G1 Z95.476 X276.392 Y221.892 E27.07150 ; perimeter
G1 Z95.488 X274.100 Y226.295 E26.86372 ; perimeter
G1 Z95.509 X269.703 Y233.470 E45.54187 ; perimeter
G1 Z95.522 X266.820 Y237.511 E26.86471 ; perimeter
G1 Z95.534 X263.706 Y241.427 E27.07684 ; perimeter
G1 Z95.547 X260.391 Y245.174 E27.07526 ; perimeter
G1 Z95.559 X256.884 Y248.742 E27.07562 ; perimeter
G1 Z95.572 X253.195 Y252.123 E27.08108 ; perimeter
G1 Z95.584 X249.365 Y255.280 E26.86154 ; perimeter
G1 Z95.605 X242.514 Y260.167 E45.54331 ; perimeter
G1 Z95.618 X238.282 Y262.760 E26.86041 ; perimeter
G1 Z95.630 X233.919 Y265.129 E26.86829 ; perimeter
G1 Z95.651 X226.298 Y268.602 E45.32491 ; perimeter
G1 Z95.672 X218.402 Y271.398 E45.33236 ; perimeter
G1 Z95.684 X213.619 Y272.725 E26.86289 ; perimeter
G1 Z95.697 X208.734 Y273.808 E27.07904 ; perimeter
G1 Z95.709 X203.800 Y274.633 E27.07294 ; perimeter
G1 Z95.722 X198.829 Y275.200 E27.07707 ; perimeter
G1 Z95.734 X193.835 Y275.505 E27.07739 ; perimeter
G1 Z95.747 X188.832 Y275.549 E27.07679 ; perimeter
G1 Z95.759 X183.834 Y275.331 E27.07440 ; perimeter
G1 Z95.772 X178.893 Y274.855 E26.86400 ; perimeter
G1 Z95.793 X170.593 Y273.466 E45.54342 ; perimeter
G1 Z95.805 X165.766 Y272.307 E26.86564 ; perimeter
G1 Z95.817 X161.007 Y270.897 E26.86197 ; perimeter
G1 Z95.838 X153.125 Y267.950 E45.54066 ; perimeter
G1 Z95.851 X148.608 Y265.892 E26.86323 ; perimeter
G1 Z95.863 X144.205 Y263.600 E26.86379 ; perimeter
G1 Z95.884 X137.030 Y259.203 E45.54179 ; perimeter
G1 Z95.897 X132.989 Y256.320 E26.86471 ; perimeter
G1 Z95.909 X129.073 Y253.206 E27.07684 ; perimeter
G1 Z95.922 X125.326 Y249.891 E27.07532 ; perimeter
G1 Z95.934 X121.786 Y246.411 E26.86506 ; perimeter
G1 Z95.955 X116.209 Y240.109 E45.54304 ; perimeter
G1 Z95.968 X113.188 Y236.171 E26.86085 ; perimeter
G1 Z95.980 X110.354 Y232.048 E27.07610 ; perimeter
G1 Z95.993 X107.740 Y227.782 E27.07668 ; perimeter
G1 Z96.000 X106.315 Y225.158 E16.15976 ; perimeter
;LAYER_CHANGE
;Z:97.5
;HEIGHT:1.5
G1 Z96.000 F960 ; simple layer change
G1 F2400
G1 Z96.005 X105.371 Y223.419 E10.70853 ; perimeter
G1 Z96.026 X101.882 Y215.762 E45.53819 ; perimeter
G1 Z96.038 X100.143 Y211.112 E26.86750 ; perimeter
G1 Z96.051 X98.639 Y206.341 E27.07272 ; perimeter
G1 Z96.063 X97.386 Y201.497 E27.07808 ; perimeter
G1 Z96.076 X96.389 Y196.594 E27.07758 ; perimeter
G1 Z96.088 X95.649 Y191.646 E27.07591 ; perimeter
G1 Z96.101 X95.173 Y186.705 E26.86399 ; perimeter
G1 Z96.122 X94.953 Y178.293 E45.54055 ; perimeter
G1 Z96.134 X95.169 Y173.334 E26.86298 ; perimeter
G1 Z96.147 X95.645 Y168.393 E26.86400 ; perimeter
G1 Z96.168 X97.034 Y160.093 E45.54334 ; perimeter
G1 Z96.180 X98.193 Y155.266 E26.86580 ; perimeter
G1 Z96.192 X99.603 Y150.507 E26.86188 ; perimeter
G1 Z96.213 X102.550 Y142.625 E45.54068 ; perimeter
G1 Z96.226 X104.608 Y138.108 E26.86323 ; perimeter
G1 Z96.238 X106.918 Y133.670 E27.07678 ; perimeter
G1 Z96.251 X109.461 Y129.353 E27.11535 ; perimeter
G1 Z96.272 X114.174 Y122.495 E45.03423 ; perimeter
G1 Z96.284 X117.294 Y118.573 E27.12247 ; perimeter
G1 Z96.297 X120.609 Y114.826 E27.07532 ; perimeter
G1 Z96.309 X124.089 Y111.286 E26.86503 ; perimeter
G1 Z96.330 X130.391 Y105.709 E45.54308 ; perimeter
G1 Z96.343 X134.329 Y102.688 E26.86085 ; perimeter
G1 Z96.355 X138.452 Y99.854 E27.07608 ; perimeter
G1 Z96.368 X142.718 Y97.240 E27.07674 ; perimeter
G1 Z96.380 X147.086 Y94.881 E26.86599 ; perimeter
G1 Z96.401 X154.738 Y91.381 E45.53857 ; perimeter
G1 Z96.413 X159.388 Y89.643 E26.86565 ; perimeter
G1 Z96.426 X164.122 Y88.150 E26.86387 ; perimeter
G1 Z96.447 X172.304 Y86.186 E45.53798 ; perimeter
G1 Z96.459 X177.200 Y85.367 E26.86484 ; perimeter
G1 Z96.472 X182.171 Y84.800 E27.07699 ; perimeter
G1 Z96.484 X187.172 Y84.494 E27.11526 ; perimeter
G1 Z96.505 X195.493 Y84.567 E45.03431 ; perimeter
G1 Z96.518 X200.489 Y84.960 E27.12130 ; perimeter
G1 Z96.530 X205.449 Y85.613 E27.07474 ; perimeter
G1 Z96.543 X210.369 Y86.525 E27.08023 ; perimeter
G1 Z96.555 X215.234 Y87.693 E27.07706 ; perimeter
G1 Z96.567 X219.993 Y89.103 E26.86180 ; perimeter
G1 Z96.588 X227.875 Y92.050 E45.54066 ; perimeter
G1 Z96.601 X232.399 Y94.111 E26.90437 ; perimeter
G1 Z96.611 X236.165 Y96.057 E22.94145 ; perimeter
G1 Z96.622 X239.711 Y98.082 E22.09940 ; perimeter
G1 Z96.634 X243.938 Y100.774 E27.12140 ; perimeter
G1 Z96.647 X248.011 Y103.680 E27.07790 ; perimeter
G1 Z96.659 X251.927 Y106.794 E27.07699 ; perimeter
G1 Z96.672 X255.674 Y110.109 E27.07517 ; perimeter
G1 Z96.684 X259.214 Y113.589 E26.86515 ; perimeter
G1 Z96.705 X264.791 Y119.891 E45.54307 ; perimeter
G1 Z96.718 X267.812 Y123.829 E26.86085 ; perimeter
G1 Z96.730 X270.646 Y127.952 E27.07607 ; perimeter
G1 Z96.743 X273.260 Y132.218 E27.07668 ; perimeter
G1 Z96.755 X275.648 Y136.615 E27.07906 ; perimeter
G1 Z96.768 X277.801 Y141.131 E27.07555 ; perimeter
G1 Z96.780 X279.701 Y145.717 E26.86473 ; perimeter
G1 Z96.801 X282.371 Y153.697 E45.54020 ; perimeter
G1 Z96.813 X283.614 Y158.503 E26.86543 ; perimeter
G1 Z96.826 X284.611 Y163.406 E27.07758 ; perimeter
G1 Z96.838 X285.351 Y168.354 E27.07590 ; perimeter
G1 Z96.851 X285.827 Y173.295 E26.86400 ; perimeter
G1 Z96.872 X286.047 Y181.707 E45.54047 ; perimeter
G1 Z96.884 X285.830 Y186.666 E26.86330 ; perimeter
G1 Z96.897 X285.355 Y191.607 E26.86348 ; perimeter
G1 Z96.918 X283.972 Y199.868 E45.32990 ; perimeter
G1 Z96.938 X281.875 Y207.977 E45.32876 ; perimeter
G1 Z96.951 X280.300 Y212.685 E26.86718 ; perimeter
G1 Z96.963 X278.466 Y217.340 E27.07713 ; perimeter
G1 Z96.976 X276.392 Y221.892 E27.07150 ; perimeter
G1 Z96.988 X274.100 Y226.295 E26.86386 ; perimeter
G1 Z97.009 X269.703 Y233.470 E45.54172 ; perimeter
G1 Z97.022 X266.820 Y237.511 E26.86471 ; perimeter
G1 Z97.034 X263.706 Y241.427 E27.07684 ; perimeter
G1 Z97.047 X260.391 Y245.174 E27.07532 ; perimeter
G1 Z97.059 X256.884 Y248.742 E27.07556 ; perimeter
G1 Z97.072 X253.195 Y252.123 E27.08102 ; perimeter
G1 Z97.084 X249.365 Y255.280 E26.86165 ; perimeter
G1 Z97.105 X242.514 Y260.167 E45.54324 ; perimeter
G1 Z97.118 X238.282 Y262.760 E26.86041 ; perimeter
G1 Z97.130 X233.919 Y265.129 E26.86829 ; perimeter
G1 Z97.151 X226.298 Y268.602 E45.32491 ; perimeter
G1 Z97.172 X218.402 Y271.398 E45.33236 ; perimeter
G1 Z97.184 X213.619 Y272.725 E26.86281 ; perimeter
G1 Z97.197 X208.734 Y273.808 E27.07904 ; perimeter
G1 Z97.209 X203.800 Y274.633 E27.07310 ; perimeter
G1 Z97.222 X198.829 Y275.200 E27.07699 ; perimeter
G1 Z97.234 X193.835 Y275.505 E27.07739 ; perimeter
G1 Z97.247 X188.832 Y275.549 E27.07679 ; perimeter
G1 Z97.259 X183.834 Y275.331 E27.07440 ; perimeter
G1 Z97.272 X178.893 Y274.855 E26.86400 ; perimeter
G1 Z97.293 X170.593 Y273.466 E45.54342 ; perimeter
G1 Z97.305 X165.766 Y272.307 E26.86572 ; perimeter
G1 Z97.317 X161.007 Y270.897 E26.86189 ; perimeter
G1 Z97.338 X153.125 Y267.950 E45.54066 ; perimeter
G1 Z97.351 X148.608 Y265.892 E26.86323 ; perimeter
G1 Z97.363 X144.205 Y263.600 E26.86379 ; perimeter
G1 Z97.384 X137.030 Y259.203 E45.54179 ; perimeter
G1 Z97.397 X132.989 Y256.320 E26.86471 ; perimeter
G1 Z97.409 X129.073 Y253.206 E27.07684 ; perimeter
G1 Z97.422 X125.326 Y249.891 E27.07532 ; perimeter
G1 Z97.434 X121.786 Y246.411 E26.86506 ; perimeter
G1 Z97.455 X116.209 Y240.109 E45.54304 ; perimeter
G1 Z97.468 X113.188 Y236.171 E26.86085 ; perimeter
G1 Z97.480 X110.354 Y232.048 E27.07610 ; perimeter
G1 Z97.493 X107.740 Y227.782 E27.07668 ; perimeter
G1 Z97.500 X106.315 Y225.158 E16.15976 ; perimeter
;LAYER_CHANGE
;Z:99
;HEIGHT:1.5
G1 Z97.500 F960 ; simple layer change
G1 F2400
G1 Z97.505 X105.371 Y223.419 E10.70853 ; perimeter
G1 Z97.526 X101.882 Y215.762 E45.53817 ; perimeter
G1 Z97.538 X100.143 Y211.112 E26.86750 ; perimeter
G1 Z97.551 X98.639 Y206.341 E27.07273 ; perimeter
G1 Z97.563 X97.385 Y201.490 E27.11731 ; perimeter
G1 Z97.574 X96.536 Y197.321 E23.02237 ; perimeter
G1 Z97.584 X95.895 Y193.305 E22.01124 ; perimeter
G1 Z97.597 X95.327 Y188.326 E27.11830 ; perimeter
G1 Z97.609 X95.078 Y183.333 E27.05806 ; perimeter
G1 Z97.622 X94.954 Y178.332 E27.07281 ; perimeter
G1 Z97.634 X95.169 Y173.334 E27.07334 ; perimeter
G1 Z97.647 X95.645 Y168.393 E26.86400 ; perimeter
G1 Z97.668 X97.034 Y160.093 E45.54342 ; perimeter
G1 Z97.680 X98.193 Y155.266 E26.86572 ; perimeter
G1 Z97.692 X99.603 Y150.507 E26.86181 ; perimeter
G1 Z97.713 X102.550 Y142.625 E45.54074 ; perimeter
G1 Z97.726 X104.608 Y138.108 E26.86323 ; perimeter
G1 Z97.738 X106.918 Y133.670 E27.07678 ; perimeter
G1 Z97.751 X109.461 Y129.353 E27.11539 ; perimeter
G1 Z97.772 X114.174 Y122.496 E45.02974 ; perimeter
G1 Z97.784 X117.294 Y118.573 E27.12688 ; perimeter
G1 Z97.797 X120.609 Y114.826 E27.07529 ; perimeter
G1 Z97.809 X124.089 Y111.286 E26.86506 ; perimeter
G1 Z97.830 X130.391 Y105.709 E45.54304 ; perimeter
G1 Z97.843 X134.329 Y102.688 E26.86085 ; perimeter
G1 Z97.855 X138.452 Y99.854 E27.07610 ; perimeter
G1 Z97.868 X142.724 Y97.236 E27.11551 ; perimeter
G1 Z97.878 X146.462 Y95.204 E23.02501 ; perimeter
G1 Z97.888 X150.133 Y93.455 E22.00648 ; perimeter
G1 Z97.901 X154.702 Y91.397 E27.12011 ; perimeter
G1 Z97.913 X159.388 Y89.643 E27.07906 ; perimeter
G1 Z97.926 X164.122 Y88.150 E26.86378 ; perimeter
G1 Z97.947 X172.304 Y86.186 E45.53798 ; perimeter
G1 Z97.959 X177.200 Y85.367 E26.86499 ; perimeter
G1 Z97.972 X182.171 Y84.800 E27.07691 ; perimeter
G1 Z97.984 X187.172 Y84.495 E27.11520 ; perimeter
G1 Z98.005 X195.492 Y84.567 E45.02870 ; perimeter
G1 Z98.018 X200.489 Y84.960 E27.12669 ; perimeter
G1 Z98.030 X205.449 Y85.613 E27.07474 ; perimeter
G1 Z98.043 X210.369 Y86.525 E27.08006 ; perimeter
G1 Z98.055 X215.234 Y87.693 E27.07714 ; perimeter
G1 Z98.067 X219.993 Y89.103 E26.86181 ; perimeter
G1 Z98.088 X227.875 Y92.050 E45.54074 ; perimeter
G1 Z98.101 X232.392 Y94.108 E26.86325 ; perimeter
G1 Z98.113 X236.791 Y96.407 E26.86211 ; perimeter
G1 Z98.134 X243.970 Y100.797 E45.54026 ; perimeter
G1 Z98.147 X248.011 Y103.680 E26.86486 ; perimeter
G1 Z98.159 X251.927 Y106.794 E27.07675 ; perimeter
G1 Z98.172 X255.674 Y110.109 E27.07523 ; perimeter
G1 Z98.184 X259.214 Y113.589 E26.86512 ; perimeter
G1 Z98.205 X264.791 Y119.891 E45.54307 ; perimeter
G1 Z98.218 X267.812 Y123.829 E26.86088 ; perimeter
G1 Z98.230 X270.646 Y127.952 E27.07610 ; perimeter
G1 Z98.243 X273.260 Y132.218 E27.07664 ; perimeter
G1 Z98.255 X275.648 Y136.615 E27.07906 ; perimeter
G1 Z98.268 X277.801 Y141.131 E27.07555 ; perimeter
G1 Z98.280 X279.701 Y145.717 E26.86473 ; perimeter
G1 Z98.301 X282.371 Y153.697 E45.54020 ; perimeter
G1 Z98.313 X283.614 Y158.503 E26.86543 ; perimeter
G1 Z98.326 X284.611 Y163.406 E27.07758 ; perimeter
G1 Z98.338 X285.351 Y168.354 E27.07590 ; perimeter
G1 Z98.351 X285.827 Y173.295 E26.86400 ; perimeter
G1 Z98.372 X286.047 Y181.707 E45.54047 ; perimeter
G1 Z98.384 X285.830 Y186.666 E26.86330 ; perimeter
G1 Z98.397 X285.355 Y191.607 E26.86348 ; perimeter
G1 Z98.418 X283.972 Y199.868 E45.32990 ; perimeter
G1 Z98.438 X281.875 Y207.977 E45.32876 ; perimeter
G1 Z98.451 X280.300 Y212.685 E26.86718 ; perimeter
G1 Z98.463 X278.466 Y217.340 E27.07713 ; perimeter
G1 Z98.476 X276.392 Y221.892 E27.07150 ; perimeter
G1 Z98.488 X274.100 Y226.295 E26.86372 ; perimeter
G1 Z98.509 X269.703 Y233.470 E45.54187 ; perimeter
G1 Z98.522 X266.820 Y237.511 E26.86471 ; perimeter
G1 Z98.534 X263.706 Y241.427 E27.07684 ; perimeter
G1 Z98.547 X260.391 Y245.174 E27.07526 ; perimeter
G1 Z98.559 X256.884 Y248.742 E27.07562 ; perimeter
G1 Z98.572 X253.195 Y252.123 E27.08108 ; perimeter
G1 Z98.584 X249.365 Y255.280 E26.86154 ; perimeter
G1 Z98.605 X242.514 Y260.167 E45.54331 ; perimeter
G1 Z98.618 X238.282 Y262.760 E26.86041 ; perimeter
G1 Z98.630 X233.919 Y265.129 E26.86829 ; perimeter
G1 Z98.651 X226.298 Y268.602 E45.32491 ; perimeter
G1 Z98.672 X218.402 Y271.398 E45.33236 ; perimeter
G1 Z98.684 X213.619 Y272.725 E26.86289 ; perimeter
G1 Z98.697 X208.734 Y273.808 E27.07904 ; perimeter
G1 Z98.709 X203.800 Y274.633 E27.07294 ; perimeter
G1 Z98.722 X198.829 Y275.200 E27.07707 ; perimeter
G1 Z98.734 X193.835 Y275.505 E27.07739 ; perimeter
G1 Z98.747 X188.832 Y275.549 E27.07679 ; perimeter
G1 Z98.759 X183.834 Y275.331 E27.07440 ; perimeter
G1 Z98.772 X178.893 Y274.855 E26.86400 ; perimeter
G1 Z98.793 X170.593 Y273.466 E45.54342 ; perimeter
G1 Z98.805 X165.766 Y272.307 E26.86564 ; perimeter
G1 Z98.817 X161.007 Y270.897 E26.86197 ; perimeter
G1 Z98.838 X153.125 Y267.950 E45.54066 ; perimeter
G1 Z98.851 X148.608 Y265.892 E26.86323 ; perimeter
G1 Z98.863 X144.205 Y263.600 E26.86379 ; perimeter
G1 Z98.884 X137.030 Y259.203 E45.54179 ; perimeter
G1 Z98.897 X132.989 Y256.320 E26.86471 ; perimeter
G1 Z98.909 X129.073 Y253.206 E27.07684 ; perimeter
G1 Z98.922 X125.326 Y249.891 E27.07532 ; perimeter
G1 Z98.934 X121.786 Y246.411 E26.86506 ; perimeter
G1 Z98.955 X116.209 Y240.109 E45.54304 ; perimeter
G1 Z98.968 X113.188 Y236.171 E26.86085 ; perimeter
G1 Z98.980 X110.354 Y232.048 E27.07610 ; perimeter
G1 Z98.993 X107.740 Y227.782 E27.07668 ; perimeter
G1 Z99.000 X106.315 Y225.158 E16.15976 ; perimeter
;LAYER_CHANGE
;Z:100.5
;HEIGHT:1.5
G1 Z99.000 F960 ; simple layer change
G1 F2400
G1 Z99.005 X105.371 Y223.419 E10.70853 ; perimeter
G1 Z99.026 X101.882 Y215.762 E45.53817 ; perimeter
G1 Z99.038 X100.143 Y211.112 E26.86759 ; perimeter
G1 Z99.051 X98.639 Y206.341 E27.07264 ; perimeter
G1 Z99.063 X97.384 Y201.491 E27.11224 ; perimeter
G1 Z99.074 X96.521 Y197.310 E23.10420 ; perimeter
G1 Z99.084 X95.868 Y193.309 E21.93944 ; perimeter
G1 Z99.097 X95.300 Y188.329 E27.12600 ; perimeter
G1 Z99.109 X94.995 Y183.335 E27.07747 ; perimeter
G1 Z99.122 X94.951 Y178.332 E27.07671 ; perimeter
G1 Z99.134 X95.169 Y173.334 E27.07440 ; perimeter
G1 Z99.147 X95.645 Y168.393 E26.86400 ; perimeter
G1 Z99.168 X97.034 Y160.093 E45.54342 ; perimeter
G1 Z99.180 X98.193 Y155.266 E26.86580 ; perimeter
G1 Z99.192 X99.603 Y150.507 E26.86180 ; perimeter
G1 Z99.213 X102.550 Y142.625 E45.54068 ; perimeter
G1 Z99.226 X104.608 Y138.108 E26.86323 ; perimeter
G1 Z99.238 X106.918 Y133.670 E27.07673 ; perimeter
G1 Z99.251 X109.461 Y129.353 E27.11542 ; perimeter
G1 Z99.272 X114.174 Y122.496 E45.02976 ; perimeter
G1 Z99.284 X117.294 Y118.573 E27.12669 ; perimeter
G1 Z99.297 X120.609 Y114.826 E27.07535 ; perimeter
G1 Z99.309 X124.089 Y111.286 E26.86500 ; perimeter
G1 Z99.330 X130.391 Y105.709 E45.54308 ; perimeter
G1 Z99.343 X134.329 Y102.688 E26.86085 ; perimeter
G1 Z99.355 X138.452 Y99.854 E27.07610 ; perimeter
G1 Z99.368 X142.724 Y97.236 E27.11568 ; perimeter
G1 Z99.378 X146.470 Y95.188 E23.10485 ; perimeter
G1 Z99.388 X150.105 Y93.394 E21.93770 ; perimeter
G1 Z99.401 X154.701 Y91.395 E27.12394 ; perimeter
G1 Z99.413 X159.388 Y89.643 E27.07977 ; perimeter
G1 Z99.426 X164.122 Y88.150 E26.86386 ; perimeter
G1 Z99.447 X172.304 Y86.186 E45.53799 ; perimeter
G1 Z99.459 X177.200 Y85.367 E26.86482 ; perimeter
G1 Z99.472 X182.171 Y84.800 E27.07700 ; perimeter
G1 Z99.484 X187.172 Y84.495 E27.11520 ; perimeter
G1 Z99.505 X195.492 Y84.567 E45.02870 ; perimeter
G1 Z99.518 X200.489 Y84.960 E27.12685 ; perimeter
G1 Z99.530 X205.449 Y85.613 E27.07458 ; perimeter
G1 Z99.543 X210.369 Y86.525 E27.08014 ; perimeter
G1 Z99.555 X215.234 Y87.693 E27.07698 ; perimeter
G1 Z99.567 X219.993 Y89.103 E26.86197 ; perimeter
G1 Z99.588 X227.875 Y92.050 E45.54066 ; perimeter
G1 Z99.601 X232.398 Y94.111 E26.89948 ; perimeter
G1 Z99.612 X236.187 Y96.078 E23.10598 ; perimeter
G1 Z99.622 X239.683 Y98.126 E21.92771 ; perimeter
G1 Z99.634 X243.937 Y100.775 E27.12084 ; perimeter
G1 Z99.647 X248.011 Y103.680 E27.07736 ; perimeter
G1 Z99.659 X251.927 Y106.794 E27.07693 ; perimeter
G1 Z99.672 X255.674 Y110.109 E27.07526 ; perimeter
G1 Z99.684 X259.214 Y113.589 E26.86503 ; perimeter
G1 Z99.705 X264.791 Y119.891 E45.54304 ; perimeter
G1 Z99.718 X267.812 Y123.829 E26.86085 ; perimeter
G1 Z99.730 X270.646 Y127.952 E27.07607 ; perimeter
G1 Z99.743 X273.260 Y132.218 E27.07679 ; perimeter
G1 Z99.755 X275.648 Y136.615 E27.07899 ; perimeter
G1 Z99.768 X277.801 Y141.131 E27.07555 ; perimeter
G1 Z99.780 X279.701 Y145.717 E26.86473 ; perimeter
G1 Z99.801 X282.371 Y153.697 E45.54020 ; perimeter
G1 Z99.813 X283.614 Y158.503 E26.86543 ; perimeter
G1 Z99.826 X284.611 Y163.406 E27.07758 ; perimeter
G1 Z99.838 X285.351 Y168.354 E27.07590 ; perimeter
G1 Z99.851 X285.827 Y173.295 E26.86400 ; perimeter
G1 Z99.872 X286.047 Y181.707 E45.54047 ; perimeter
G1 Z99.884 X285.830 Y186.666 E26.86330 ; perimeter
G1 Z99.897 X285.355 Y191.607 E26.86348 ; perimeter
G1 Z99.918 X283.972 Y199.868 E45.32990 ; perimeter
G1 Z99.938 X281.875 Y207.977 E45.32883 ; perimeter
G1 Z99.951 X280.300 Y212.685 E26.86710 ; perimeter
G1 Z99.963 X278.466 Y217.340 E27.07713 ; perimeter
G1 Z99.976 X276.392 Y221.892 E27.07150 ; perimeter
G1 Z99.988 X274.100 Y226.295 E26.86379 ; perimeter
G1 Z100.009 X269.703 Y233.470 E45.54179 ; perimeter
G1 Z100.022 X266.820 Y237.511 E26.86478 ; perimeter
G1 Z100.034 X263.706 Y241.427 E27.07677 ; perimeter
G1 Z100.047 X260.391 Y245.174 E27.07538 ; perimeter
G1 Z100.059 X256.884 Y248.742 E27.07550 ; perimeter
G1 Z100.072 X253.195 Y252.123 E27.08108 ; perimeter
G1 Z100.084 X249.365 Y255.280 E26.86148 ; perimeter
G1 Z100.105 X242.514 Y260.167 E45.54337 ; perimeter
G1 Z100.118 X238.282 Y262.760 E26.86041 ; perimeter
G1 Z100.130 X233.919 Y265.129 E26.86829 ; perimeter
G1 Z100.151 X226.298 Y268.602 E45.32491 ; perimeter
G1 Z100.172 X218.402 Y271.398 E45.33236 ; perimeter
G1 Z100.184 X213.619 Y272.725 E26.86289 ; perimeter
G1 Z100.197 X208.734 Y273.808 E27.07904 ; perimeter
G1 Z100.209 X203.800 Y274.633 E27.07302 ; perimeter
G1 Z100.222 X198.829 Y275.200 E27.07699 ; perimeter
G1 Z100.234 X193.835 Y275.505 E27.07739 ; perimeter
G1 Z100.247 X188.832 Y275.549 E27.07679 ; perimeter
G1 Z100.259 X183.834 Y275.331 E27.07440 ; perimeter
G1 Z100.272 X178.893 Y274.855 E26.86400 ; perimeter
G1 Z100.293 X170.593 Y273.466 E45.54342 ; perimeter
G1 Z100.305 X165.766 Y272.307 E26.86572 ; perimeter
G1 Z100.317 X161.007 Y270.897 E26.86197 ; perimeter
G1 Z100.338 X153.125 Y267.950 E45.54059 ; perimeter
G1 Z100.351 X148.608 Y265.892 E26.86323 ; perimeter
G1 Z100.363 X144.205 Y263.600 E26.86379 ; perimeter
G1 Z100.384 X137.030 Y259.203 E45.54179 ; perimeter
G1 Z100.397 X132.989 Y256.320 E26.86471 ; perimeter
G1 Z100.409 X129.073 Y253.206 E27.07684 ; perimeter
G1 Z100.422 X125.326 Y249.891 E27.07532 ; perimeter
G1 Z100.434 X121.786 Y246.411 E26.86506 ; perimeter
G1 Z100.455 X116.209 Y240.109 E45.54304 ; perimeter
G1 Z100.468 X113.188 Y236.171 E26.86085 ; perimeter
G1 Z100.480 X110.354 Y232.048 E27.07610 ; perimeter
G1 Z100.493 X107.740 Y227.782 E27.07668 ; perimeter
G1 Z100.500 X106.315 Y225.158 E16.15976 ; perimeter
;LAYER_CHANGE
;Z:102
;HEIGHT:1.5
G1 Z100.500 F960 ; simple layer change
G1 F2400
G1 Z100.505 X105.371 Y223.419 E10.70853 ; perimeter
G1 Z100.526 X101.882 Y215.762 E45.53819 ; perimeter
G1 Z100.538 X100.143 Y211.112 E26.86750 ; perimeter
G1 Z100.551 X98.639 Y206.341 E27.07272 ; perimeter
G1 Z100.563 X97.386 Y201.497 E27.07813 ; perimeter
G1 Z100.576 X96.403 Y196.592 E27.07480 ; perimeter
G1 Z100.588 X95.676 Y191.643 E27.06981 ; perimeter
G1 Z100.601 X95.199 Y186.703 E26.85650 ; perimeter
G1 Z100.622 X94.953 Y178.293 E45.53597 ; perimeter
G1 Z100.634 X95.169 Y173.334 E26.86297 ; perimeter
G1 Z100.647 X95.645 Y168.393 E26.86400 ; perimeter
G1 Z100.668 X97.034 Y160.093 E45.54334 ; perimeter
G1 Z100.680 X98.193 Y155.266 E26.86580 ; perimeter
G1 Z100.692 X99.603 Y150.507 E26.86188 ; perimeter
G1 Z100.713 X102.550 Y142.625 E45.54068 ; perimeter
G1 Z100.726 X104.608 Y138.108 E26.86323 ; perimeter
G1 Z100.738 X106.918 Y133.670 E27.07678 ; perimeter
G1 Z100.751 X109.461 Y129.354 E27.11070 ; perimeter
G1 Z100.772 X114.174 Y122.496 E45.03436 ; perimeter
G1 Z100.784 X117.294 Y118.573 E27.12675 ; perimeter
G1 Z100.797 X120.609 Y114.826 E27.07532 ; perimeter
G1 Z100.809 X124.089 Y111.286 E26.86500 ; perimeter
G1 Z100.830 X130.391 Y105.709 E45.54308 ; perimeter
G1 Z100.843 X134.329 Y102.688 E26.86085 ; perimeter
G1 Z100.855 X138.452 Y99.854 E27.07610 ; perimeter
G1 Z100.868 X142.724 Y97.236 E27.11570 ; perimeter
G1 Z100.878 X146.482 Y95.182 E23.17996 ; perimeter
G1 Z100.888 X150.105 Y93.394 E21.86265 ; perimeter
G1 Z100.901 X154.701 Y91.395 E27.12395 ; perimeter
G1 Z100.913 X159.388 Y89.643 E27.07975 ; perimeter
G1 Z100.926 X164.122 Y88.150 E26.86386 ; perimeter
G1 Z100.947 X172.304 Y86.186 E45.53799 ; perimeter
G1 Z100.959 X177.200 Y85.367 E26.86484 ; perimeter
G1 Z100.972 X182.171 Y84.800 E27.07698 ; perimeter
G1 Z100.984 X187.171 Y84.495 E27.10979 ; perimeter
G1 Z101.005 X195.492 Y84.567 E45.03411 ; perimeter
G1 Z101.018 X200.489 Y84.960 E27.12677 ; perimeter
G1 Z101.030 X205.449 Y85.613 E27.07466 ; perimeter
G1 Z101.043 X210.369 Y86.525 E27.08006 ; perimeter
G1 Z101.055 X215.234 Y87.693 E27.07705 ; perimeter
G1 Z101.067 X219.993 Y89.103 E26.86206 ; perimeter
G1 Z101.088 X227.875 Y92.050 E45.54058 ; perimeter
G1 Z101.101 X232.392 Y94.108 E26.86324 ; perimeter
G1 Z101.113 X236.791 Y96.407 E26.86208 ; perimeter
G1 Z101.134 X243.970 Y100.797 E45.54040 ; perimeter
G1 Z101.147 X248.011 Y103.680 E26.86477 ; perimeter
G1 Z101.159 X251.927 Y106.794 E27.07681 ; perimeter
G1 Z101.172 X255.674 Y110.109 E27.07537 ; perimeter
G1 Z101.184 X259.214 Y113.589 E26.86503 ; perimeter
G1 Z101.205 X264.791 Y119.891 E45.54290 ; perimeter
G1 Z101.218 X267.812 Y123.829 E26.86095 ; perimeter
G1 Z101.230 X270.646 Y127.952 E27.07614 ; perimeter
G1 Z101.243 X273.260 Y132.218 E27.07668 ; perimeter
G1 Z101.255 X275.648 Y136.615 E27.07906 ; perimeter
G1 Z101.268 X277.801 Y141.131 E27.07555 ; perimeter
G1 Z101.280 X279.701 Y145.717 E26.86473 ; perimeter
G1 Z101.301 X282.371 Y153.697 E45.54020 ; perimeter
G1 Z101.313 X283.614 Y158.503 E26.86543 ; perimeter
G1 Z101.326 X284.611 Y163.406 E27.07758 ; perimeter
G1 Z101.338 X285.351 Y168.354 E27.07590 ; perimeter
G1 Z101.351 X285.827 Y173.295 E26.86400 ; perimeter
G1 Z101.372 X286.047 Y181.707 E45.54047 ; perimeter
G1 Z101.384 X285.830 Y186.666 E26.86330 ; perimeter
G1 Z101.397 X285.355 Y191.607 E26.86348 ; perimeter
G1 Z101.418 X283.972 Y199.868 E45.32990 ; perimeter
G1 Z101.438 X281.875 Y207.977 E45.32876 ; perimeter
G1 Z101.451 X280.300 Y212.685 E26.86718 ; perimeter
G1 Z101.463 X278.466 Y217.340 E27.07713 ; perimeter
G1 Z101.476 X276.392 Y221.892 E27.07150 ; perimeter
G1 Z101.488 X274.100 Y226.295 E26.86386 ; perimeter
G1 Z101.509 X269.703 Y233.470 E45.54172 ; perimeter
G1 Z101.522 X266.820 Y237.511 E26.86471 ; perimeter
G1 Z101.534 X263.706 Y241.427 E27.07684 ; perimeter
G1 Z101.547 X260.391 Y245.174 E27.07532 ; perimeter
G1 Z101.559 X256.884 Y248.742 E27.07556 ; perimeter
G1 Z101.572 X253.195 Y252.123 E27.08102 ; perimeter
G1 Z101.584 X249.365 Y255.280 E26.86165 ; perimeter
G1 Z101.605 X242.514 Y260.167 E45.54324 ; perimeter
G1 Z101.618 X238.282 Y262.760 E26.86041 ; perimeter
G1 Z101.630 X233.919 Y265.129 E26.86829 ; perimeter
G1 Z101.651 X226.298 Y268.602 E45.32491 ; perimeter
G1 Z101.672 X218.402 Y271.398 E45.33236 ; perimeter
G1 Z101.684 X213.619 Y272.725 E26.86281 ; perimeter
G1 Z101.697 X208.734 Y273.808 E27.07904 ; perimeter
G1 Z101.709 X203.800 Y274.633 E27.07310 ; perimeter
G1 Z101.722 X198.829 Y275.200 E27.07699 ; perimeter
G1 Z101.734 X193.835 Y275.505 E27.07739 ; perimeter
G1 Z101.747 X188.832 Y275.549 E27.07679 ; perimeter
G1 Z101.759 X183.834 Y275.331 E27.07440 ; perimeter
G1 Z101.772 X178.893 Y274.855 E26.86400 ; perimeter
G1 Z101.793 X170.593 Y273.466 E45.54342 ; perimeter
G1 Z101.805 X165.766 Y272.307 E26.86572 ; perimeter
G1 Z101.817 X161.007 Y270.897 E26.86189 ; perimeter
G1 Z101.838 X153.125 Y267.950 E45.54066 ; perimeter
G1 Z101.851 X148.608 Y265.892 E26.86323 ; perimeter
G1 Z101.863 X144.205 Y263.600 E26.86379 ; perimeter
G1 Z101.884 X137.030 Y259.203 E45.54179 ; perimeter
G1 Z101.897 X132.989 Y256.320 E26.86471 ; perimeter
G1 Z101.909 X129.073 Y253.206 E27.07684 ; perimeter
G1 Z101.922 X125.326 Y249.891 E27.07532 ; perimeter
G1 Z101.934 X121.786 Y246.411 E26.86506 ; perimeter
G1 Z101.955 X116.209 Y240.109 E45.54304 ; perimeter
G1 Z101.968 X113.188 Y236.171 E26.86085 ; perimeter
G1 Z101.980 X110.354 Y232.048 E27.07610 ; perimeter
G1 Z101.993 X107.740 Y227.782 E27.07668 ; perimeter
G1 Z102.000 X106.315 Y225.158 E16.15976 ; perimeter
;LAYER_CHANGE
;Z:103.5
;HEIGHT:1.5
G1 Z102.000 F960 ; simple layer change
G1 F2400
G1 Z102.005 X105.371 Y223.419 E10.70853 ; perimeter
G1 Z102.026 X101.882 Y215.762 E45.53817 ; perimeter
G1 Z102.038 X100.143 Y211.112 E26.86750 ; perimeter
G1 Z102.051 X98.639 Y206.341 E27.07273 ; perimeter
G1 Z102.063 X97.386 Y201.497 E27.07808 ; perimeter
G1 Z102.076 X96.389 Y196.594 E27.07758 ; perimeter
G1 Z102.088 X95.649 Y191.646 E27.07582 ; perimeter
G1 Z102.101 X95.173 Y186.705 E26.86408 ; perimeter
G1 Z102.122 X94.953 Y178.293 E45.54047 ; perimeter
G1 Z102.134 X95.169 Y173.334 E26.86306 ; perimeter
G1 Z102.147 X95.645 Y168.393 E26.86401 ; perimeter
G1 Z102.168 X97.034 Y160.093 E45.54342 ; perimeter
G1 Z102.180 X98.193 Y155.266 E26.86572 ; perimeter
G1 Z102.192 X99.603 Y150.507 E26.86190 ; perimeter
G1 Z102.213 X102.550 Y142.625 E45.54065 ; perimeter
G1 Z102.226 X104.608 Y138.108 E26.86323 ; perimeter
G1 Z102.238 X106.918 Y133.670 E27.07678 ; perimeter
G1 Z102.251 X109.461 Y129.354 E27.11073 ; perimeter
G1 Z102.272 X114.174 Y122.496 E45.03416 ; perimeter
G1 Z102.284 X117.294 Y118.573 E27.12675 ; perimeter
G1 Z102.297 X120.609 Y114.826 E27.07529 ; perimeter
G1 Z102.309 X124.089 Y111.286 E26.86506 ; perimeter
G1 Z102.330 X130.391 Y105.709 E45.54304 ; perimeter
G1 Z102.343 X134.329 Y102.688 E26.86085 ; perimeter
G1 Z102.355 X138.452 Y99.854 E27.07610 ; perimeter
G1 Z102.368 X142.724 Y97.236 E27.11570 ; perimeter
G1 Z102.378 X146.495 Y95.175 E23.25746 ; perimeter
G1 Z102.388 X150.105 Y93.394 E21.78522 ; perimeter
G1 Z102.401 X154.701 Y91.395 E27.12395 ; perimeter
G1 Z102.413 X159.388 Y89.643 E27.07975 ; perimeter
G1 Z102.426 X164.122 Y88.150 E26.86386 ; perimeter
G1 Z102.447 X172.304 Y86.186 E45.53799 ; perimeter
G1 Z102.459 X177.200 Y85.367 E26.86483 ; perimeter
G1 Z102.472 X182.171 Y84.800 E27.07699 ; perimeter
G1 Z102.484 X187.171 Y84.495 E27.10972 ; perimeter
G1 Z102.505 X195.492 Y84.567 E45.03419 ; perimeter
G1 Z102.518 X200.489 Y84.960 E27.12669 ; perimeter
G1 Z102.530 X205.449 Y85.613 E27.07474 ; perimeter
G1 Z102.543 X210.369 Y86.525 E27.08006 ; perimeter
G1 Z102.555 X215.234 Y87.693 E27.07722 ; perimeter
G1 Z102.567 X219.993 Y89.103 E26.86181 ; perimeter
G1 Z102.588 X227.875 Y92.050 E45.54066 ; perimeter
G1 Z102.601 X232.398 Y94.111 E26.89957 ; perimeter
G1 Z102.612 X236.213 Y96.091 E23.26085 ; perimeter
G1 Z102.622 X239.683 Y98.126 E21.77285 ; perimeter
G1 Z102.634 X243.937 Y100.775 E27.12084 ; perimeter
G1 Z102.647 X248.011 Y103.680 E27.07745 ; perimeter
G1 Z102.659 X251.927 Y106.794 E27.07675 ; perimeter
G1 Z102.672 X255.674 Y110.109 E27.07523 ; perimeter
G1 Z102.684 X259.214 Y113.589 E26.86512 ; perimeter
G1 Z102.705 X264.791 Y119.891 E45.54304 ; perimeter
G1 Z102.718 X267.812 Y123.829 E26.86088 ; perimeter
G1 Z102.730 X270.646 Y127.952 E27.07610 ; perimeter
G1 Z102.743 X273.260 Y132.218 E27.07675 ; perimeter
G1 Z102.755 X275.648 Y136.615 E27.07899 ; perimeter
G1 Z102.768 X277.801 Y141.131 E27.07555 ; perimeter
G1 Z102.780 X279.701 Y145.717 E26.86473 ; perimeter
G1 Z102.801 X282.371 Y153.697 E45.54020 ; perimeter
G1 Z102.813 X283.614 Y158.503 E26.86543 ; perimeter
G1 Z102.826 X284.611 Y163.406 E27.07758 ; perimeter
G1 Z102.838 X285.351 Y168.354 E27.07590 ; perimeter
G1 Z102.851 X285.827 Y173.295 E26.86400 ; perimeter
G1 Z102.872 X286.047 Y181.707 E45.54047 ; perimeter
G1 Z102.884 X285.830 Y186.666 E26.86330 ; perimeter
G1 Z102.897 X285.355 Y191.607 E26.86348 ; perimeter
G1 Z102.918 X283.972 Y199.868 E45.32990 ; perimeter
G1 Z102.938 X281.875 Y207.977 E45.32876 ; perimeter
G1 Z102.951 X280.300 Y212.685 E26.86718 ; perimeter
G1 Z102.963 X278.466 Y217.340 E27.07713 ; perimeter
G1 Z102.976 X276.392 Y221.892 E27.07150 ; perimeter
G1 Z102.988 X274.100 Y226.295 E26.86386 ; perimeter
G1 Z103.009 X269.703 Y233.470 E45.54172 ; perimeter
G1 Z103.022 X266.820 Y237.511 E26.86471 ; perimeter
G1 Z103.034 X263.706 Y241.427 E27.07684 ; perimeter
G1 Z103.047 X260.391 Y245.174 E27.07526 ; perimeter
G1 Z103.059 X256.884 Y248.742 E27.07562 ; perimeter
G1 Z103.072 X253.195 Y252.123 E27.08108 ; perimeter
G1 Z103.084 X249.365 Y255.280 E26.86154 ; perimeter
G1 Z103.105 X242.514 Y260.167 E45.54331 ; perimeter
G1 Z103.118 X238.282 Y262.760 E26.86041 ; perimeter
G1 Z103.130 X233.919 Y265.129 E26.86829 ; perimeter
G1 Z103.151 X226.298 Y268.602 E45.32491 ; perimeter
G1 Z103.172 X218.402 Y271.398 E45.33236 ; perimeter
G1 Z103.184 X213.619 Y272.725 E26.86281 ; perimeter
G1 Z103.197 X208.734 Y273.808 E27.07904 ; perimeter
G1 Z103.209 X203.800 Y274.633 E27.07310 ; perimeter
G1 Z103.222 X198.829 Y275.200 E27.07707 ; perimeter
G1 Z103.234 X193.835 Y275.505 E27.07731 ; perimeter
G1 Z103.247 X188.832 Y275.549 E27.07679 ; perimeter
G1 Z103.259 X183.834 Y275.331 E27.07440 ; perimeter
G1 Z103.272 X178.893 Y274.855 E26.86400 ; perimeter
G1 Z103.293 X170.593 Y273.466 E45.54342 ; perimeter
G1 Z103.305 X165.766 Y272.307 E26.86572 ; perimeter
G1 Z103.317 X161.007 Y270.897 E26.86189 ; perimeter
G1 Z103.338 X153.125 Y267.950 E45.54066 ; perimeter
G1 Z103.351 X148.608 Y265.892 E26.86323 ; perimeter
G1 Z103.363 X144.205 Y263.600 E26.86379 ; perimeter
G1 Z103.384 X137.030 Y259.203 E45.54179 ; perimeter
G1 Z103.397 X132.989 Y256.320 E26.86471 ; perimeter
G1 Z103.409 X129.073 Y253.206 E27.07684 ; perimeter
G1 Z103.422 X125.326 Y249.891 E27.07532 ; perimeter
G1 Z103.434 X121.786 Y246.411 E26.86506 ; perimeter
G1 Z103.455 X116.209 Y240.109 E45.54304 ; perimeter
G1 Z103.468 X113.188 Y236.171 E26.86085 ; perimeter
G1 Z103.480 X110.354 Y232.048 E27.07610 ; perimeter
G1 Z103.493 X107.740 Y227.782 E27.07668 ; perimeter
G1 Z103.500 X106.315 Y225.158 E16.15976 ; perimeter
;LAYER_CHANGE
;Z:105
;HEIGHT:1.5
G1 Z103.500 F960 ; simple layer change
G1 F2400
G1 Z103.505 X105.371 Y223.419 E10.70853 ; perimeter
G1 Z103.526 X101.882 Y215.762 E45.53817 ; perimeter
G1 Z103.538 X100.143 Y211.112 E26.86750 ; perimeter
G1 Z103.551 X98.639 Y206.341 E27.07273 ; perimeter
G1 Z103.563 X97.385 Y201.491 E27.11198 ; perimeter
G1 Z103.574 X96.525 Y197.265 E23.34073 ; perimeter
G1 Z103.584 X95.895 Y193.305 E21.69857 ; perimeter
G1 Z103.597 X95.327 Y188.326 E27.11813 ; perimeter
G1 Z103.609 X95.078 Y183.333 E27.05814 ; perimeter
G1 Z103.622 X94.954 Y178.332 E27.07281 ; perimeter
G1 Z103.634 X95.169 Y173.334 E27.07334 ; perimeter
G1 Z103.647 X95.645 Y168.393 E26.86408 ; perimeter
G1 Z103.668 X97.034 Y160.093 E45.54343 ; perimeter
G1 Z103.680 X98.193 Y155.266 E26.86563 ; perimeter
G1 Z103.692 X99.603 Y150.507 E26.86190 ; perimeter
G1 Z103.713 X102.550 Y142.625 E45.54066 ; perimeter
G1 Z103.726 X104.608 Y138.108 E26.86323 ; perimeter
G1 Z103.738 X106.918 Y133.670 E27.07678 ; perimeter
G1 Z103.751 X109.461 Y129.354 E27.11071 ; perimeter
G1 Z103.772 X114.174 Y122.496 E45.03419 ; perimeter
G1 Z103.784 X117.294 Y118.573 E27.12672 ; perimeter
G1 Z103.797 X120.609 Y114.826 E27.07532 ; perimeter
G1 Z103.809 X124.089 Y111.286 E26.86509 ; perimeter
G1 Z103.830 X130.391 Y105.709 E45.54301 ; perimeter
G1 Z103.843 X134.329 Y102.688 E26.86085 ; perimeter
G1 Z103.855 X138.452 Y99.854 E27.07610 ; perimeter
G1 Z103.868 X142.724 Y97.236 E27.11570 ; perimeter
G1 Z103.878 X146.508 Y95.168 E23.33720 ; perimeter
G1 Z103.888 X150.104 Y93.394 E21.70055 ; perimeter
G1 Z103.901 X154.701 Y91.395 E27.12879 ; perimeter
G1 Z103.913 X159.388 Y89.643 E27.07978 ; perimeter
G1 Z103.926 X164.122 Y88.150 E26.86378 ; perimeter
G1 Z103.947 X172.304 Y86.186 E45.53798 ; perimeter
G1 Z103.959 X177.200 Y85.367 E26.86499 ; perimeter
G1 Z103.972 X182.171 Y84.800 E27.07691 ; perimeter
G1 Z103.984 X187.171 Y84.495 E27.10980 ; perimeter
G1 Z104.005 X195.492 Y84.567 E45.03411 ; perimeter
G1 Z104.018 X200.489 Y84.960 E27.12669 ; perimeter
G1 Z104.030 X205.449 Y85.613 E27.07474 ; perimeter
G1 Z104.043 X210.369 Y86.525 E27.08006 ; perimeter
G1 Z104.055 X215.234 Y87.693 E27.07714 ; perimeter
G1 Z104.067 X219.993 Y89.103 E26.86181 ; perimeter
G1 Z104.088 X227.875 Y92.050 E45.54074 ; perimeter
G1 Z104.101 X232.392 Y94.108 E26.86324 ; perimeter
G1 Z104.113 X236.791 Y96.407 E26.86210 ; perimeter
G1 Z104.134 X243.970 Y100.797 E45.54041 ; perimeter
G1 Z104.147 X248.011 Y103.680 E26.86486 ; perimeter
G1 Z104.159 X251.927 Y106.794 E27.07675 ; perimeter
G1 Z104.172 X255.674 Y110.109 E27.07523 ; perimeter
G1 Z104.184 X259.214 Y113.589 E26.86512 ; perimeter
G1 Z104.205 X264.791 Y119.891 E45.54307 ; perimeter
G1 Z104.218 X267.812 Y123.829 E26.86088 ; perimeter
G1 Z104.230 X270.646 Y127.952 E27.07610 ; perimeter
G1 Z104.243 X273.260 Y132.218 E27.07664 ; perimeter
G1 Z104.255 X275.648 Y136.615 E27.07906 ; perimeter
G1 Z104.268 X277.801 Y141.131 E27.07555 ; perimeter
G1 Z104.280 X279.701 Y145.717 E26.86473 ; perimeter
G1 Z104.301 X282.371 Y153.697 E45.54020 ; perimeter
G1 Z104.313 X283.614 Y158.503 E26.86543 ; perimeter
G1 Z104.326 X284.611 Y163.406 E27.07758 ; perimeter
G1 Z104.338 X285.351 Y168.354 E27.07590 ; perimeter
G1 Z104.351 X285.827 Y173.295 E26.86400 ; perimeter
G1 Z104.372 X286.047 Y181.707 E45.54047 ; perimeter
G1 Z104.384 X285.830 Y186.666 E26.86330 ; perimeter
G1 Z104.397 X285.355 Y191.607 E26.86348 ; perimeter
G1 Z104.418 X283.972 Y199.868 E45.32990 ; perimeter
G1 Z104.438 X281.875 Y207.977 E45.32876 ; perimeter
G1 Z104.451 X280.300 Y212.685 E26.86718 ; perimeter
G1 Z104.463 X278.466 Y217.340 E27.07713 ; perimeter
G1 Z104.476 X276.392 Y221.892 E27.07150 ; perimeter
G1 Z104.488 X274.100 Y226.295 E26.86372 ; perimeter
G1 Z104.509 X269.703 Y233.470 E45.54187 ; perimeter
G1 Z104.522 X266.820 Y237.511 E26.86471 ; perimeter
G1 Z104.534 X263.706 Y241.427 E27.07684 ; perimeter
G1 Z104.547 X260.391 Y245.174 E27.07526 ; perimeter
G1 Z104.559 X256.884 Y248.742 E27.07562 ; perimeter
G1 Z104.572 X253.195 Y252.123 E27.08108 ; perimeter
G1 Z104.584 X249.365 Y255.280 E26.86154 ; perimeter
G1 Z104.605 X242.514 Y260.167 E45.54331 ; perimeter
G1 Z104.618 X238.282 Y262.760 E26.86041 ; perimeter
G1 Z104.630 X233.919 Y265.129 E26.86829 ; perimeter
G1 Z104.651 X226.298 Y268.602 E45.32491 ; perimeter
G1 Z104.672 X218.402 Y271.398 E45.33236 ; perimeter
G1 Z104.684 X213.619 Y272.725 E26.86289 ; perimeter
G1 Z104.697 X208.734 Y273.808 E27.07904 ; perimeter
G1 Z104.709 X203.800 Y274.633 E27.07294 ; perimeter
G1 Z104.722 X198.829 Y275.200 E27.07707 ; perimeter
G1 Z104.734 X193.835 Y275.505 E27.07739 ; perimeter
G1 Z104.747 X188.832 Y275.549 E27.07679 ; perimeter
G1 Z104.759 X183.834 Y275.331 E27.07440 ; perimeter
G1 Z104.772 X178.893 Y274.855 E26.86400 ; perimeter
G1 Z104.793 X170.593 Y273.466 E45.54342 ; perimeter
G1 Z104.805 X165.766 Y272.307 E26.86564 ; perimeter
G1 Z104.817 X161.007 Y270.897 E26.86197 ; perimeter
G1 Z104.838 X153.125 Y267.950 E45.54066 ; perimeter
G1 Z104.851 X148.608 Y265.892 E26.86323 ; perimeter
G1 Z104.863 X144.205 Y263.600 E26.86379 ; perimeter
G1 Z104.884 X137.030 Y259.203 E45.54179 ; perimeter
G1 Z104.897 X132.989 Y256.320 E26.86471 ; perimeter
G1 Z104.909 X129.073 Y253.206 E27.07684 ; perimeter
G1 Z104.922 X125.326 Y249.891 E27.07532 ; perimeter
G1 Z104.934 X121.786 Y246.411 E26.86506 ; perimeter
G1 Z104.955 X116.209 Y240.109 E45.54304 ; perimeter
G1 Z104.968 X113.188 Y236.171 E26.86085 ; perimeter
G1 Z104.980 X110.354 Y232.048 E27.07610 ; perimeter
G1 Z104.993 X107.740 Y227.782 E27.07668 ; perimeter
G1 Z105.000 X106.315 Y225.158 E16.15976 ; perimeter
;LAYER_CHANGE
;Z:106.5
;HEIGHT:1.5
G1 Z105.000 F960 ; simple layer change
G1 F2400
G1 Z105.005 X105.371 Y223.419 E10.70853 ; perimeter
G1 Z105.026 X101.882 Y215.762 E45.53817 ; perimeter
G1 Z105.038 X100.143 Y211.112 E26.86759 ; perimeter
G1 Z105.051 X98.639 Y206.341 E27.07264 ; perimeter
G1 Z105.063 X97.384 Y201.491 E27.11224 ; perimeter
G1 Z105.074 X96.511 Y197.253 E23.41812 ; perimeter
G1 Z105.084 X95.868 Y193.310 E21.62017 ; perimeter
G1 Z105.097 X95.300 Y188.329 E27.13123 ; perimeter
G1 Z105.109 X94.995 Y183.335 E27.07747 ; perimeter
G1 Z105.122 X94.951 Y178.332 E27.07679 ; perimeter
G1 Z105.134 X95.169 Y173.334 E27.07432 ; perimeter
G1 Z105.147 X95.645 Y168.393 E26.86408 ; perimeter
G1 Z105.168 X97.034 Y160.093 E45.54342 ; perimeter
G1 Z105.180 X98.193 Y155.266 E26.86573 ; perimeter
G1 Z105.192 X99.603 Y150.507 E26.86188 ; perimeter
G1 Z105.213 X102.550 Y142.625 E45.54066 ; perimeter
G1 Z105.226 X104.608 Y138.108 E26.86323 ; perimeter
G1 Z105.238 X106.918 Y133.670 E27.07678 ; perimeter
G1 Z105.251 X109.461 Y129.354 E27.11071 ; perimeter
G1 Z105.272 X114.174 Y122.496 E45.03421 ; perimeter
G1 Z105.284 X117.294 Y118.573 E27.12672 ; perimeter
G1 Z105.297 X120.609 Y114.826 E27.07532 ; perimeter
G1 Z105.309 X124.089 Y111.286 E26.86503 ; perimeter
G1 Z105.330 X130.391 Y105.709 E45.54304 ; perimeter
G1 Z105.343 X134.329 Y102.688 E26.86085 ; perimeter
G1 Z105.355 X138.452 Y99.854 E27.07610 ; perimeter
G1 Z105.368 X142.724 Y97.236 E27.11285 ; perimeter
G1 Z105.378 X146.521 Y95.161 E23.41990 ; perimeter
G1 Z105.388 X150.104 Y93.394 E21.62066 ; perimeter
G1 Z105.401 X154.701 Y91.395 E27.12891 ; perimeter
G1 Z105.413 X159.388 Y89.643 E27.07977 ; perimeter
G1 Z105.426 X164.122 Y88.150 E26.86386 ; perimeter
G1 Z105.447 X172.304 Y86.186 E45.53799 ; perimeter
G1 Z105.459 X177.200 Y85.367 E26.86482 ; perimeter
G1 Z105.472 X182.171 Y84.800 E27.07700 ; perimeter
G1 Z105.484 X187.171 Y84.495 E27.10980 ; perimeter
G1 Z105.505 X195.492 Y84.567 E45.03411 ; perimeter
G1 Z105.518 X200.489 Y84.960 E27.12668 ; perimeter
G1 Z105.530 X205.449 Y85.613 E27.07475 ; perimeter
G1 Z105.543 X210.369 Y86.525 E27.08022 ; perimeter
G1 Z105.555 X215.234 Y87.693 E27.07697 ; perimeter
G1 Z105.567 X219.993 Y89.103 E26.86190 ; perimeter
G1 Z105.588 X227.875 Y92.050 E45.54066 ; perimeter
G1 Z105.601 X232.398 Y94.111 E26.89955 ; perimeter
G1 Z105.612 X236.239 Y96.105 E23.42063 ; perimeter
G1 Z105.622 X239.683 Y98.126 E21.61324 ; perimeter
G1 Z105.634 X243.937 Y100.775 E27.12084 ; perimeter
G1 Z105.647 X248.011 Y103.680 E27.07745 ; perimeter
G1 Z105.659 X251.927 Y106.794 E27.07684 ; perimeter
G1 Z105.672 X255.674 Y110.109 E27.07526 ; perimeter
G1 Z105.684 X259.214 Y113.589 E26.86503 ; perimeter
G1 Z105.705 X264.791 Y119.891 E45.54304 ; perimeter
G1 Z105.718 X267.812 Y123.829 E26.86085 ; perimeter
G1 Z105.730 X270.646 Y127.952 E27.07607 ; perimeter
G1 Z105.743 X273.260 Y132.218 E27.07679 ; perimeter
G1 Z105.755 X275.648 Y136.615 E27.07899 ; perimeter
G1 Z105.768 X277.801 Y141.131 E27.07555 ; perimeter
G1 Z105.780 X279.701 Y145.717 E26.86473 ; perimeter
G1 Z105.801 X282.371 Y153.697 E45.54020 ; perimeter
G1 Z105.813 X283.614 Y158.503 E26.86543 ; perimeter
G1 Z105.826 X284.611 Y163.406 E27.07758 ; perimeter
G1 Z105.838 X285.351 Y168.354 E27.07590 ; perimeter
G1 Z105.851 X285.827 Y173.295 E26.86400 ; perimeter
G1 Z105.872 X286.047 Y181.707 E45.54047 ; perimeter
G1 Z105.884 X285.830 Y186.666 E26.86330 ; perimeter
G1 Z105.897 X285.355 Y191.607 E26.86348 ; perimeter
G1 Z105.918 X283.972 Y199.868 E45.32990 ; perimeter
G1 Z105.938 X281.875 Y207.977 E45.32876 ; perimeter
G1 Z105.951 X280.300 Y212.685 E26.86718 ; perimeter
G1 Z105.963 X278.466 Y217.340 E27.07713 ; perimeter
G1 Z105.976 X276.392 Y221.892 E27.07150 ; perimeter
G1 Z105.988 X274.100 Y226.295 E26.86379 ; perimeter
G1 Z106.009 X269.703 Y233.470 E45.54179 ; perimeter
G1 Z106.022 X266.820 Y237.511 E26.86478 ; perimeter
G1 Z106.034 X263.706 Y241.427 E27.07677 ; perimeter
G1 Z106.047 X260.391 Y245.174 E27.07538 ; perimeter
G1 Z106.059 X256.884 Y248.742 E27.07550 ; perimeter
G1 Z106.072 X253.195 Y252.123 E27.08108 ; perimeter
G1 Z106.084 X249.365 Y255.280 E26.86148 ; perimeter
G1 Z106.105 X242.514 Y260.167 E45.54337 ; perimeter
G1 Z106.118 X238.282 Y262.760 E26.86041 ; perimeter
G1 Z106.130 X233.919 Y265.129 E26.86829 ; perimeter
G1 Z106.151 X226.298 Y268.602 E45.32491 ; perimeter
G1 Z106.172 X218.402 Y271.398 E45.33236 ; perimeter
G1 Z106.184 X213.619 Y272.725 E26.86289 ; perimeter
G1 Z106.197 X208.734 Y273.808 E27.07904 ; perimeter
G1 Z106.209 X203.800 Y274.633 E27.07310 ; perimeter
G1 Z106.222 X198.829 Y275.200 E27.07691 ; perimeter
G1 Z106.234 X193.835 Y275.505 E27.07739 ; perimeter
G1 Z106.247 X188.832 Y275.549 E27.07679 ; perimeter
G1 Z106.259 X183.834 Y275.331 E27.07440 ; perimeter
G1 Z106.272 X178.893 Y274.855 E26.86400 ; perimeter
G1 Z106.293 X170.593 Y273.466 E45.54342 ; perimeter
G1 Z106.305 X165.766 Y272.307 E26.86572 ; perimeter
G1 Z106.317 X161.007 Y270.897 E26.86189 ; perimeter
G1 Z106.338 X153.125 Y267.950 E45.54066 ; perimeter
G1 Z106.351 X148.608 Y265.892 E26.86323 ; perimeter
G1 Z106.363 X144.205 Y263.600 E26.86379 ; perimeter
G1 Z106.384 X137.030 Y259.203 E45.54179 ; perimeter
G1 Z106.397 X132.989 Y256.320 E26.86471 ; perimeter
G1 Z106.409 X129.073 Y253.206 E27.07684 ; perimeter
G1 Z106.422 X125.326 Y249.891 E27.07532 ; perimeter
G1 Z106.434 X121.786 Y246.411 E26.86506 ; perimeter
G1 Z106.455 X116.209 Y240.109 E45.54304 ; perimeter
G1 Z106.468 X113.188 Y236.171 E26.86085 ; perimeter
G1 Z106.480 X110.354 Y232.048 E27.07610 ; perimeter
G1 Z106.493 X107.740 Y227.782 E27.07668 ; perimeter
G1 Z106.500 X106.315 Y225.158 E16.15976 ; perimeter
;LAYER_CHANGE
;Z:108
;HEIGHT:1.5
G1 Z106.500 F960 ; simple layer change
G1 F2400
G1 Z106.505 X105.371 Y223.419 E10.70853 ; perimeter
G1 Z106.526 X101.882 Y215.762 E45.53812 ; perimeter
G1 Z106.538 X100.143 Y211.112 E26.86757 ; perimeter
G1 Z106.551 X98.639 Y206.341 E27.07273 ; perimeter
G1 Z106.563 X97.386 Y201.497 E27.07815 ; perimeter
G1 Z106.576 X96.402 Y196.592 E27.07499 ; perimeter
G1 Z106.588 X95.676 Y191.643 E27.06996 ; perimeter
G1 Z106.601 X95.199 Y186.703 E26.85654 ; perimeter
G1 Z106.622 X94.953 Y178.293 E45.53580 ; perimeter
G1 Z106.634 X95.169 Y173.334 E26.86312 ; perimeter
G1 Z106.647 X95.645 Y168.393 E26.86400 ; perimeter
G1 Z106.668 X97.034 Y160.093 E45.54342 ; perimeter
G1 Z106.680 X98.193 Y155.266 E26.86580 ; perimeter
G1 Z106.692 X99.603 Y150.507 E26.86189 ; perimeter
G1 Z106.713 X102.550 Y142.625 E45.54060 ; perimeter
G1 Z106.726 X104.608 Y138.108 E26.86321 ; perimeter
G1 Z106.738 X106.918 Y133.670 E27.07678 ; perimeter
G1 Z106.751 X109.461 Y129.354 E27.11071 ; perimeter
G1 Z106.772 X114.174 Y122.496 E45.03421 ; perimeter
G1 Z106.784 X117.294 Y118.573 E27.12672 ; perimeter
G1 Z106.797 X120.609 Y114.826 E27.07526 ; perimeter
G1 Z106.809 X124.089 Y111.286 E26.86512 ; perimeter
G1 Z106.830 X130.391 Y105.709 E45.54301 ; perimeter
G1 Z106.843 X134.329 Y102.688 E26.86085 ; perimeter
G1 Z106.855 X138.452 Y99.854 E27.07610 ; perimeter
G1 Z106.868 X142.718 Y97.240 E27.07670 ; perimeter
G1 Z106.880 X147.085 Y94.879 E26.86625 ; perimeter
G1 Z106.901 X154.738 Y91.381 E45.53880 ; perimeter
G1 Z106.913 X159.388 Y89.643 E26.86565 ; perimeter
G1 Z106.926 X164.122 Y88.150 E26.86386 ; perimeter
G1 Z106.947 X172.304 Y86.186 E45.53800 ; perimeter
G1 Z106.959 X177.200 Y85.367 E26.86482 ; perimeter
G1 Z106.972 X182.171 Y84.800 E27.07699 ; perimeter
G1 Z106.984 X187.171 Y84.495 E27.10980 ; perimeter
G1 Z107.005 X195.491 Y84.567 E45.02870 ; perimeter
G1 Z107.018 X200.489 Y84.960 E27.13225 ; perimeter
G1 Z107.030 X205.449 Y85.613 E27.07457 ; perimeter
G1 Z107.043 X210.369 Y86.525 E27.08006 ; perimeter
G1 Z107.055 X215.234 Y87.693 E27.07705 ; perimeter
G1 Z107.067 X219.993 Y89.103 E26.86198 ; perimeter
G1 Z107.088 X227.875 Y92.050 E45.54066 ; perimeter
G1 Z107.101 X232.392 Y94.108 E26.86324 ; perimeter
G1 Z107.113 X236.791 Y96.407 E26.86218 ; perimeter
G1 Z107.134 X243.970 Y100.797 E45.54054 ; perimeter
G1 Z107.147 X248.011 Y103.680 E26.86470 ; perimeter
G1 Z107.159 X251.927 Y106.794 E27.07684 ; perimeter
G1 Z107.172 X255.674 Y110.109 E27.07535 ; perimeter
G1 Z107.184 X259.214 Y113.589 E26.86500 ; perimeter
G1 Z107.205 X264.791 Y119.891 E45.54307 ; perimeter
G1 Z107.218 X267.812 Y123.829 E26.86082 ; perimeter
G1 Z107.230 X270.646 Y127.952 E27.07617 ; perimeter
G1 Z107.243 X273.260 Y132.218 E27.07672 ; perimeter
G1 Z107.255 X275.648 Y136.615 E27.07899 ; perimeter
G1 Z107.268 X277.801 Y141.131 E27.07555 ; perimeter
G1 Z107.280 X279.701 Y145.717 E26.86473 ; perimeter
G1 Z107.301 X282.371 Y153.697 E45.54020 ; perimeter
G1 Z107.313 X283.614 Y158.503 E26.86543 ; perimeter
G1 Z107.326 X284.611 Y163.406 E27.07758 ; perimeter
G1 Z107.338 X285.351 Y168.354 E27.07590 ; perimeter
G1 Z107.351 X285.827 Y173.295 E26.86400 ; perimeter
G1 Z107.372 X286.047 Y181.707 E45.54047 ; perimeter
G1 Z107.384 X285.830 Y186.666 E26.86330 ; perimeter
G1 Z107.397 X285.355 Y191.607 E26.86348 ; perimeter
G1 Z107.418 X283.972 Y199.868 E45.32990 ; perimeter
G1 Z107.438 X281.875 Y207.977 E45.32876 ; perimeter
G1 Z107.451 X280.300 Y212.685 E26.86718 ; perimeter
G1 Z107.463 X278.466 Y217.340 E27.07713 ; perimeter
G1 Z107.476 X276.392 Y221.892 E27.07150 ; perimeter
G1 Z107.488 X274.100 Y226.295 E26.86379 ; perimeter
G1 Z107.509 X269.703 Y233.470 E45.54179 ; perimeter
G1 Z107.522 X266.820 Y237.511 E26.86478 ; perimeter
G1 Z107.534 X263.706 Y241.427 E27.07677 ; perimeter
G1 Z107.547 X260.391 Y245.174 E27.07532 ; perimeter
G1 Z107.559 X256.884 Y248.742 E27.07556 ; perimeter
G1 Z107.572 X253.195 Y252.123 E27.08113 ; perimeter
G1 Z107.584 X249.365 Y255.280 E26.86149 ; perimeter
G1 Z107.605 X242.514 Y260.167 E45.54331 ; perimeter
G1 Z107.618 X238.282 Y262.760 E26.86041 ; perimeter
G1 Z107.630 X233.919 Y265.129 E26.86829 ; perimeter
G1 Z107.651 X226.298 Y268.602 E45.32491 ; perimeter
G1 Z107.672 X218.402 Y271.398 E45.33236 ; perimeter
G1 Z107.684 X213.619 Y272.725 E26.86297 ; perimeter
G1 Z107.697 X208.734 Y273.808 E27.07896 ; perimeter
G1 Z107.709 X203.800 Y274.633 E27.07302 ; perimeter
G1 Z107.722 X198.829 Y275.200 E27.07699 ; perimeter
G1 Z107.734 X193.835 Y275.505 E27.07739 ; perimeter
G1 Z107.747 X188.832 Y275.549 E27.07679 ; perimeter
G1 Z107.759 X183.834 Y275.331 E27.07440 ; perimeter
G1 Z107.772 X178.893 Y274.855 E26.86400 ; perimeter
G1 Z107.793 X170.593 Y273.466 E45.54342 ; perimeter
G1 Z107.805 X165.766 Y272.307 E26.86572 ; perimeter
G1 Z107.817 X161.007 Y270.897 E26.86189 ; perimeter
G1 Z107.838 X153.125 Y267.950 E45.54066 ; perimeter
G1 Z107.851 X148.608 Y265.892 E26.86323 ; perimeter
G1 Z107.863 X144.205 Y263.600 E26.86379 ; perimeter
G1 Z107.884 X137.030 Y259.203 E45.54179 ; perimeter
G1 Z107.897 X132.989 Y256.320 E26.86471 ; perimeter
G1 Z107.909 X129.073 Y253.206 E27.07684 ; perimeter
G1 Z107.922 X125.326 Y249.891 E27.07532 ; perimeter
G1 Z107.934 X121.786 Y246.411 E26.86506 ; perimeter
G1 Z107.955 X116.209 Y240.109 E45.54304 ; perimeter
G1 Z107.968 X113.188 Y236.171 E26.86085 ; perimeter
G1 Z107.980 X110.354 Y232.048 E27.07610 ; perimeter
G1 Z107.993 X107.740 Y227.782 E27.07668 ; perimeter
G1 Z108.000 X106.315 Y225.158 E16.15976 ; perimeter
;LAYER_CHANGE
;Z:109.5
;HEIGHT:1.5
G1 Z108.000 F960 ; simple layer change
G1 F2400
G1 Z108.005 X105.371 Y223.419 E10.70853 ; perimeter
G1 Z108.026 X101.882 Y215.762 E45.53819 ; perimeter
G1 Z108.038 X100.143 Y211.112 E26.86750 ; perimeter
G1 Z108.051 X98.639 Y206.341 E27.07272 ; perimeter
G1 Z108.063 X97.386 Y201.497 E27.07808 ; perimeter
G1 Z108.076 X96.389 Y196.594 E27.07758 ; perimeter
G1 Z108.088 X95.649 Y191.646 E27.07591 ; perimeter
G1 Z108.101 X95.173 Y186.705 E26.86399 ; perimeter
G1 Z108.122 X94.953 Y178.293 E45.54055 ; perimeter
G1 Z108.134 X95.169 Y173.334 E26.86298 ; perimeter
G1 Z108.147 X95.645 Y168.393 E26.86400 ; perimeter
G1 Z108.168 X97.034 Y160.093 E45.54334 ; perimeter
G1 Z108.180 X98.193 Y155.266 E26.86580 ; perimeter
G1 Z108.192 X99.603 Y150.507 E26.86188 ; perimeter
G1 Z108.213 X102.550 Y142.625 E45.54068 ; perimeter
G1 Z108.226 X104.608 Y138.108 E26.86323 ; perimeter
G1 Z108.238 X106.918 Y133.670 E27.07678 ; perimeter
G1 Z108.251 X109.461 Y129.354 E27.11071 ; perimeter
G1 Z108.272 X114.174 Y122.496 E45.03111 ; perimeter
G1 Z108.284 X117.294 Y118.573 E27.12984 ; perimeter
G1 Z108.297 X120.609 Y114.826 E27.07535 ; perimeter
G1 Z108.309 X124.089 Y111.286 E26.86503 ; perimeter
G1 Z108.330 X130.391 Y105.709 E45.54304 ; perimeter
G1 Z108.343 X134.329 Y102.688 E26.86085 ; perimeter
G1 Z108.355 X138.452 Y99.854 E27.07610 ; perimeter
G1 Z108.368 X142.718 Y97.240 E27.07668 ; perimeter
G1 Z108.380 X147.081 Y94.871 E26.86827 ; perimeter
G1 Z108.401 X154.738 Y91.381 E45.54037 ; perimeter
G1 Z108.413 X159.388 Y89.643 E26.86569 ; perimeter
G1 Z108.426 X164.122 Y88.150 E26.86393 ; perimeter
G1 Z108.447 X172.304 Y86.186 E45.53783 ; perimeter
G1 Z108.459 X177.200 Y85.367 E26.86483 ; perimeter
G1 Z108.472 X182.171 Y84.800 E27.07707 ; perimeter
G1 Z108.484 X187.171 Y84.495 E27.10980 ; perimeter
G1 Z108.505 X195.491 Y84.567 E45.02870 ; perimeter
G1 Z108.518 X200.489 Y84.960 E27.13217 ; perimeter
G1 Z108.530 X205.449 Y85.613 E27.07466 ; perimeter
G1 Z108.543 X210.369 Y86.525 E27.08022 ; perimeter
G1 Z108.555 X215.234 Y87.693 E27.07690 ; perimeter
G1 Z108.567 X219.993 Y89.103 E26.86197 ; perimeter
G1 Z108.588 X227.875 Y92.050 E45.54066 ; perimeter
G1 Z108.601 X232.397 Y94.111 E26.89478 ; perimeter
G1 Z108.612 X236.264 Y96.118 E23.57779 ; perimeter
G1 Z108.622 X239.683 Y98.126 E21.45635 ; perimeter
G1 Z108.634 X243.937 Y100.775 E27.12547 ; perimeter
G1 Z108.647 X248.011 Y103.680 E27.07736 ; perimeter
G1 Z108.659 X251.927 Y106.794 E27.07681 ; perimeter
G1 Z108.672 X255.674 Y110.109 E27.07537 ; perimeter
G1 Z108.684 X259.214 Y113.589 E26.86503 ; perimeter
G1 Z108.705 X264.791 Y119.891 E45.54290 ; perimeter
G1 Z108.718 X267.812 Y123.829 E26.86095 ; perimeter
G1 Z108.730 X270.646 Y127.952 E27.07614 ; perimeter
G1 Z108.743 X273.260 Y132.218 E27.07668 ; perimeter
G1 Z108.755 X275.648 Y136.615 E27.07906 ; perimeter
G1 Z108.768 X277.801 Y141.131 E27.07555 ; perimeter
G1 Z108.780 X279.701 Y145.717 E26.86473 ; perimeter
G1 Z108.801 X282.371 Y153.697 E45.54020 ; perimeter
G1 Z108.813 X283.614 Y158.503 E26.86543 ; perimeter
G1 Z108.826 X284.611 Y163.406 E27.07758 ; perimeter
G1 Z108.838 X285.351 Y168.354 E27.07590 ; perimeter
G1 Z108.851 X285.827 Y173.295 E26.86400 ; perimeter
G1 Z108.872 X286.047 Y181.707 E45.54047 ; perimeter
G1 Z108.884 X285.830 Y186.666 E26.86330 ; perimeter
G1 Z108.897 X285.355 Y191.607 E26.86348 ; perimeter
G1 Z108.918 X283.972 Y199.868 E45.32990 ; perimeter
G1 Z108.938 X281.875 Y207.977 E45.32876 ; perimeter
G1 Z108.951 X280.300 Y212.685 E26.86718 ; perimeter
G1 Z108.963 X278.466 Y217.340 E27.07713 ; perimeter
G1 Z108.976 X276.392 Y221.892 E27.07150 ; perimeter
G1 Z108.988 X274.100 Y226.295 E26.86386 ; perimeter
G1 Z109.009 X269.703 Y233.470 E45.54172 ; perimeter
G1 Z109.022 X266.820 Y237.511 E26.86471 ; perimeter
G1 Z109.034 X263.706 Y241.427 E27.07684 ; perimeter
G1 Z109.047 X260.391 Y245.174 E27.07532 ; perimeter
G1 Z109.059 X256.884 Y248.742 E27.07556 ; perimeter
G1 Z109.072 X253.195 Y252.123 E27.08102 ; perimeter
G1 Z109.084 X249.365 Y255.280 E26.86165 ; perimeter
G1 Z109.105 X242.514 Y260.167 E45.54324 ; perimeter
G1 Z109.118 X238.282 Y262.760 E26.86041 ; perimeter
G1 Z109.130 X233.919 Y265.129 E26.86829 ; perimeter
G1 Z109.151 X226.298 Y268.602 E45.32491 ; perimeter
G1 Z109.172 X218.402 Y271.398 E45.33236 ; perimeter
G1 Z109.184 X213.619 Y272.725 E26.86281 ; perimeter
G1 Z109.197 X208.734 Y273.808 E27.07904 ; perimeter
G1 Z109.209 X203.800 Y274.633 E27.07310 ; perimeter
G1 Z109.222 X198.829 Y275.200 E27.07699 ; perimeter
G1 Z109.234 X193.835 Y275.505 E27.07739 ; perimeter
G1 Z109.247 X188.832 Y275.549 E27.07679 ; perimeter
G1 Z109.259 X183.834 Y275.331 E27.07440 ; perimeter
G1 Z109.272 X178.893 Y274.855 E26.86400 ; perimeter
G1 Z109.293 X170.593 Y273.466 E45.54342 ; perimeter
G1 Z109.305 X165.766 Y272.307 E26.86572 ; perimeter
G1 Z109.317 X161.007 Y270.897 E26.86189 ; perimeter
G1 Z109.338 X153.125 Y267.950 E45.54066 ; perimeter
G1 Z109.351 X148.608 Y265.892 E26.86323 ; perimeter
G1 Z109.363 X144.205 Y263.600 E26.86379 ; perimeter
G1 Z109.384 X137.030 Y259.203 E45.54179 ; perimeter
G1 Z109.397 X132.989 Y256.320 E26.86471 ; perimeter
G1 Z109.409 X129.073 Y253.206 E27.07684 ; perimeter
G1 Z109.422 X125.326 Y249.891 E27.07532 ; perimeter
G1 Z109.434 X121.786 Y246.411 E26.86506 ; perimeter
G1 Z109.455 X116.209 Y240.109 E45.54304 ; perimeter
G1 Z109.468 X113.188 Y236.171 E26.86085 ; perimeter
G1 Z109.480 X110.354 Y232.048 E27.07610 ; perimeter
G1 Z109.493 X107.740 Y227.782 E27.07668 ; perimeter
G1 Z109.500 X106.315 Y225.158 E16.15976 ; perimeter
;LAYER_CHANGE
;Z:111
;HEIGHT:1.5
G1 Z109.500 F960 ; simple layer change
G1 F2400
G1 Z109.505 X105.371 Y223.419 E10.70853 ; perimeter
G1 Z109.526 X101.882 Y215.762 E45.53817 ; perimeter
G1 Z109.538 X100.143 Y211.112 E26.86759 ; perimeter
G1 Z109.551 X98.639 Y206.341 E27.07264 ; perimeter
G1 Z109.563 X97.385 Y201.492 E27.10557 ; perimeter
G1 Z109.574 X96.513 Y197.208 E23.66130 ; perimeter
G1 Z109.584 X95.896 Y193.306 E21.37931 ; perimeter
G1 Z109.597 X95.327 Y188.326 E27.12351 ; perimeter
G1 Z109.609 X95.078 Y183.333 E27.05823 ; perimeter
G1 Z109.622 X94.954 Y178.332 E27.07265 ; perimeter
G1 Z109.634 X95.169 Y173.334 E27.07342 ; perimeter
G1 Z109.647 X95.645 Y168.393 E26.86400 ; perimeter
G1 Z109.668 X97.034 Y160.093 E45.54342 ; perimeter
G1 Z109.680 X98.193 Y155.266 E26.86572 ; perimeter
G1 Z109.692 X99.603 Y150.507 E26.86189 ; perimeter
G1 Z109.713 X102.550 Y142.625 E45.54066 ; perimeter
G1 Z109.726 X104.608 Y138.108 E26.86321 ; perimeter
G1 Z109.738 X106.918 Y133.670 E27.07682 ; perimeter
G1 Z109.751 X109.461 Y129.354 E27.11069 ; perimeter
G1 Z109.772 X114.173 Y122.497 E45.02666 ; perimeter
G1 Z109.784 X117.294 Y118.573 E27.13450 ; perimeter
G1 Z109.797 X120.609 Y114.826 E27.07532 ; perimeter
G1 Z109.809 X124.089 Y111.286 E26.86506 ; perimeter
G1 Z109.830 X130.391 Y105.709 E45.54304 ; perimeter
G1 Z109.843 X134.329 Y102.688 E26.86085 ; perimeter
G1 Z109.855 X138.452 Y99.854 E27.07610 ; perimeter
G1 Z109.868 X142.723 Y97.237 E27.10821 ; perimeter
G1 Z109.878 X146.563 Y95.149 E23.65687 ; perimeter
G1 Z109.888 X150.132 Y93.455 E21.37786 ; perimeter
G1 Z109.901 X154.702 Y91.397 E27.12499 ; perimeter
G1 Z109.913 X159.388 Y89.643 E27.07904 ; perimeter
G1 Z109.926 X164.122 Y88.150 E26.86386 ; perimeter
G1 Z109.947 X172.304 Y86.186 E45.53799 ; perimeter
G1 Z109.959 X177.200 Y85.367 E26.86482 ; perimeter
G1 Z109.972 X182.171 Y84.800 E27.07700 ; perimeter
G1 Z109.984 X187.171 Y84.495 E27.10980 ; perimeter
G1 Z110.005 X195.491 Y84.567 E45.02870 ; perimeter
G1 Z110.018 X200.489 Y84.960 E27.13209 ; perimeter
G1 Z110.030 X205.449 Y85.613 E27.07475 ; perimeter
G1 Z110.043 X210.369 Y86.525 E27.08022 ; perimeter
G1 Z110.055 X215.234 Y87.693 E27.07697 ; perimeter
G1 Z110.067 X219.993 Y89.103 E26.86190 ; perimeter
G1 Z110.088 X227.875 Y92.050 E45.54066 ; perimeter
G1 Z110.101 X232.397 Y94.111 E26.89459 ; perimeter
G1 Z110.112 X236.280 Y96.119 E23.65787 ; perimeter
G1 Z110.122 X239.710 Y98.081 E21.38518 ; perimeter
G1 Z110.134 X243.938 Y100.774 E27.12886 ; perimeter
G1 Z110.147 X248.011 Y103.680 E27.07792 ; perimeter
G1 Z110.159 X251.927 Y106.794 E27.07684 ; perimeter
G1 Z110.172 X255.674 Y110.109 E27.07523 ; perimeter
G1 Z110.184 X259.214 Y113.589 E26.86515 ; perimeter
G1 Z110.205 X264.791 Y119.891 E45.54304 ; perimeter
G1 Z110.218 X267.812 Y123.829 E26.86082 ; perimeter
G1 Z110.230 X270.646 Y127.952 E27.07617 ; perimeter
G1 Z110.243 X273.260 Y132.218 E27.07664 ; perimeter
G1 Z110.255 X275.648 Y136.615 E27.07906 ; perimeter
G1 Z110.268 X277.801 Y141.131 E27.07555 ; perimeter
G1 Z110.280 X279.701 Y145.717 E26.86473 ; perimeter
G1 Z110.301 X282.371 Y153.697 E45.54020 ; perimeter
G1 Z110.313 X283.614 Y158.503 E26.86543 ; perimeter
G1 Z110.326 X284.611 Y163.406 E27.07758 ; perimeter
G1 Z110.338 X285.351 Y168.354 E27.07590 ; perimeter
G1 Z110.351 X285.827 Y173.295 E26.86400 ; perimeter
G1 Z110.372 X286.047 Y181.707 E45.54047 ; perimeter
G1 Z110.384 X285.830 Y186.666 E26.86330 ; perimeter
G1 Z110.397 X285.355 Y191.607 E26.86348 ; perimeter
G1 Z110.418 X283.972 Y199.868 E45.32990 ; perimeter
G1 Z110.438 X281.875 Y207.977 E45.32876 ; perimeter
G1 Z110.451 X280.300 Y212.685 E26.86718 ; perimeter
G1 Z110.463 X278.466 Y217.340 E27.07713 ; perimeter
G1 Z110.476 X276.392 Y221.892 E27.07150 ; perimeter
G1 Z110.488 X274.100 Y226.295 E26.86379 ; perimeter
G1 Z110.509 X269.703 Y233.470 E45.54179 ; perimeter
G1 Z110.522 X266.820 Y237.511 E26.86478 ; perimeter
G1 Z110.534 X263.706 Y241.427 E27.07677 ; perimeter
G1 Z110.547 X260.391 Y245.174 E27.07538 ; perimeter
G1 Z110.559 X256.884 Y248.742 E27.07550 ; perimeter
G1 Z110.572 X253.195 Y252.123 E27.08108 ; perimeter
G1 Z110.584 X249.365 Y255.280 E26.86148 ; perimeter
G1 Z110.605 X242.514 Y260.167 E45.54337 ; perimeter
G1 Z110.618 X238.282 Y262.760 E26.86041 ; perimeter
G1 Z110.630 X233.919 Y265.129 E26.86829 ; perimeter
G1 Z110.651 X226.298 Y268.602 E45.32491 ; perimeter
G1 Z110.672 X218.402 Y271.398 E45.33236 ; perimeter
G1 Z110.684 X213.619 Y272.725 E26.86289 ; perimeter
G1 Z110.697 X208.734 Y273.808 E27.07904 ; perimeter
G1 Z110.709 X203.800 Y274.633 E27.07310 ; perimeter
G1 Z110.722 X198.829 Y275.200 E27.07691 ; perimeter
G1 Z110.734 X193.835 Y275.505 E27.07739 ; perimeter
G1 Z110.747 X188.832 Y275.549 E27.07679 ; perimeter
G1 Z110.759 X183.834 Y275.331 E27.07440 ; perimeter
G1 Z110.772 X178.893 Y274.855 E26.86400 ; perimeter
G1 Z110.793 X170.593 Y273.466 E45.54342 ; perimeter
G1 Z110.805 X165.766 Y272.307 E26.86572 ; perimeter
G1 Z110.817 X161.007 Y270.897 E26.86189 ; perimeter
G1 Z110.838 X153.125 Y267.950 E45.54066 ; perimeter
G1 Z110.851 X148.608 Y265.892 E26.86323 ; perimeter
G1 Z110.863 X144.205 Y263.600 E26.86379 ; perimeter
G1 Z110.884 X137.030 Y259.203 E45.54179 ; perimeter
G1 Z110.897 X132.989 Y256.320 E26.86471 ; perimeter
G1 Z110.909 X129.073 Y253.206 E27.07684 ; perimeter
G1 Z110.922 X125.326 Y249.891 E27.07532 ; perimeter
G1 Z110.934 X121.786 Y246.411 E26.86506 ; perimeter
G1 Z110.955 X116.209 Y240.109 E45.54304 ; perimeter
G1 Z110.968 X113.188 Y236.171 E26.86085 ; perimeter
G1 Z110.980 X110.354 Y232.048 E27.07610 ; perimeter
G1 Z110.993 X107.740 Y227.782 E27.07668 ; perimeter
G1 Z111.000 X106.315 Y225.158 E16.15976 ; perimeter
;LAYER_CHANGE
;Z:112.5
;HEIGHT:1.5
G1 Z111.000 F960 ; simple layer change
G1 F2400
G1 Z111.005 X105.371 Y223.419 E10.70853 ; perimeter
G1 Z111.026 X101.882 Y215.762 E45.53817 ; perimeter
G1 Z111.038 X100.143 Y211.112 E26.86750 ; perimeter
G1 Z111.051 X98.639 Y206.341 E27.07273 ; perimeter
G1 Z111.063 X97.385 Y201.492 E27.10564 ; perimeter
G1 Z111.074 X96.500 Y197.196 E23.73777 ; perimeter
G1 Z111.084 X95.868 Y193.310 E21.30690 ; perimeter
G1 Z111.097 X95.300 Y188.329 E27.13146 ; perimeter
G1 Z111.109 X94.995 Y183.335 E27.07739 ; perimeter
G1 Z111.122 X94.951 Y178.332 E27.07671 ; perimeter
G1 Z111.134 X95.169 Y173.334 E27.07448 ; perimeter
G1 Z111.147 X95.645 Y168.393 E26.86400 ; perimeter
G1 Z111.168 X97.034 Y160.093 E45.54342 ; perimeter
G1 Z111.180 X98.193 Y155.266 E26.86572 ; perimeter
G1 Z111.192 X99.603 Y150.507 E26.86189 ; perimeter
G1 Z111.213 X102.550 Y142.625 E45.54066 ; perimeter
G1 Z111.226 X104.608 Y138.108 E26.86323 ; perimeter
G1 Z111.238 X106.918 Y133.670 E27.07678 ; perimeter
G1 Z111.251 X109.461 Y129.354 E27.11071 ; perimeter
G1 Z111.272 X114.173 Y122.497 E45.02668 ; perimeter
G1 Z111.284 X117.294 Y118.573 E27.13433 ; perimeter
G1 Z111.297 X120.609 Y114.826 E27.07529 ; perimeter
G1 Z111.309 X124.089 Y111.286 E26.86506 ; perimeter
G1 Z111.330 X130.391 Y105.709 E45.54304 ; perimeter
G1 Z111.343 X134.329 Y102.688 E26.86085 ; perimeter
G1 Z111.355 X138.452 Y99.854 E27.07608 ; perimeter
G1 Z111.368 X142.723 Y97.237 E27.10826 ; perimeter
G1 Z111.379 X146.572 Y95.135 E23.73426 ; perimeter
G1 Z111.388 X150.104 Y93.394 E21.31093 ; perimeter
G1 Z111.401 X154.701 Y91.395 E27.12891 ; perimeter
G1 Z111.413 X159.388 Y89.643 E27.07977 ; perimeter
G1 Z111.426 X164.122 Y88.150 E26.86387 ; perimeter
G1 Z111.447 X172.304 Y86.186 E45.53799 ; perimeter
G1 Z111.459 X177.200 Y85.367 E26.86482 ; perimeter
G1 Z111.472 X182.171 Y84.800 E27.07699 ; perimeter
G1 Z111.484 X187.170 Y84.495 E27.10439 ; perimeter
G1 Z111.505 X195.491 Y84.567 E45.03411 ; perimeter
G1 Z111.518 X200.489 Y84.960 E27.13217 ; perimeter
G1 Z111.530 X205.449 Y85.613 E27.07467 ; perimeter
G1 Z111.543 X210.369 Y86.525 E27.08014 ; perimeter
G1 Z111.555 X215.234 Y87.693 E27.07714 ; perimeter
G1 Z111.567 X219.993 Y89.103 E26.86173 ; perimeter
G1 Z111.588 X227.875 Y92.050 E45.54074 ; perimeter
G1 Z111.601 X232.392 Y94.108 E26.86328 ; perimeter
G1 Z111.613 X236.792 Y96.406 E26.86221 ; perimeter
G1 Z111.634 X243.970 Y100.797 E45.54058 ; perimeter
G1 Z111.647 X248.011 Y103.680 E26.86477 ; perimeter
G1 Z111.659 X251.927 Y106.794 E27.07684 ; perimeter
G1 Z111.672 X255.674 Y110.109 E27.07523 ; perimeter
G1 Z111.684 X259.214 Y113.589 E26.86512 ; perimeter
G1 Z111.705 X264.791 Y119.891 E45.54304 ; perimeter
G1 Z111.718 X267.812 Y123.829 E26.86088 ; perimeter
G1 Z111.730 X270.646 Y127.952 E27.07610 ; perimeter
G1 Z111.743 X273.260 Y132.218 E27.07675 ; perimeter
G1 Z111.755 X275.648 Y136.615 E27.07899 ; perimeter
G1 Z111.768 X277.801 Y141.131 E27.07555 ; perimeter
G1 Z111.780 X279.701 Y145.717 E26.86473 ; perimeter
G1 Z111.801 X282.371 Y153.697 E45.54020 ; perimeter
G1 Z111.813 X283.614 Y158.503 E26.86543 ; perimeter
G1 Z111.826 X284.611 Y163.406 E27.07758 ; perimeter
G1 Z111.838 X285.351 Y168.354 E27.07590 ; perimeter
G1 Z111.851 X285.827 Y173.295 E26.86400 ; perimeter
G1 Z111.872 X286.047 Y181.707 E45.54047 ; perimeter
G1 Z111.884 X285.830 Y186.666 E26.86330 ; perimeter
G1 Z111.897 X285.355 Y191.607 E26.86348 ; perimeter
G1 Z111.918 X283.972 Y199.868 E45.32990 ; perimeter
G1 Z111.938 X281.875 Y207.977 E45.32876 ; perimeter
G1 Z111.951 X280.300 Y212.685 E26.86718 ; perimeter
G1 Z111.963 X278.466 Y217.340 E27.07713 ; perimeter
G1 Z111.976 X276.392 Y221.892 E27.07150 ; perimeter
G1 Z111.988 X274.100 Y226.295 E26.86372 ; perimeter
G1 Z112.009 X269.703 Y233.470 E45.54187 ; perimeter
G1 Z112.022 X266.820 Y237.511 E26.86471 ; perimeter
G1 Z112.034 X263.706 Y241.427 E27.07684 ; perimeter
G1 Z112.047 X260.391 Y245.174 E27.07526 ; perimeter
G1 Z112.059 X256.884 Y248.742 E27.07562 ; perimeter
G1 Z112.072 X253.195 Y252.123 E27.08108 ; perimeter
G1 Z112.084 X249.365 Y255.280 E26.86154 ; perimeter
G1 Z112.105 X242.514 Y260.167 E45.54331 ; perimeter
G1 Z112.118 X238.282 Y262.760 E26.86041 ; perimeter
G1 Z112.130 X233.919 Y265.129 E26.86829 ; perimeter
G1 Z112.151 X226.298 Y268.602 E45.32491 ; perimeter
G1 Z112.172 X218.402 Y271.398 E45.33236 ; perimeter
G1 Z112.184 X213.619 Y272.725 E26.86281 ; perimeter
G1 Z112.197 X208.734 Y273.808 E27.07904 ; perimeter
G1 Z112.209 X203.800 Y274.633 E27.07310 ; perimeter
G1 Z112.222 X198.829 Y275.200 E27.07707 ; perimeter
G1 Z112.234 X193.835 Y275.505 E27.07731 ; perimeter
G1 Z112.247 X188.832 Y275.549 E27.07679 ; perimeter
G1 Z112.259 X183.834 Y275.331 E27.07440 ; perimeter
G1 Z112.272 X178.893 Y274.855 E26.86400 ; perimeter
G1 Z112.293 X170.593 Y273.466 E45.54342 ; perimeter
G1 Z112.305 X165.766 Y272.307 E26.86564 ; perimeter
G1 Z112.317 X161.007 Y270.897 E26.86197 ; perimeter
G1 Z112.338 X153.125 Y267.950 E45.54066 ; perimeter
G1 Z112.351 X148.608 Y265.892 E26.86323 ; perimeter
G1 Z112.363 X144.205 Y263.600 E26.86379 ; perimeter
G1 Z112.384 X137.030 Y259.203 E45.54179 ; perimeter
G1 Z112.397 X132.989 Y256.320 E26.86471 ; perimeter
G1 Z112.409 X129.073 Y253.206 E27.07684 ; perimeter
G1 Z112.422 X125.326 Y249.891 E27.07532 ; perimeter
G1 Z112.434 X121.786 Y246.411 E26.86506 ; perimeter
G1 Z112.455 X116.209 Y240.109 E45.54304 ; perimeter
G1 Z112.468 X113.188 Y236.171 E26.86085 ; perimeter
G1 Z112.480 X110.354 Y232.048 E27.07610 ; perimeter
G1 Z112.493 X107.740 Y227.782 E27.07668 ; perimeter
G1 Z112.500 X106.315 Y225.158 E16.15976 ; perimeter
;LAYER_CHANGE
;Z:114
;HEIGHT:1.5
G1 Z112.500 F960 ; simple layer change
G1 F2400
G1 Z112.505 X105.371 Y223.419 E10.70846 ; perimeter
G1 Z112.526 X101.882 Y215.762 E45.53817 ; perimeter
G1 Z112.538 X100.143 Y211.112 E26.86758 ; perimeter
G1 Z112.551 X98.639 Y206.341 E27.07273 ; perimeter
G1 Z112.563 X97.385 Y201.492 E27.10564 ; perimeter
G1 Z112.574 X96.498 Y197.182 E23.81514 ; perimeter
G1 Z112.584 X95.868 Y193.310 E21.22949 ; perimeter
G1 Z112.597 X95.300 Y188.329 E27.13138 ; perimeter
G1 Z112.609 X94.995 Y183.335 E27.07739 ; perimeter
G1 Z112.622 X94.951 Y178.332 E27.07679 ; perimeter
G1 Z112.634 X95.169 Y173.334 E27.07440 ; perimeter
G1 Z112.647 X95.645 Y168.393 E26.86400 ; perimeter
G1 Z112.668 X97.034 Y160.093 E45.54342 ; perimeter
G1 Z112.680 X98.193 Y155.266 E26.86573 ; perimeter
G1 Z112.692 X99.603 Y150.507 E26.86195 ; perimeter
G1 Z112.713 X102.550 Y142.625 E45.54060 ; perimeter
G1 Z112.726 X104.608 Y138.108 E26.86323 ; perimeter
G1 Z112.738 X106.918 Y133.670 E27.07678 ; perimeter
G1 Z112.751 X109.460 Y129.355 E27.10328 ; perimeter
G1 Z112.772 X114.173 Y122.497 E45.03410 ; perimeter
G1 Z112.784 X117.294 Y118.573 E27.13433 ; perimeter
G1 Z112.797 X120.609 Y114.826 E27.07532 ; perimeter
G1 Z112.809 X124.089 Y111.286 E26.86506 ; perimeter
G1 Z112.830 X130.391 Y105.709 E45.54304 ; perimeter
G1 Z112.843 X134.329 Y102.688 E26.86085 ; perimeter
G1 Z112.855 X138.452 Y99.854 E27.07610 ; perimeter
G1 Z112.868 X142.723 Y97.237 E27.10824 ; perimeter
G1 Z112.879 X146.585 Y95.128 E23.81403 ; perimeter
G1 Z112.888 X150.103 Y93.394 E21.22623 ; perimeter
G1 Z112.901 X154.701 Y91.395 E27.13376 ; perimeter
G1 Z112.913 X159.393 Y89.641 E27.10884 ; perimeter
G1 Z112.924 X163.588 Y88.315 E23.81115 ; perimeter
G1 Z112.934 X167.386 Y87.340 E21.21916 ; perimeter
G1 Z112.947 X172.266 Y86.194 E27.13160 ; perimeter
G1 Z112.959 X177.200 Y85.367 E27.07218 ; perimeter
G1 Z112.972 X182.171 Y84.800 E27.07707 ; perimeter
G1 Z112.984 X187.170 Y84.495 E27.10448 ; perimeter
G1 Z113.005 X195.491 Y84.567 E45.03402 ; perimeter
G1 Z113.018 X200.489 Y84.960 E27.13209 ; perimeter
G1 Z113.030 X205.449 Y85.613 E27.07474 ; perimeter
G1 Z113.043 X210.369 Y86.525 E27.08023 ; perimeter
G1 Z113.055 X215.234 Y87.693 E27.07698 ; perimeter
G1 Z113.067 X219.993 Y89.103 E26.86180 ; perimeter
G1 Z113.088 X227.875 Y92.050 E45.54074 ; perimeter
G1 Z113.101 X232.397 Y94.111 E26.89461 ; perimeter
G1 Z113.112 X236.302 Y96.139 E23.81298 ; perimeter
G1 Z113.122 X239.683 Y98.126 E21.22159 ; perimeter
G1 Z113.134 X243.937 Y100.775 E27.12540 ; perimeter
G1 Z113.147 X248.011 Y103.680 E27.07736 ; perimeter
G1 Z113.159 X251.927 Y106.794 E27.07684 ; perimeter
G1 Z113.172 X255.674 Y110.109 E27.07532 ; perimeter
G1 Z113.184 X259.214 Y113.589 E26.86506 ; perimeter
G1 Z113.205 X264.791 Y119.891 E45.54304 ; perimeter
G1 Z113.218 X267.812 Y123.829 E26.86082 ; perimeter
G1 Z113.230 X270.646 Y127.952 E27.07617 ; perimeter
G1 Z113.243 X273.260 Y132.218 E27.07664 ; perimeter
G1 Z113.255 X275.648 Y136.615 E27.07906 ; perimeter
G1 Z113.268 X277.801 Y141.131 E27.07555 ; perimeter
G1 Z113.280 X279.701 Y145.717 E26.86473 ; perimeter
G1 Z113.301 X282.371 Y153.697 E45.54020 ; perimeter
G1 Z113.313 X283.614 Y158.503 E26.86543 ; perimeter
G1 Z113.326 X284.611 Y163.406 E27.07758 ; perimeter
G1 Z113.338 X285.351 Y168.354 E27.07590 ; perimeter
G1 Z113.351 X285.827 Y173.295 E26.86400 ; perimeter
G1 Z113.372 X286.047 Y181.707 E45.54047 ; perimeter
G1 Z113.384 X285.830 Y186.666 E26.86330 ; perimeter
G1 Z113.397 X285.355 Y191.607 E26.86348 ; perimeter
G1 Z113.418 X283.972 Y199.868 E45.32990 ; perimeter
G1 Z113.438 X281.875 Y207.977 E45.32883 ; perimeter
G1 Z113.451 X280.300 Y212.685 E26.86710 ; perimeter
G1 Z113.463 X278.466 Y217.340 E27.07713 ; perimeter
G1 Z113.476 X276.392 Y221.892 E27.07150 ; perimeter
G1 Z113.488 X274.100 Y226.295 E26.86379 ; perimeter
G1 Z113.509 X269.703 Y233.470 E45.54179 ; perimeter
G1 Z113.522 X266.820 Y237.511 E26.86464 ; perimeter
G1 Z113.534 X263.706 Y241.427 E27.07690 ; perimeter
G1 Z113.547 X260.391 Y245.174 E27.07532 ; perimeter
G1 Z113.559 X256.884 Y248.742 E27.07556 ; perimeter
G1 Z113.572 X253.195 Y252.123 E27.08113 ; perimeter
G1 Z113.584 X249.365 Y255.280 E26.86149 ; perimeter
G1 Z113.605 X242.514 Y260.167 E45.54331 ; perimeter
G1 Z113.618 X238.282 Y262.760 E26.86041 ; perimeter
G1 Z113.630 X233.919 Y265.129 E26.86829 ; perimeter
G1 Z113.651 X226.298 Y268.602 E45.32491 ; perimeter
G1 Z113.672 X218.402 Y271.398 E45.33236 ; perimeter
G1 Z113.684 X213.619 Y272.725 E26.86297 ; perimeter
G1 Z113.697 X208.734 Y273.808 E27.07896 ; perimeter
G1 Z113.709 X203.800 Y274.633 E27.07302 ; perimeter
G1 Z113.722 X198.829 Y275.200 E27.07691 ; perimeter
G1 Z113.734 X193.835 Y275.505 E27.07747 ; perimeter
G1 Z113.747 X188.832 Y275.549 E27.07679 ; perimeter
G1 Z113.759 X183.834 Y275.331 E27.07440 ; perimeter
G1 Z113.772 X178.893 Y274.855 E26.86400 ; perimeter
G1 Z113.793 X170.593 Y273.466 E45.54342 ; perimeter
G1 Z113.805 X165.766 Y272.307 E26.86572 ; perimeter
G1 Z113.817 X161.007 Y270.897 E26.86189 ; perimeter
G1 Z113.838 X153.125 Y267.950 E45.54066 ; perimeter
G1 Z113.851 X148.608 Y265.892 E26.86323 ; perimeter
G1 Z113.863 X144.205 Y263.600 E26.86379 ; perimeter
G1 Z113.884 X137.030 Y259.203 E45.54179 ; perimeter
G1 Z113.897 X132.989 Y256.320 E26.86471 ; perimeter
G1 Z113.909 X129.073 Y253.206 E27.07684 ; perimeter
G1 Z113.922 X125.326 Y249.891 E27.07532 ; perimeter
G1 Z113.934 X121.786 Y246.411 E26.86506 ; perimeter
G1 Z113.955 X116.209 Y240.109 E45.54304 ; perimeter
G1 Z113.968 X113.188 Y236.171 E26.86085 ; perimeter
G1 Z113.980 X110.354 Y232.048 E27.07610 ; perimeter
G1 Z113.993 X107.740 Y227.782 E27.07668 ; perimeter
G1 Z114.000 X106.315 Y225.158 E16.15976 ; perimeter
;LAYER_CHANGE
;Z:115.5
;HEIGHT:1.5
G1 Z114.000 F960 ; simple layer change
G1 F2400
G1 Z114.005 X105.371 Y223.419 E10.70853 ; perimeter
G1 Z114.026 X101.882 Y215.762 E45.53808 ; perimeter
G1 Z114.038 X100.143 Y211.112 E26.86767 ; perimeter
G1 Z114.051 X98.639 Y206.341 E27.07265 ; perimeter
G1 Z114.063 X97.386 Y201.497 E27.07813 ; perimeter
G1 Z114.076 X96.401 Y196.592 E27.07494 ; perimeter
G1 Z114.088 X95.676 Y191.643 E27.07024 ; perimeter
G1 Z114.101 X95.199 Y186.703 E26.85646 ; perimeter
G1 Z114.122 X94.953 Y178.293 E45.53580 ; perimeter
G1 Z114.134 X95.169 Y173.334 E26.86312 ; perimeter
G1 Z114.147 X95.645 Y168.393 E26.86400 ; perimeter
G1 Z114.168 X97.034 Y160.093 E45.54342 ; perimeter
G1 Z114.180 X98.193 Y155.266 E26.86580 ; perimeter
G1 Z114.192 X99.603 Y150.507 E26.86181 ; perimeter
G1 Z114.213 X102.550 Y142.625 E45.54066 ; perimeter
G1 Z114.226 X104.608 Y138.108 E26.86323 ; perimeter
G1 Z114.238 X106.918 Y133.670 E27.07678 ; perimeter
G1 Z114.251 X109.460 Y129.355 E27.10332 ; perimeter
G1 Z114.272 X114.173 Y122.497 E45.03418 ; perimeter
G1 Z114.284 X117.294 Y118.573 E27.13431 ; perimeter
G1 Z114.297 X120.609 Y114.826 E27.07535 ; perimeter
G1 Z114.309 X124.089 Y111.286 E26.86503 ; perimeter
G1 Z114.330 X130.391 Y105.709 E45.54304 ; perimeter
G1 Z114.343 X134.329 Y102.688 E26.86085 ; perimeter
G1 Z114.355 X138.452 Y99.854 E27.07612 ; perimeter
G1 Z114.368 X142.723 Y97.237 E27.10822 ; perimeter
G1 Z114.379 X146.598 Y95.121 E23.89396 ; perimeter
G1 Z114.388 X150.103 Y93.394 E21.14389 ; perimeter
G1 Z114.401 X154.701 Y91.395 E27.13619 ; perimeter
G1 Z114.413 X159.388 Y89.643 E27.07985 ; perimeter
G1 Z114.426 X164.124 Y88.158 E26.86217 ; perimeter
G1 Z114.447 X172.304 Y86.186 E45.53666 ; perimeter
G1 Z114.459 X177.200 Y85.367 E26.86486 ; perimeter
G1 Z114.472 X182.171 Y84.800 E27.07699 ; perimeter
G1 Z114.484 X187.170 Y84.495 E27.10440 ; perimeter
G1 Z114.505 X195.491 Y84.567 E45.03411 ; perimeter
G1 Z114.518 X200.489 Y84.960 E27.13225 ; perimeter
G1 Z114.530 X205.449 Y85.613 E27.07458 ; perimeter
G1 Z114.543 X210.369 Y86.525 E27.08014 ; perimeter
G1 Z114.555 X215.234 Y87.693 E27.07697 ; perimeter
G1 Z114.567 X219.993 Y89.103 E26.86206 ; perimeter
G1 Z114.588 X227.875 Y92.050 E45.54058 ; perimeter
G1 Z114.601 X232.397 Y94.110 E26.89240 ; perimeter
G1 Z114.612 X236.318 Y96.140 E23.89510 ; perimeter
G1 Z114.622 X239.710 Y98.080 E21.14750 ; perimeter
G1 Z114.634 X243.938 Y100.774 E27.13155 ; perimeter
G1 Z114.647 X248.011 Y103.680 E27.07799 ; perimeter
G1 Z114.659 X251.927 Y106.794 E27.07684 ; perimeter
G1 Z114.672 X255.674 Y110.109 E27.07523 ; perimeter
G1 Z114.684 X259.214 Y113.589 E26.86515 ; perimeter
G1 Z114.705 X264.791 Y119.891 E45.54304 ; perimeter
G1 Z114.718 X267.812 Y123.829 E26.86088 ; perimeter
G1 Z114.730 X270.646 Y127.952 E27.07610 ; perimeter
G1 Z114.743 X273.260 Y132.218 E27.07664 ; perimeter
G1 Z114.755 X275.648 Y136.615 E27.07906 ; perimeter
G1 Z114.768 X277.804 Y141.136 E27.10678 ; perimeter
G1 Z114.788 X280.813 Y148.891 E45.01642 ; perimeter
G1 Z114.801 X282.360 Y153.659 E27.13140 ; perimeter
G1 Z114.813 X283.614 Y158.503 E27.07761 ; perimeter
G1 Z114.826 X284.611 Y163.406 E27.07758 ; perimeter
G1 Z114.838 X285.351 Y168.354 E27.07590 ; perimeter
G1 Z114.851 X285.827 Y173.295 E26.86400 ; perimeter
G1 Z114.872 X286.047 Y181.707 E45.54047 ; perimeter
G1 Z114.884 X285.830 Y186.666 E26.86330 ; perimeter
G1 Z114.897 X285.355 Y191.607 E26.86348 ; perimeter
G1 Z114.918 X283.972 Y199.868 E45.32990 ; perimeter
G1 Z114.938 X281.875 Y207.977 E45.32876 ; perimeter
G1 Z114.951 X280.300 Y212.685 E26.86718 ; perimeter
G1 Z114.963 X278.466 Y217.340 E27.07713 ; perimeter
G1 Z114.976 X276.392 Y221.892 E27.07150 ; perimeter
G1 Z114.988 X274.100 Y226.295 E26.86379 ; perimeter
G1 Z115.009 X269.703 Y233.470 E45.54179 ; perimeter
G1 Z115.022 X266.820 Y237.511 E26.86471 ; perimeter
G1 Z115.034 X263.706 Y241.427 E27.07684 ; perimeter
G1 Z115.047 X260.391 Y245.174 E27.07526 ; perimeter
G1 Z115.059 X256.884 Y248.742 E27.07562 ; perimeter
G1 Z115.072 X253.195 Y252.123 E27.08108 ; perimeter
G1 Z115.084 X249.365 Y255.280 E26.86154 ; perimeter
G1 Z115.105 X242.514 Y260.167 E45.54331 ; perimeter
G1 Z115.118 X238.282 Y262.760 E26.86041 ; perimeter
G1 Z115.130 X233.919 Y265.129 E26.86829 ; perimeter
G1 Z115.151 X226.298 Y268.602 E45.32491 ; perimeter
G1 Z115.172 X218.402 Y271.398 E45.33236 ; perimeter
G1 Z115.184 X213.619 Y272.725 E26.86289 ; perimeter
G1 Z115.197 X208.734 Y273.808 E27.07904 ; perimeter
G1 Z115.209 X203.800 Y274.633 E27.07302 ; perimeter
G1 Z115.222 X198.829 Y275.200 E27.07699 ; perimeter
G1 Z115.234 X193.835 Y275.505 E27.07739 ; perimeter
G1 Z115.247 X188.832 Y275.549 E27.07679 ; perimeter
G1 Z115.259 X183.834 Y275.331 E27.07440 ; perimeter
G1 Z115.272 X178.893 Y274.855 E26.86400 ; perimeter
G1 Z115.293 X170.593 Y273.466 E45.54342 ; perimeter
G1 Z115.305 X165.766 Y272.307 E26.86572 ; perimeter
G1 Z115.317 X161.007 Y270.897 E26.86189 ; perimeter
G1 Z115.338 X153.125 Y267.950 E45.54066 ; perimeter
G1 Z115.351 X148.608 Y265.892 E26.86323 ; perimeter
G1 Z115.363 X144.205 Y263.600 E26.86379 ; perimeter
G1 Z115.384 X137.030 Y259.203 E45.54179 ; perimeter
G1 Z115.397 X132.989 Y256.320 E26.86471 ; perimeter
G1 Z115.409 X129.073 Y253.206 E27.07684 ; perimeter
G1 Z115.422 X125.326 Y249.891 E27.07532 ; perimeter
G1 Z115.434 X121.786 Y246.411 E26.86506 ; perimeter
G1 Z115.455 X116.209 Y240.109 E45.54304 ; perimeter
G1 Z115.468 X113.188 Y236.171 E26.86085 ; perimeter
G1 Z115.480 X110.354 Y232.048 E27.07610 ; perimeter
G1 Z115.493 X107.740 Y227.782 E27.07668 ; perimeter
G1 Z115.500 X106.315 Y225.158 E16.15976 ; perimeter
;LAYER_CHANGE
;Z:117
;HEIGHT:1.5
G1 Z115.500 F960 ; simple layer change
G1 F2400
G1 Z115.505 X105.371 Y223.419 E10.70846 ; perimeter
G1 Z115.526 X101.882 Y215.762 E45.53817 ; perimeter
G1 Z115.538 X100.143 Y211.112 E26.86758 ; perimeter
G1 Z115.551 X98.639 Y206.341 E27.07273 ; perimeter
G1 Z115.563 X97.385 Y201.492 E27.10566 ; perimeter
G1 Z115.574 X96.502 Y197.152 E23.96898 ; perimeter
G1 Z115.584 X95.896 Y193.307 E21.06653 ; perimeter
G1 Z115.597 X95.327 Y188.326 E27.12880 ; perimeter
G1 Z115.609 X95.078 Y183.333 E27.05823 ; perimeter
G1 Z115.622 X94.954 Y178.332 E27.07273 ; perimeter
G1 Z115.634 X95.169 Y173.334 E27.07334 ; perimeter
G1 Z115.647 X95.645 Y168.393 E26.86400 ; perimeter
G1 Z115.668 X97.034 Y160.093 E45.54342 ; perimeter
G1 Z115.680 X98.193 Y155.266 E26.86573 ; perimeter
G1 Z115.692 X99.603 Y150.507 E26.86195 ; perimeter
G1 Z115.713 X102.550 Y142.625 E45.54060 ; perimeter
G1 Z115.726 X104.608 Y138.108 E26.86323 ; perimeter
G1 Z115.738 X106.918 Y133.670 E27.07678 ; perimeter
G1 Z115.751 X109.460 Y129.355 E27.10332 ; perimeter
G1 Z115.772 X114.173 Y122.497 E45.03416 ; perimeter
G1 Z115.784 X117.294 Y118.573 E27.13433 ; perimeter
G1 Z115.797 X120.609 Y114.826 E27.07532 ; perimeter
G1 Z115.809 X124.089 Y111.286 E26.86506 ; perimeter
G1 Z115.830 X130.391 Y105.709 E45.54304 ; perimeter
G1 Z115.843 X134.329 Y102.688 E26.86085 ; perimeter
G1 Z115.855 X138.452 Y99.854 E27.07610 ; perimeter
G1 Z115.868 X142.723 Y97.237 E27.10824 ; perimeter
G1 Z115.879 X146.611 Y95.115 E23.97141 ; perimeter
G1 Z115.888 X150.103 Y93.395 E21.06650 ; perimeter
G1 Z115.901 X154.701 Y91.395 E27.13600 ; perimeter
G1 Z115.913 X159.392 Y89.641 E27.10370 ; perimeter
G1 Z115.924 X163.616 Y88.307 E23.97382 ; perimeter
G1 Z115.934 X167.385 Y87.340 E21.05653 ; perimeter
G1 Z115.947 X172.266 Y86.194 E27.13691 ; perimeter
G1 Z115.959 X177.200 Y85.367 E27.07226 ; perimeter
G1 Z115.972 X182.171 Y84.800 E27.07699 ; perimeter
G1 Z115.984 X187.170 Y84.495 E27.10448 ; perimeter
G1 Z116.005 X195.490 Y84.567 E45.02870 ; perimeter
G1 Z116.018 X200.489 Y84.960 E27.13739 ; perimeter
G1 Z116.030 X205.449 Y85.613 E27.07474 ; perimeter
G1 Z116.043 X210.369 Y86.525 E27.08014 ; perimeter
G1 Z116.055 X215.234 Y87.693 E27.07698 ; perimeter
G1 Z116.067 X219.993 Y89.103 E26.86197 ; perimeter
G1 Z116.088 X227.875 Y92.050 E45.54066 ; perimeter
G1 Z116.101 X232.397 Y94.110 E26.89234 ; perimeter
G1 Z116.112 X236.330 Y96.147 E23.97049 ; perimeter
G1 Z116.122 X239.709 Y98.080 E21.06751 ; perimeter
G1 Z116.134 X243.938 Y100.774 E27.13647 ; perimeter
G1 Z116.147 X248.011 Y103.680 E27.07783 ; perimeter
G1 Z116.159 X251.927 Y106.794 E27.07693 ; perimeter
G1 Z116.172 X255.674 Y110.109 E27.07541 ; perimeter
G1 Z116.184 X259.214 Y113.589 E26.86494 ; perimeter
G1 Z116.205 X264.791 Y119.891 E45.54307 ; perimeter
G1 Z116.218 X267.812 Y123.829 E26.86088 ; perimeter
G1 Z116.230 X270.646 Y127.952 E27.07603 ; perimeter
G1 Z116.243 X273.260 Y132.218 E27.07672 ; perimeter
G1 Z116.255 X275.648 Y136.615 E27.07906 ; perimeter
G1 Z116.268 X277.801 Y141.131 E27.07560 ; perimeter
G1 Z116.280 X279.663 Y145.732 E26.86186 ; perimeter
G1 Z116.301 X282.371 Y153.697 E45.52900 ; perimeter
G1 Z116.313 X283.614 Y158.503 E26.86543 ; perimeter
G1 Z116.326 X284.611 Y163.406 E27.07758 ; perimeter
G1 Z116.338 X285.351 Y168.354 E27.07590 ; perimeter
G1 Z116.351 X285.827 Y173.295 E26.86400 ; perimeter
G1 Z116.372 X286.047 Y181.707 E45.54047 ; perimeter
G1 Z116.384 X285.830 Y186.666 E26.86330 ; perimeter
G1 Z116.397 X285.355 Y191.607 E26.86348 ; perimeter
G1 Z116.418 X283.972 Y199.868 E45.32990 ; perimeter
G1 Z116.438 X281.875 Y207.977 E45.32883 ; perimeter
G1 Z116.451 X280.300 Y212.685 E26.86710 ; perimeter
G1 Z116.463 X278.466 Y217.340 E27.07713 ; perimeter
G1 Z116.476 X276.392 Y221.892 E27.07150 ; perimeter
G1 Z116.488 X274.100 Y226.295 E26.86379 ; perimeter
G1 Z116.509 X269.703 Y233.470 E45.54179 ; perimeter
G1 Z116.522 X266.820 Y237.511 E26.86464 ; perimeter
G1 Z116.534 X263.706 Y241.427 E27.07690 ; perimeter
G1 Z116.547 X260.391 Y245.174 E27.07532 ; perimeter
G1 Z116.559 X256.884 Y248.742 E27.07556 ; perimeter
G1 Z116.572 X253.195 Y252.123 E27.08113 ; perimeter
G1 Z116.584 X249.365 Y255.280 E26.86149 ; perimeter
G1 Z116.605 X242.514 Y260.167 E45.54331 ; perimeter
G1 Z116.618 X238.282 Y262.760 E26.86041 ; perimeter
G1 Z116.630 X233.919 Y265.129 E26.86829 ; perimeter
G1 Z116.651 X226.298 Y268.602 E45.32491 ; perimeter
G1 Z116.672 X218.402 Y271.398 E45.33236 ; perimeter
G1 Z116.684 X213.619 Y272.725 E26.86297 ; perimeter
G1 Z116.697 X208.734 Y273.808 E27.07896 ; perimeter
G1 Z116.709 X203.800 Y274.633 E27.07302 ; perimeter
G1 Z116.722 X198.829 Y275.200 E27.07691 ; perimeter
G1 Z116.734 X193.835 Y275.505 E27.07747 ; perimeter
G1 Z116.747 X188.832 Y275.549 E27.07679 ; perimeter
G1 Z116.759 X183.834 Y275.331 E27.07440 ; perimeter
G1 Z116.772 X178.893 Y274.855 E26.86400 ; perimeter
G1 Z116.793 X170.593 Y273.466 E45.54342 ; perimeter
G1 Z116.805 X165.766 Y272.307 E26.86572 ; perimeter
G1 Z116.817 X161.007 Y270.897 E26.86189 ; perimeter
G1 Z116.838 X153.125 Y267.950 E45.54066 ; perimeter
G1 Z116.851 X148.608 Y265.892 E26.86323 ; perimeter
G1 Z116.863 X144.205 Y263.600 E26.86379 ; perimeter
G1 Z116.884 X137.030 Y259.203 E45.54179 ; perimeter
G1 Z116.897 X132.989 Y256.320 E26.86471 ; perimeter
G1 Z116.909 X129.073 Y253.206 E27.07684 ; perimeter
G1 Z116.922 X125.326 Y249.891 E27.07532 ; perimeter
G1 Z116.934 X121.786 Y246.411 E26.86506 ; perimeter
G1 Z116.955 X116.209 Y240.109 E45.54304 ; perimeter
G1 Z116.968 X113.188 Y236.171 E26.86085 ; perimeter
G1 Z116.980 X110.354 Y232.048 E27.07610 ; perimeter
G1 Z116.993 X107.740 Y227.782 E27.07668 ; perimeter
G1 Z117.000 X106.315 Y225.158 E16.15976 ; perimeter
;LAYER_CHANGE
;Z:118.5
;HEIGHT:1.5
G1 Z117.000 F960 ; simple layer change
G1 F2400
G1 Z117.005 X105.371 Y223.419 E10.70853 ; perimeter
G1 Z117.026 X101.882 Y215.762 E45.53817 ; perimeter
G1 Z117.038 X100.143 Y211.112 E26.86759 ; perimeter
G1 Z117.051 X98.639 Y206.341 E27.07264 ; perimeter
G1 Z117.063 X97.385 Y201.492 E27.10555 ; perimeter
G1 Z117.074 X96.490 Y197.139 E24.05189 ; perimeter
G1 Z117.084 X95.868 Y193.311 E20.98755 ; perimeter
G1 Z117.097 X95.300 Y188.329 E27.13675 ; perimeter
G1 Z117.109 X94.995 Y183.335 E27.07747 ; perimeter
G1 Z117.122 X94.951 Y178.332 E27.07671 ; perimeter
G1 Z117.134 X95.169 Y173.334 E27.07440 ; perimeter
G1 Z117.147 X95.645 Y168.393 E26.86400 ; perimeter
G1 Z117.168 X97.034 Y160.093 E45.54342 ; perimeter
G1 Z117.180 X98.193 Y155.266 E26.86572 ; perimeter
G1 Z117.192 X99.603 Y150.507 E26.86189 ; perimeter
G1 Z117.213 X102.550 Y142.625 E45.54066 ; perimeter
G1 Z117.226 X104.610 Y138.103 E26.89221 ; perimeter
G1 Z117.247 X108.601 Y130.803 E45.02376 ; perimeter
G1 Z117.259 X111.333 Y126.603 E27.11926 ; perimeter
G1 Z117.272 X114.180 Y122.489 E27.07413 ; perimeter
G1 Z117.284 X117.294 Y118.573 E27.07685 ; perimeter
G1 Z117.297 X120.609 Y114.826 E27.07532 ; perimeter
G1 Z117.309 X124.089 Y111.286 E26.86503 ; perimeter
G1 Z117.330 X130.391 Y105.709 E45.54298 ; perimeter
G1 Z117.343 X134.329 Y102.688 E26.86091 ; perimeter
G1 Z117.355 X138.452 Y99.854 E27.07610 ; perimeter
G1 Z117.368 X142.723 Y97.237 E27.10824 ; perimeter
G1 Z117.379 X146.623 Y95.109 E24.04637 ; perimeter
G1 Z117.388 X150.103 Y93.395 E20.99145 ; perimeter
G1 Z117.401 X154.701 Y91.395 E27.13603 ; perimeter
G1 Z117.413 X159.388 Y89.643 E27.07976 ; perimeter
G1 Z117.426 X164.124 Y88.158 E26.86233 ; perimeter
G1 Z117.447 X172.304 Y86.186 E45.53667 ; perimeter
G1 Z117.459 X177.200 Y85.367 E26.86485 ; perimeter
G1 Z117.472 X182.171 Y84.800 E27.07700 ; perimeter
G1 Z117.484 X187.170 Y84.495 E27.10440 ; perimeter
G1 Z117.505 X195.490 Y84.567 E45.02879 ; perimeter
G1 Z117.518 X200.489 Y84.960 E27.13739 ; perimeter
G1 Z117.530 X205.449 Y85.613 E27.07475 ; perimeter
G1 Z117.543 X210.369 Y86.525 E27.08022 ; perimeter
G1 Z117.555 X215.234 Y87.693 E27.07697 ; perimeter
G1 Z117.567 X219.993 Y89.103 E26.86190 ; perimeter
G1 Z117.588 X227.875 Y92.050 E45.54066 ; perimeter
G1 Z117.601 X232.397 Y94.110 E26.89227 ; perimeter
G1 Z117.612 X236.343 Y96.154 E24.05038 ; perimeter
G1 Z117.622 X239.709 Y98.080 E20.98768 ; perimeter
G1 Z117.634 X243.938 Y100.774 E27.13628 ; perimeter
G1 Z117.647 X248.011 Y103.680 E27.07808 ; perimeter
G1 Z117.659 X251.927 Y106.794 E27.07684 ; perimeter
G1 Z117.672 X255.674 Y110.109 E27.07526 ; perimeter
G1 Z117.684 X259.214 Y113.589 E26.86503 ; perimeter
G1 Z117.705 X264.791 Y119.891 E45.54304 ; perimeter
G1 Z117.718 X267.812 Y123.829 E26.86085 ; perimeter
G1 Z117.730 X270.646 Y127.952 E27.07607 ; perimeter
G1 Z117.743 X273.260 Y132.218 E27.07679 ; perimeter
G1 Z117.755 X275.648 Y136.615 E27.07899 ; perimeter
G1 Z117.768 X277.801 Y141.131 E27.07555 ; perimeter
G1 Z117.780 X279.701 Y145.717 E26.86473 ; perimeter
G1 Z117.801 X282.371 Y153.697 E45.54020 ; perimeter
G1 Z117.813 X283.614 Y158.503 E26.86543 ; perimeter
G1 Z117.826 X284.611 Y163.406 E27.07758 ; perimeter
G1 Z117.838 X285.351 Y168.354 E27.07590 ; perimeter
G1 Z117.851 X285.827 Y173.295 E26.86400 ; perimeter
G1 Z117.872 X286.047 Y181.707 E45.54047 ; perimeter
G1 Z117.884 X285.830 Y186.666 E26.86330 ; perimeter
G1 Z117.897 X285.355 Y191.607 E26.86348 ; perimeter
G1 Z117.918 X283.972 Y199.868 E45.32990 ; perimeter
G1 Z117.938 X281.875 Y207.977 E45.32876 ; perimeter
G1 Z117.951 X280.300 Y212.685 E26.86718 ; perimeter
G1 Z117.963 X278.466 Y217.340 E27.07713 ; perimeter
G1 Z117.976 X276.392 Y221.892 E27.07150 ; perimeter
G1 Z117.988 X274.100 Y226.295 E26.86379 ; perimeter
G1 Z118.009 X269.703 Y233.470 E45.54179 ; perimeter
G1 Z118.022 X266.820 Y237.511 E26.86478 ; perimeter
G1 Z118.034 X263.706 Y241.427 E27.07677 ; perimeter
G1 Z118.047 X260.391 Y245.174 E27.07538 ; perimeter
G1 Z118.059 X256.884 Y248.742 E27.07550 ; perimeter
G1 Z118.072 X253.195 Y252.123 E27.08108 ; perimeter
G1 Z118.084 X249.365 Y255.280 E26.86148 ; perimeter
G1 Z118.105 X242.514 Y260.167 E45.54337 ; perimeter
G1 Z118.118 X238.282 Y262.760 E26.86041 ; perimeter
G1 Z118.130 X233.919 Y265.129 E26.86829 ; perimeter
G1 Z118.151 X226.298 Y268.602 E45.32491 ; perimeter
G1 Z118.172 X218.402 Y271.398 E45.33236 ; perimeter
G1 Z118.184 X213.619 Y272.725 E26.86289 ; perimeter
G1 Z118.197 X208.734 Y273.808 E27.07904 ; perimeter
G1 Z118.209 X203.800 Y274.633 E27.07310 ; perimeter
G1 Z118.222 X198.829 Y275.200 E27.07691 ; perimeter
G1 Z118.234 X193.835 Y275.505 E27.07739 ; perimeter
G1 Z118.247 X188.832 Y275.549 E27.07679 ; perimeter
G1 Z118.259 X183.834 Y275.331 E27.07440 ; perimeter
G1 Z118.272 X178.893 Y274.855 E26.86400 ; perimeter
G1 Z118.293 X170.593 Y273.466 E45.54342 ; perimeter
G1 Z118.305 X165.766 Y272.307 E26.86572 ; perimeter
G1 Z118.317 X161.007 Y270.897 E26.86189 ; perimeter
G1 Z118.338 X153.125 Y267.950 E45.54066 ; perimeter
G1 Z118.351 X148.608 Y265.892 E26.86323 ; perimeter
G1 Z118.363 X144.205 Y263.600 E26.86379 ; perimeter
G1 Z118.384 X137.030 Y259.203 E45.54179 ; perimeter
G1 Z118.397 X132.989 Y256.320 E26.86471 ; perimeter
G1 Z118.409 X129.073 Y253.206 E27.07684 ; perimeter
G1 Z118.422 X125.326 Y249.891 E27.07532 ; perimeter
G1 Z118.434 X121.786 Y246.411 E26.86506 ; perimeter
G1 Z118.455 X116.209 Y240.109 E45.54304 ; perimeter
G1 Z118.468 X113.188 Y236.171 E26.86085 ; perimeter
G1 Z118.480 X110.354 Y232.048 E27.07610 ; perimeter
G1 Z118.493 X107.740 Y227.782 E27.07668 ; perimeter
G1 Z118.500 X106.315 Y225.158 E16.15976 ; perimeter
;LAYER_CHANGE
;Z:120
;HEIGHT:1.5
G1 Z118.500 F960 ; simple layer change
G1 F2400
G1 Z118.505 X105.371 Y223.419 E10.70853 ; perimeter
G1 Z118.526 X101.882 Y215.762 E45.53808 ; perimeter
G1 Z118.538 X100.143 Y211.112 E26.86759 ; perimeter
G1 Z118.551 X98.639 Y206.341 E27.07273 ; perimeter
G1 Z118.563 X97.385 Y201.492 E27.10563 ; perimeter
G1 Z118.575 X96.487 Y197.125 E24.12831 ; perimeter
G1 Z118.584 X95.868 Y193.311 E20.91101 ; perimeter
G1 Z118.597 X95.300 Y188.329 E27.13683 ; perimeter
G1 Z118.609 X94.995 Y183.335 E27.07739 ; perimeter
G1 Z118.622 X94.951 Y178.332 E27.07679 ; perimeter
G1 Z118.634 X95.169 Y173.334 E27.07440 ; perimeter
G1 Z118.647 X95.645 Y168.393 E26.86400 ; perimeter
G1 Z118.668 X97.034 Y160.093 E45.54350 ; perimeter
G1 Z118.680 X98.193 Y155.266 E26.86556 ; perimeter
G1 Z118.692 X99.603 Y150.507 E26.86197 ; perimeter
G1 Z118.713 X102.550 Y142.625 E45.54066 ; perimeter
G1 Z118.726 X104.608 Y138.108 E26.86322 ; perimeter
G1 Z118.738 X106.982 Y133.705 E27.07288 ; perimeter
G1 Z118.751 X109.481 Y129.368 E27.08611 ; perimeter
G1 Z118.772 X114.174 Y122.497 E45.02972 ; perimeter
G1 Z118.784 X117.294 Y118.573 E27.13407 ; perimeter
G1 Z118.797 X120.609 Y114.826 E27.07532 ; perimeter
G1 Z118.809 X124.089 Y111.286 E26.86503 ; perimeter
G1 Z118.830 X130.391 Y105.709 E45.54310 ; perimeter
G1 Z118.843 X134.329 Y102.688 E26.86078 ; perimeter
G1 Z118.855 X138.452 Y99.854 E27.07608 ; perimeter
G1 Z118.868 X142.722 Y97.237 E27.10359 ; perimeter
G1 Z118.879 X146.636 Y95.101 E24.13106 ; perimeter
G1 Z118.888 X150.103 Y93.395 E20.91158 ; perimeter
G1 Z118.901 X154.701 Y91.395 E27.13605 ; perimeter
G1 Z118.913 X159.388 Y89.643 E27.07975 ; perimeter
G1 Z118.926 X164.122 Y88.150 E26.86379 ; perimeter
G1 Z118.947 X172.304 Y86.186 E45.53806 ; perimeter
G1 Z118.959 X177.200 Y85.367 E26.86475 ; perimeter
G1 Z118.972 X182.171 Y84.800 E27.07707 ; perimeter
G1 Z118.984 X187.170 Y84.495 E27.10440 ; perimeter
G1 Z119.005 X195.490 Y84.567 E45.02862 ; perimeter
G1 Z119.018 X200.489 Y84.960 E27.13756 ; perimeter
G1 Z119.030 X205.449 Y85.613 E27.07475 ; perimeter
G1 Z119.043 X210.369 Y86.525 E27.08004 ; perimeter
G1 Z119.055 X215.234 Y87.693 E27.07707 ; perimeter
G1 Z119.067 X219.993 Y89.103 E26.86189 ; perimeter
G1 Z119.088 X227.875 Y92.050 E45.54074 ; perimeter
G1 Z119.101 X232.397 Y94.110 E26.89234 ; perimeter
G1 Z119.112 X236.356 Y96.161 E24.13017 ; perimeter
G1 Z119.122 X239.709 Y98.080 E20.90777 ; perimeter
G1 Z119.134 X243.938 Y100.774 E27.13635 ; perimeter
G1 Z119.147 X248.011 Y103.680 E27.07790 ; perimeter
G1 Z119.159 X251.927 Y106.794 E27.07693 ; perimeter
G1 Z119.172 X255.674 Y110.109 E27.07526 ; perimeter
G1 Z119.184 X259.214 Y113.589 E26.86515 ; perimeter
G1 Z119.205 X264.791 Y119.891 E45.54298 ; perimeter
G1 Z119.218 X267.812 Y123.829 E26.86092 ; perimeter
G1 Z119.230 X270.646 Y127.952 E27.07607 ; perimeter
G1 Z119.243 X273.260 Y132.218 E27.07668 ; perimeter
G1 Z119.255 X275.648 Y136.615 E27.07906 ; perimeter
G1 Z119.268 X277.803 Y141.135 E27.09970 ; perimeter
G1 Z119.288 X280.813 Y148.891 E45.02158 ; perimeter
G1 Z119.301 X282.360 Y153.659 E27.13306 ; perimeter
G1 Z119.313 X283.614 Y158.503 E27.07761 ; perimeter
G1 Z119.326 X284.611 Y163.406 E27.07758 ; perimeter
G1 Z119.338 X285.351 Y168.354 E27.07590 ; perimeter
G1 Z119.351 X285.827 Y173.295 E26.86400 ; perimeter
G1 Z119.372 X286.047 Y181.707 E45.54047 ; perimeter
G1 Z119.384 X285.830 Y186.666 E26.86330 ; perimeter
G1 Z119.397 X285.355 Y191.607 E26.86348 ; perimeter
G1 Z119.418 X283.972 Y199.868 E45.32990 ; perimeter
G1 Z119.438 X281.875 Y207.977 E45.32868 ; perimeter
G1 Z119.451 X280.300 Y212.685 E26.86726 ; perimeter
G1 Z119.463 X278.466 Y217.340 E27.07713 ; perimeter
G1 Z119.476 X276.392 Y221.892 E27.07150 ; perimeter
G1 Z119.488 X274.100 Y226.295 E26.86379 ; perimeter
G1 Z119.509 X269.703 Y233.470 E45.54179 ; perimeter
G1 Z119.522 X266.820 Y237.511 E26.86464 ; perimeter
G1 Z119.534 X263.706 Y241.427 E27.07690 ; perimeter
G1 Z119.547 X260.391 Y245.174 E27.07538 ; perimeter
G1 Z119.559 X256.884 Y248.742 E27.07550 ; perimeter
G1 Z119.572 X253.195 Y252.123 E27.08108 ; perimeter
G1 Z119.584 X249.365 Y255.280 E26.86148 ; perimeter
G1 Z119.605 X242.514 Y260.167 E45.54337 ; perimeter
G1 Z119.618 X238.282 Y262.760 E26.86041 ; perimeter
G1 Z119.630 X233.919 Y265.129 E26.86829 ; perimeter
G1 Z119.651 X226.298 Y268.602 E45.32491 ; perimeter
G1 Z119.672 X218.402 Y271.398 E45.33236 ; perimeter
G1 Z119.684 X213.619 Y272.725 E26.86289 ; perimeter
G1 Z119.697 X208.734 Y273.808 E27.07904 ; perimeter
G1 Z119.709 X203.800 Y274.633 E27.07302 ; perimeter
G1 Z119.722 X198.829 Y275.200 E27.07699 ; perimeter
G1 Z119.734 X193.835 Y275.505 E27.07739 ; perimeter
G1 Z119.747 X188.832 Y275.549 E27.07679 ; perimeter
G1 Z119.759 X183.834 Y275.331 E27.07440 ; perimeter
G1 Z119.772 X178.893 Y274.855 E26.86400 ; perimeter
G1 Z119.793 X170.593 Y273.466 E45.54342 ; perimeter
G1 Z119.805 X165.766 Y272.307 E26.86572 ; perimeter
G1 Z119.817 X161.007 Y270.897 E26.86197 ; perimeter
G1 Z119.838 X153.125 Y267.950 E45.54059 ; perimeter
G1 Z119.851 X148.608 Y265.892 E26.86323 ; perimeter
G1 Z119.863 X144.205 Y263.600 E26.86379 ; perimeter
G1 Z119.884 X137.030 Y259.203 E45.54179 ; perimeter
G1 Z119.897 X132.989 Y256.320 E26.86471 ; perimeter
G1 Z119.909 X129.073 Y253.206 E27.07684 ; perimeter
G1 Z119.922 X125.326 Y249.891 E27.07532 ; perimeter
G1 Z119.934 X121.786 Y246.411 E26.86503 ; perimeter
G1 Z119.955 X116.209 Y240.109 E45.54307 ; perimeter
G1 Z119.968 X113.188 Y236.171 E26.86085 ; perimeter
G1 Z119.980 X110.354 Y232.048 E27.07610 ; perimeter
G1 Z119.993 X107.740 Y227.782 E27.07668 ; perimeter
G1 Z120.000 X106.315 Y225.158 E16.15976 ; perimeter
;LAYER_CHANGE
;Z:121.5
;HEIGHT:1.5
G1 Z120.000 F960 ; simple layer change
G1 F2400
G1 Z120.005 X105.371 Y223.419 E10.70853 ; perimeter
G1 Z120.026 X101.882 Y215.762 E45.53819 ; perimeter
G1 Z120.038 X100.143 Y211.112 E26.86750 ; perimeter
G1 Z120.051 X98.639 Y206.341 E27.07272 ; perimeter
G1 Z120.063 X97.386 Y201.497 E27.07811 ; perimeter
G1 Z120.076 X96.400 Y196.592 E27.07512 ; perimeter
G1 Z120.088 X95.676 Y191.643 E27.07021 ; perimeter
G1 Z120.101 X95.199 Y186.703 E26.85651 ; perimeter
G1 Z120.122 X94.953 Y178.293 E45.53596 ; perimeter
G1 Z120.134 X95.169 Y173.334 E26.86288 ; perimeter
G1 Z120.147 X95.645 Y168.393 E26.86408 ; perimeter
G1 Z120.168 X97.034 Y160.093 E45.54342 ; perimeter
G1 Z120.180 X98.193 Y155.266 E26.86573 ; perimeter
G1 Z120.192 X99.603 Y150.507 E26.86188 ; perimeter
G1 Z120.213 X102.550 Y142.625 E45.54068 ; perimeter
G1 Z120.226 X104.608 Y138.108 E26.86323 ; perimeter
G1 Z120.238 X106.918 Y133.670 E27.07678 ; perimeter
G1 Z120.251 X109.460 Y129.355 E27.10328 ; perimeter
G1 Z120.272 X114.173 Y122.498 E45.02979 ; perimeter
G1 Z120.284 X117.294 Y118.573 E27.13872 ; perimeter
G1 Z120.297 X120.609 Y114.826 E27.07535 ; perimeter
G1 Z120.309 X124.089 Y111.286 E26.86500 ; perimeter
G1 Z120.330 X130.391 Y105.709 E45.54304 ; perimeter
G1 Z120.343 X134.329 Y102.688 E26.86085 ; perimeter
G1 Z120.355 X138.452 Y99.854 E27.07610 ; perimeter
G1 Z120.368 X142.722 Y97.237 E27.10362 ; perimeter
G1 Z120.379 X146.649 Y95.095 E24.20862 ; perimeter
G1 Z120.388 X150.103 Y93.395 E20.83408 ; perimeter
G1 Z120.401 X154.701 Y91.395 E27.13603 ; perimeter
G1 Z120.413 X159.388 Y89.643 E27.07977 ; perimeter
G1 Z120.426 X164.122 Y88.150 E26.86394 ; perimeter
G1 Z120.447 X172.304 Y86.186 E45.53793 ; perimeter
G1 Z120.459 X177.200 Y85.367 E26.86483 ; perimeter
G1 Z120.472 X182.171 Y84.800 E27.07698 ; perimeter
G1 Z120.484 X187.170 Y84.495 E27.10432 ; perimeter
G1 Z120.505 X195.490 Y84.567 E45.02887 ; perimeter
G1 Z120.518 X200.489 Y84.960 E27.13756 ; perimeter
G1 Z120.530 X205.449 Y85.613 E27.07458 ; perimeter
G1 Z120.543 X210.369 Y86.525 E27.08006 ; perimeter
G1 Z120.555 X215.234 Y87.693 E27.07705 ; perimeter
G1 Z120.567 X219.993 Y89.103 E26.86198 ; perimeter
G1 Z120.588 X227.875 Y92.050 E45.54066 ; perimeter
G1 Z120.601 X232.392 Y94.108 E26.86330 ; perimeter
G1 Z120.613 X236.792 Y96.405 E26.86248 ; perimeter
G1 Z120.634 X243.970 Y100.797 E45.54070 ; perimeter
G1 Z120.647 X248.011 Y103.680 E26.86486 ; perimeter
G1 Z120.659 X251.927 Y106.794 E27.07672 ; perimeter
G1 Z120.672 X255.674 Y110.109 E27.07537 ; perimeter
G1 Z120.684 X259.214 Y113.589 E26.86503 ; perimeter
G1 Z120.705 X264.791 Y119.891 E45.54290 ; perimeter
G1 Z120.718 X267.812 Y123.829 E26.86095 ; perimeter
G1 Z120.730 X270.646 Y127.952 E27.07614 ; perimeter
G1 Z120.743 X273.260 Y132.218 E27.07668 ; perimeter
G1 Z120.755 X275.648 Y136.615 E27.07906 ; perimeter
G1 Z120.768 X277.801 Y141.131 E27.07555 ; perimeter
G1 Z120.780 X279.662 Y145.732 E26.86178 ; perimeter
G1 Z120.801 X282.371 Y153.697 E45.52888 ; perimeter
G1 Z120.813 X283.614 Y158.503 E26.86547 ; perimeter
G1 Z120.826 X284.611 Y163.406 E27.07758 ; perimeter
G1 Z120.838 X285.351 Y168.354 E27.07590 ; perimeter
G1 Z120.851 X285.827 Y173.295 E26.86400 ; perimeter
G1 Z120.872 X286.047 Y181.707 E45.54047 ; perimeter
G1 Z120.884 X285.830 Y186.666 E26.86330 ; perimeter
G1 Z120.897 X285.355 Y191.607 E26.86348 ; perimeter
G1 Z120.918 X283.972 Y199.868 E45.32990 ; perimeter
G1 Z120.938 X281.875 Y207.977 E45.32876 ; perimeter
G1 Z120.951 X280.300 Y212.685 E26.86718 ; perimeter
G1 Z120.963 X278.466 Y217.340 E27.07713 ; perimeter
G1 Z120.976 X276.392 Y221.892 E27.07150 ; perimeter
G1 Z120.988 X274.100 Y226.295 E26.86386 ; perimeter
G1 Z121.009 X269.703 Y233.470 E45.54172 ; perimeter
G1 Z121.022 X266.820 Y237.511 E26.86464 ; perimeter
G1 Z121.034 X263.706 Y241.427 E27.07690 ; perimeter
G1 Z121.047 X260.391 Y245.174 E27.07532 ; perimeter
G1 Z121.059 X256.884 Y248.742 E27.07556 ; perimeter
G1 Z121.072 X253.195 Y252.123 E27.08102 ; perimeter
G1 Z121.084 X249.365 Y255.280 E26.86165 ; perimeter
G1 Z121.105 X242.514 Y260.167 E45.54324 ; perimeter
G1 Z121.118 X238.282 Y262.760 E26.86041 ; perimeter
G1 Z121.130 X233.919 Y265.129 E26.86829 ; perimeter
G1 Z121.151 X226.298 Y268.602 E45.32491 ; perimeter
G1 Z121.172 X218.402 Y271.398 E45.33236 ; perimeter
G1 Z121.184 X213.619 Y272.725 E26.86281 ; perimeter
G1 Z121.197 X208.734 Y273.808 E27.07904 ; perimeter
G1 Z121.209 X203.800 Y274.633 E27.07310 ; perimeter
G1 Z121.222 X198.829 Y275.200 E27.07699 ; perimeter
G1 Z121.234 X193.835 Y275.505 E27.07739 ; perimeter
G1 Z121.247 X188.832 Y275.549 E27.07679 ; perimeter
G1 Z121.259 X183.834 Y275.331 E27.07440 ; perimeter
G1 Z121.272 X178.893 Y274.855 E26.86400 ; perimeter
G1 Z121.293 X170.593 Y273.466 E45.54342 ; perimeter
G1 Z121.305 X165.766 Y272.307 E26.86572 ; perimeter
G1 Z121.317 X161.007 Y270.897 E26.86189 ; perimeter
G1 Z121.338 X153.125 Y267.950 E45.54066 ; perimeter
G1 Z121.351 X148.608 Y265.892 E26.86323 ; perimeter
G1 Z121.363 X144.205 Y263.600 E26.86379 ; perimeter
G1 Z121.384 X137.030 Y259.203 E45.54179 ; perimeter
G1 Z121.397 X132.989 Y256.320 E26.86471 ; perimeter
G1 Z121.409 X129.073 Y253.206 E27.07684 ; perimeter
G1 Z121.422 X125.326 Y249.891 E27.07532 ; perimeter
G1 Z121.434 X121.786 Y246.411 E26.86506 ; perimeter
G1 Z121.455 X116.209 Y240.109 E45.54304 ; perimeter
G1 Z121.468 X113.188 Y236.171 E26.86085 ; perimeter
G1 Z121.480 X110.354 Y232.048 E27.07610 ; perimeter
G1 Z121.493 X107.740 Y227.782 E27.07668 ; perimeter
G1 Z121.500 X106.315 Y225.158 E16.15976 ; perimeter
;LAYER_CHANGE
;Z:123
;HEIGHT:1.5
G1 Z121.500 F960 ; simple layer change
G1 F2400
G1 Z121.505 X105.371 Y223.419 E10.70853 ; perimeter
G1 Z121.526 X101.882 Y215.762 E45.53817 ; perimeter
G1 Z121.538 X100.143 Y211.112 E26.86750 ; perimeter
G1 Z121.551 X98.639 Y206.341 E27.07273 ; perimeter
G1 Z121.563 X97.385 Y201.493 E27.10033 ; perimeter
G1 Z121.575 X96.490 Y197.095 E24.28858 ; perimeter
G1 Z121.584 X95.896 Y193.307 E20.75257 ; perimeter
G1 Z121.597 X95.327 Y188.326 E27.12889 ; perimeter
G1 Z121.609 X95.078 Y183.333 E27.05806 ; perimeter
G1 Z121.622 X94.954 Y178.332 E27.07281 ; perimeter
G1 Z121.634 X95.169 Y173.334 E27.07334 ; perimeter
G1 Z121.647 X95.645 Y168.393 E26.86400 ; perimeter
G1 Z121.668 X97.034 Y160.093 E45.54334 ; perimeter
G1 Z121.680 X98.193 Y155.266 E26.86580 ; perimeter
G1 Z121.692 X99.603 Y150.507 E26.86188 ; perimeter
G1 Z121.713 X102.550 Y142.625 E45.54068 ; perimeter
G1 Z121.726 X104.608 Y138.108 E26.86323 ; perimeter
G1 Z121.738 X106.918 Y133.670 E27.07673 ; perimeter
G1 Z121.751 X109.460 Y129.355 E27.10335 ; perimeter
G1 Z121.772 X114.173 Y122.498 E45.02669 ; perimeter
G1 Z121.784 X117.294 Y118.573 E27.14164 ; perimeter
G1 Z121.797 X120.609 Y114.826 E27.07532 ; perimeter
G1 Z121.809 X124.089 Y111.286 E26.86500 ; perimeter
G1 Z121.830 X130.391 Y105.709 E45.54308 ; perimeter
G1 Z121.843 X134.329 Y102.688 E26.86087 ; perimeter
G1 Z121.855 X138.452 Y99.854 E27.07610 ; perimeter
G1 Z121.868 X142.722 Y97.237 E27.10362 ; perimeter
G1 Z121.879 X146.662 Y95.088 E24.28832 ; perimeter
G1 Z121.888 X150.102 Y93.395 E20.74946 ; perimeter
G1 Z121.901 X154.701 Y91.395 E27.14086 ; perimeter
G1 Z121.913 X159.388 Y89.643 E27.07975 ; perimeter
G1 Z121.926 X164.122 Y88.150 E26.86387 ; perimeter
G1 Z121.947 X172.304 Y86.186 E45.53800 ; perimeter
G1 Z121.959 X177.200 Y85.367 E26.86482 ; perimeter
G1 Z121.972 X182.171 Y84.800 E27.07707 ; perimeter
G1 Z121.984 X187.169 Y84.495 E27.09890 ; perimeter
G1 Z122.005 X195.490 Y84.567 E45.03402 ; perimeter
G1 Z122.018 X200.489 Y84.960 E27.13772 ; perimeter
G1 Z122.030 X205.449 Y85.613 E27.07457 ; perimeter
G1 Z122.043 X210.369 Y86.525 E27.08023 ; perimeter
G1 Z122.055 X215.234 Y87.693 E27.07707 ; perimeter
G1 Z122.067 X219.993 Y89.103 E26.86180 ; perimeter
G1 Z122.088 X227.875 Y92.050 E45.54066 ; perimeter
G1 Z122.101 X232.396 Y94.110 E26.88734 ; perimeter
G1 Z122.112 X236.378 Y96.179 E24.28753 ; perimeter
G1 Z122.122 X239.681 Y98.125 E20.74733 ; perimeter
G1 Z122.134 X243.937 Y100.775 E27.13302 ; perimeter
G1 Z122.147 X248.011 Y103.680 E27.07727 ; perimeter
G1 Z122.159 X251.927 Y106.794 E27.07681 ; perimeter
G1 Z122.172 X255.674 Y110.109 E27.07526 ; perimeter
G1 Z122.184 X259.214 Y113.589 E26.86515 ; perimeter
G1 Z122.205 X264.791 Y119.891 E45.54304 ; perimeter
G1 Z122.218 X267.812 Y123.829 E26.86085 ; perimeter
G1 Z122.230 X270.646 Y127.952 E27.07614 ; perimeter
G1 Z122.243 X273.260 Y132.218 E27.07664 ; perimeter
G1 Z122.255 X275.648 Y136.615 E27.07906 ; perimeter
G1 Z122.268 X277.801 Y141.131 E27.07555 ; perimeter
G1 Z122.280 X279.701 Y145.717 E26.86473 ; perimeter
G1 Z122.301 X282.371 Y153.697 E45.54020 ; perimeter
G1 Z122.313 X283.614 Y158.503 E26.86543 ; perimeter
G1 Z122.326 X284.611 Y163.406 E27.07758 ; perimeter
G1 Z122.338 X285.351 Y168.354 E27.07590 ; perimeter
G1 Z122.351 X285.827 Y173.295 E26.86400 ; perimeter
G1 Z122.372 X286.047 Y181.707 E45.54047 ; perimeter
G1 Z122.384 X285.830 Y186.666 E26.86330 ; perimeter
G1 Z122.397 X285.355 Y191.607 E26.86348 ; perimeter
G1 Z122.418 X283.972 Y199.868 E45.32990 ; perimeter
G1 Z122.438 X281.875 Y207.977 E45.32883 ; perimeter
G1 Z122.451 X280.300 Y212.685 E26.86710 ; perimeter
G1 Z122.463 X278.466 Y217.340 E27.07713 ; perimeter
G1 Z122.476 X276.392 Y221.892 E27.07150 ; perimeter
G1 Z122.488 X274.100 Y226.295 E26.86379 ; perimeter
G1 Z122.509 X269.703 Y233.470 E45.54179 ; perimeter
G1 Z122.522 X266.820 Y237.511 E26.86478 ; perimeter
G1 Z122.534 X263.706 Y241.427 E27.07677 ; perimeter
G1 Z122.547 X260.391 Y245.174 E27.07538 ; perimeter
G1 Z122.559 X256.884 Y248.742 E27.07550 ; perimeter
G1 Z122.572 X253.195 Y252.123 E27.08108 ; perimeter
G1 Z122.584 X249.365 Y255.280 E26.86148 ; perimeter
G1 Z122.605 X242.514 Y260.167 E45.54337 ; perimeter
G1 Z122.618 X238.282 Y262.760 E26.86041 ; perimeter
G1 Z122.630 X233.919 Y265.129 E26.86829 ; perimeter
G1 Z122.651 X226.298 Y268.602 E45.32491 ; perimeter
G1 Z122.672 X218.402 Y271.398 E45.33236 ; perimeter
G1 Z122.684 X213.619 Y272.725 E26.86289 ; perimeter
G1 Z122.697 X208.734 Y273.808 E27.07904 ; perimeter
G1 Z122.709 X203.800 Y274.633 E27.07302 ; perimeter
G1 Z122.722 X198.829 Y275.200 E27.07699 ; perimeter
G1 Z122.734 X193.835 Y275.505 E27.07739 ; perimeter
G1 Z122.747 X188.832 Y275.549 E27.07679 ; perimeter
G1 Z122.759 X183.834 Y275.331 E27.07440 ; perimeter
G1 Z122.772 X178.893 Y274.855 E26.86400 ; perimeter
G1 Z122.793 X170.593 Y273.466 E45.54342 ; perimeter
G1 Z122.805 X165.766 Y272.307 E26.86572 ; perimeter
G1 Z122.817 X161.007 Y270.897 E26.86197 ; perimeter
G1 Z122.838 X153.125 Y267.950 E45.54059 ; perimeter
G1 Z122.851 X148.608 Y265.892 E26.86323 ; perimeter
G1 Z122.863 X144.205 Y263.600 E26.86379 ; perimeter
G1 Z122.884 X137.030 Y259.203 E45.54179 ; perimeter
G1 Z122.897 X132.989 Y256.320 E26.86471 ; perimeter
G1 Z122.909 X129.073 Y253.206 E27.07684 ; perimeter
G1 Z122.922 X125.326 Y249.891 E27.07532 ; perimeter
G1 Z122.934 X121.786 Y246.411 E26.86506 ; perimeter
G1 Z122.955 X116.209 Y240.109 E45.54304 ; perimeter
G1 Z122.968 X113.188 Y236.171 E26.86085 ; perimeter
G1 Z122.980 X110.354 Y232.048 E27.07610 ; perimeter
G1 Z122.993 X107.740 Y227.782 E27.07668 ; perimeter
G1 Z123.000 X106.315 Y225.158 E16.15976 ; perimeter
;LAYER_CHANGE
;Z:124.5
;HEIGHT:1.5
G1 Z123.000 F960 ; simple layer change
G1 F2400
G1 Z123.005 X105.371 Y223.419 E10.70853 ; perimeter
G1 Z123.026 X101.882 Y215.762 E45.53817 ; perimeter
G1 Z123.038 X100.143 Y211.112 E26.86750 ; perimeter
G1 Z123.051 X98.639 Y206.341 E27.07273 ; perimeter
G1 Z123.063 X97.385 Y201.493 E27.10040 ; perimeter
G1 Z123.075 X96.479 Y197.083 E24.36496 ; perimeter
G1 Z123.084 X95.868 Y193.312 E20.67449 ; perimeter
G1 Z123.097 X95.300 Y188.329 E27.14206 ; perimeter
G1 Z123.109 X94.995 Y183.335 E27.07747 ; perimeter
G1 Z123.122 X94.951 Y178.332 E27.07671 ; perimeter
G1 Z123.134 X95.169 Y173.334 E27.07440 ; perimeter
G1 Z123.147 X95.645 Y168.393 E26.86400 ; perimeter
G1 Z123.168 X97.034 Y160.093 E45.54342 ; perimeter
G1 Z123.180 X98.193 Y155.266 E26.86572 ; perimeter
G1 Z123.192 X99.603 Y150.507 E26.86189 ; perimeter
G1 Z123.213 X102.550 Y142.625 E45.54066 ; perimeter
G1 Z123.226 X104.608 Y138.108 E26.86321 ; perimeter
G1 Z123.238 X106.918 Y133.670 E27.07682 ; perimeter
G1 Z123.251 X109.460 Y129.355 E27.10330 ; perimeter
G1 Z123.272 X114.172 Y122.498 E45.02666 ; perimeter
G1 Z123.284 X117.294 Y118.573 E27.14191 ; perimeter
G1 Z123.297 X120.609 Y114.826 E27.07535 ; perimeter
G1 Z123.309 X124.089 Y111.286 E26.86503 ; perimeter
G1 Z123.330 X130.391 Y105.709 E45.54304 ; perimeter
G1 Z123.343 X134.329 Y102.688 E26.86085 ; perimeter
G1 Z123.355 X138.452 Y99.854 E27.07610 ; perimeter
G1 Z123.368 X142.722 Y97.237 E27.10362 ; perimeter
G1 Z123.379 X146.675 Y95.081 E24.36825 ; perimeter
G1 Z123.388 X150.102 Y93.395 E20.66955 ; perimeter
G1 Z123.401 X154.701 Y91.395 E27.14099 ; perimeter
G1 Z123.413 X159.392 Y89.642 E27.10197 ; perimeter
G1 Z123.425 X163.685 Y88.285 E24.36588 ; perimeter
G1 Z123.434 X167.385 Y87.340 E20.66667 ; perimeter
G1 Z123.447 X172.266 Y86.194 E27.13691 ; perimeter
G1 Z123.459 X177.200 Y85.367 E27.07218 ; perimeter
G1 Z123.472 X182.171 Y84.800 E27.07707 ; perimeter
G1 Z123.484 X187.169 Y84.495 E27.09900 ; perimeter
G1 Z123.505 X195.489 Y84.567 E45.02870 ; perimeter
G1 Z123.518 X200.489 Y84.960 E27.14304 ; perimeter
G1 Z123.530 X205.449 Y85.613 E27.07458 ; perimeter
G1 Z123.543 X210.369 Y86.525 E27.08005 ; perimeter
G1 Z123.555 X215.234 Y87.693 E27.07724 ; perimeter
G1 Z123.567 X219.993 Y89.103 E26.86172 ; perimeter
G1 Z123.588 X227.875 Y92.050 E45.54074 ; perimeter
G1 Z123.601 X232.392 Y94.108 E26.86327 ; perimeter
G1 Z123.613 X236.792 Y96.405 E26.86253 ; perimeter
G1 Z123.634 X243.970 Y100.797 E45.54084 ; perimeter
G1 Z123.647 X248.011 Y103.680 E26.86477 ; perimeter
G1 Z123.659 X251.927 Y106.794 E27.07681 ; perimeter
G1 Z123.672 X255.674 Y110.109 E27.07526 ; perimeter
G1 Z123.684 X259.214 Y113.589 E26.86515 ; perimeter
G1 Z123.705 X264.791 Y119.891 E45.54304 ; perimeter
G1 Z123.718 X267.812 Y123.829 E26.86085 ; perimeter
G1 Z123.730 X270.646 Y127.952 E27.07614 ; perimeter
G1 Z123.743 X273.260 Y132.218 E27.07664 ; perimeter
G1 Z123.755 X275.648 Y136.615 E27.07906 ; perimeter
G1 Z123.768 X277.801 Y141.131 E27.07555 ; perimeter
G1 Z123.780 X279.701 Y145.717 E26.86473 ; perimeter
G1 Z123.801 X282.371 Y153.697 E45.54020 ; perimeter
G1 Z123.813 X283.614 Y158.503 E26.86543 ; perimeter
G1 Z123.826 X284.611 Y163.406 E27.07758 ; perimeter
G1 Z123.838 X285.351 Y168.354 E27.07590 ; perimeter
G1 Z123.851 X285.827 Y173.295 E26.86400 ; perimeter
G1 Z123.872 X286.047 Y181.707 E45.54047 ; perimeter
G1 Z123.884 X285.830 Y186.666 E26.86330 ; perimeter
G1 Z123.897 X285.355 Y191.607 E26.86348 ; perimeter
G1 Z123.918 X283.972 Y199.868 E45.32990 ; perimeter
G1 Z123.938 X281.875 Y207.977 E45.32883 ; perimeter
G1 Z123.951 X280.300 Y212.685 E26.86710 ; perimeter
G1 Z123.963 X278.466 Y217.340 E27.07713 ; perimeter
G1 Z123.976 X276.392 Y221.892 E27.07150 ; perimeter
G1 Z123.988 X274.100 Y226.295 E26.86379 ; perimeter
G1 Z124.009 X269.703 Y233.470 E45.54179 ; perimeter
G1 Z124.022 X266.820 Y237.511 E26.86478 ; perimeter
G1 Z124.034 X263.706 Y241.427 E27.07677 ; perimeter
G1 Z124.047 X260.391 Y245.174 E27.07538 ; perimeter
G1 Z124.059 X256.884 Y248.742 E27.07550 ; perimeter
G1 Z124.072 X253.195 Y252.123 E27.08108 ; perimeter
G1 Z124.084 X249.365 Y255.280 E26.86148 ; perimeter
G1 Z124.105 X242.514 Y260.167 E45.54337 ; perimeter
G1 Z124.118 X238.282 Y262.760 E26.86041 ; perimeter
G1 Z124.130 X233.919 Y265.129 E26.86829 ; perimeter
G1 Z124.151 X226.298 Y268.602 E45.32491 ; perimeter
G1 Z124.172 X218.402 Y271.398 E45.33236 ; perimeter
G1 Z124.184 X213.619 Y272.725 E26.86289 ; perimeter
G1 Z124.197 X208.734 Y273.808 E27.07904 ; perimeter
G1 Z124.209 X203.800 Y274.633 E27.07302 ; perimeter
G1 Z124.222 X198.829 Y275.200 E27.07699 ; perimeter
G1 Z124.234 X193.835 Y275.505 E27.07739 ; perimeter
G1 Z124.247 X188.832 Y275.549 E27.07679 ; perimeter
G1 Z124.259 X183.834 Y275.331 E27.07440 ; perimeter
G1 Z124.272 X178.893 Y274.855 E26.86400 ; perimeter
G1 Z124.293 X170.593 Y273.466 E45.54342 ; perimeter
G1 Z124.305 X165.766 Y272.307 E26.86572 ; perimeter
G1 Z124.317 X161.007 Y270.897 E26.86197 ; perimeter
G1 Z124.338 X153.125 Y267.950 E45.54059 ; perimeter
G1 Z124.351 X148.608 Y265.892 E26.86323 ; perimeter
G1 Z124.363 X144.205 Y263.600 E26.86379 ; perimeter
G1 Z124.384 X137.030 Y259.203 E45.54179 ; perimeter
G1 Z124.397 X132.989 Y256.320 E26.86471 ; perimeter
G1 Z124.409 X129.073 Y253.206 E27.07684 ; perimeter
G1 Z124.422 X125.326 Y249.891 E27.07532 ; perimeter
G1 Z124.434 X121.786 Y246.411 E26.86506 ; perimeter
G1 Z124.455 X116.209 Y240.109 E45.54304 ; perimeter
G1 Z124.468 X113.188 Y236.171 E26.86085 ; perimeter
G1 Z124.480 X110.354 Y232.048 E27.07610 ; perimeter
G1 Z124.493 X107.740 Y227.782 E27.07668 ; perimeter
G1 Z124.500 X106.315 Y225.158 E16.15976 ; perimeter
;LAYER_CHANGE
;Z:126
;HEIGHT:1.5
G1 Z124.500 F960 ; simple layer change
G1 F2400
G1 Z124.505 X105.371 Y223.419 E10.70853 ; perimeter
G1 Z124.526 X101.882 Y215.762 E45.53817 ; perimeter
G1 Z124.538 X100.143 Y211.112 E26.86750 ; perimeter
G1 Z124.551 X98.639 Y206.341 E27.07273 ; perimeter
G1 Z124.563 X97.385 Y201.493 E27.10040 ; perimeter
G1 Z124.575 X96.477 Y197.068 E24.44755 ; perimeter
G1 Z124.584 X95.868 Y193.312 E20.59174 ; perimeter
G1 Z124.597 X95.300 Y188.329 E27.14213 ; perimeter
G1 Z124.609 X94.995 Y183.335 E27.07739 ; perimeter
G1 Z124.622 X94.951 Y178.332 E27.07679 ; perimeter
G1 Z124.634 X95.169 Y173.334 E27.07440 ; perimeter
G1 Z124.647 X95.645 Y168.393 E26.86400 ; perimeter
G1 Z124.668 X97.034 Y160.093 E45.54342 ; perimeter
G1 Z124.680 X98.193 Y155.266 E26.86572 ; perimeter
G1 Z124.692 X99.603 Y150.507 E26.86181 ; perimeter
G1 Z124.713 X102.550 Y142.625 E45.54074 ; perimeter
G1 Z124.726 X104.608 Y138.108 E26.86323 ; perimeter
G1 Z124.738 X106.918 Y133.670 E27.07678 ; perimeter
G1 Z124.751 X109.460 Y129.356 E27.09863 ; perimeter
G1 Z124.772 X114.172 Y122.498 E45.03130 ; perimeter
G1 Z124.784 X117.294 Y118.573 E27.14194 ; perimeter
G1 Z124.797 X120.609 Y114.826 E27.07529 ; perimeter
G1 Z124.809 X124.089 Y111.286 E26.86509 ; perimeter
G1 Z124.830 X130.391 Y105.709 E45.54301 ; perimeter
G1 Z124.843 X134.329 Y102.688 E26.86085 ; perimeter
G1 Z124.855 X138.452 Y99.854 E27.07612 ; perimeter
G1 Z124.868 X142.722 Y97.237 E27.10075 ; perimeter
G1 Z124.879 X146.687 Y95.075 E24.44364 ; perimeter
G1 Z124.888 X150.102 Y93.395 E20.59697 ; perimeter
G1 Z124.901 X154.701 Y91.395 E27.14099 ; perimeter
G1 Z124.913 X159.388 Y89.643 E27.07980 ; perimeter
G1 Z124.926 X164.124 Y88.157 E26.86232 ; perimeter
G1 Z124.947 X172.304 Y86.186 E45.53694 ; perimeter
G1 Z124.959 X177.200 Y85.367 E26.86494 ; perimeter
G1 Z124.972 X182.171 Y84.800 E27.07683 ; perimeter
G1 Z124.984 X187.169 Y84.495 E27.09908 ; perimeter
G1 Z125.005 X195.489 Y84.567 E45.02863 ; perimeter
G1 Z125.018 X200.489 Y84.960 E27.14304 ; perimeter
G1 Z125.030 X205.449 Y85.613 E27.07466 ; perimeter
G1 Z125.043 X210.369 Y86.525 E27.08006 ; perimeter
G1 Z125.055 X215.234 Y87.693 E27.07723 ; perimeter
G1 Z125.067 X219.993 Y89.103 E26.86180 ; perimeter
G1 Z125.088 X227.875 Y92.050 E45.54066 ; perimeter
G1 Z125.101 X232.392 Y94.108 E26.86323 ; perimeter
G1 Z125.113 X236.795 Y96.400 E26.86386 ; perimeter
G1 Z125.134 X243.970 Y100.797 E45.54172 ; perimeter
G1 Z125.147 X248.011 Y103.680 E26.86471 ; perimeter
G1 Z125.159 X251.927 Y106.794 E27.07684 ; perimeter
G1 Z125.172 X255.674 Y110.109 E27.07535 ; perimeter
G1 Z125.184 X259.214 Y113.589 E26.86506 ; perimeter
G1 Z125.205 X264.791 Y119.891 E45.54301 ; perimeter
G1 Z125.218 X267.812 Y123.829 E26.86085 ; perimeter
G1 Z125.230 X270.646 Y127.952 E27.07610 ; perimeter
G1 Z125.243 X273.260 Y132.218 E27.07668 ; perimeter
G1 Z125.255 X275.648 Y136.615 E27.07906 ; perimeter
G1 Z125.268 X277.801 Y141.131 E27.07555 ; perimeter
G1 Z125.280 X279.701 Y145.717 E26.86473 ; perimeter
G1 Z125.301 X282.371 Y153.697 E45.54020 ; perimeter
G1 Z125.313 X283.614 Y158.503 E26.86543 ; perimeter
G1 Z125.326 X284.611 Y163.406 E27.07758 ; perimeter
G1 Z125.338 X285.351 Y168.354 E27.07590 ; perimeter
G1 Z125.351 X285.827 Y173.295 E26.86400 ; perimeter
G1 Z125.372 X286.047 Y181.707 E45.54047 ; perimeter
G1 Z125.384 X285.830 Y186.666 E26.86330 ; perimeter
G1 Z125.397 X285.355 Y191.607 E26.86348 ; perimeter
G1 Z125.418 X283.972 Y199.868 E45.32990 ; perimeter
G1 Z125.438 X281.875 Y207.977 E45.32876 ; perimeter
G1 Z125.451 X280.300 Y212.685 E26.86718 ; perimeter
G1 Z125.463 X278.466 Y217.340 E27.07713 ; perimeter
G1 Z125.476 X276.392 Y221.892 E27.07150 ; perimeter
G1 Z125.488 X274.100 Y226.295 E26.86372 ; perimeter
G1 Z125.509 X269.703 Y233.470 E45.54187 ; perimeter
G1 Z125.522 X266.820 Y237.511 E26.86471 ; perimeter
G1 Z125.534 X263.706 Y241.427 E27.07684 ; perimeter
G1 Z125.547 X260.391 Y245.174 E27.07526 ; perimeter
G1 Z125.559 X256.884 Y248.742 E27.07562 ; perimeter
G1 Z125.572 X253.195 Y252.123 E27.08108 ; perimeter
G1 Z125.584 X249.365 Y255.280 E26.86154 ; perimeter
G1 Z125.605 X242.514 Y260.167 E45.54331 ; perimeter
G1 Z125.618 X238.282 Y262.760 E26.86041 ; perimeter
G1 Z125.630 X233.919 Y265.129 E26.86829 ; perimeter
G1 Z125.651 X226.298 Y268.602 E45.32491 ; perimeter
G1 Z125.672 X218.402 Y271.398 E45.33236 ; perimeter
G1 Z125.684 X213.619 Y272.725 E26.86289 ; perimeter
G1 Z125.697 X208.734 Y273.808 E27.07904 ; perimeter
G1 Z125.709 X203.800 Y274.633 E27.07294 ; perimeter
G1 Z125.722 X198.829 Y275.200 E27.07707 ; perimeter
G1 Z125.734 X193.835 Y275.505 E27.07739 ; perimeter
G1 Z125.747 X188.832 Y275.549 E27.07679 ; perimeter
G1 Z125.759 X183.834 Y275.331 E27.07440 ; perimeter
G1 Z125.772 X178.893 Y274.855 E26.86400 ; perimeter
G1 Z125.793 X170.593 Y273.466 E45.54342 ; perimeter
G1 Z125.805 X165.766 Y272.307 E26.86564 ; perimeter
G1 Z125.817 X161.007 Y270.897 E26.86197 ; perimeter
G1 Z125.838 X153.125 Y267.950 E45.54066 ; perimeter
G1 Z125.851 X148.608 Y265.892 E26.86323 ; perimeter
G1 Z125.863 X144.205 Y263.600 E26.86379 ; perimeter
G1 Z125.884 X137.030 Y259.203 E45.54179 ; perimeter
G1 Z125.897 X132.989 Y256.320 E26.86471 ; perimeter
G1 Z125.909 X129.073 Y253.206 E27.07684 ; perimeter
G1 Z125.922 X125.326 Y249.891 E27.07532 ; perimeter
G1 Z125.934 X121.786 Y246.411 E26.86506 ; perimeter
G1 Z125.955 X116.209 Y240.109 E45.54304 ; perimeter
G1 Z125.968 X113.188 Y236.171 E26.86085 ; perimeter
G1 Z125.980 X110.354 Y232.048 E27.07610 ; perimeter
G1 Z125.993 X107.740 Y227.782 E27.07668 ; perimeter
G1 Z126.000 X106.315 Y225.158 E16.15976 ; perimeter
;LAYER_CHANGE
;Z:127.5
;HEIGHT:1.5
G1 Z126.000 F960 ; simple layer change
G1 F2400
G1 Z126.005 X105.371 Y223.419 E10.70853 ; perimeter
G1 Z126.026 X101.882 Y215.762 E45.53817 ; perimeter
G1 Z126.038 X100.143 Y211.112 E26.86759 ; perimeter
G1 Z126.051 X98.639 Y206.341 E27.07264 ; perimeter
G1 Z126.063 X97.386 Y201.497 E27.07804 ; perimeter
G1 Z126.076 X96.398 Y196.592 E27.07559 ; perimeter
G1 Z126.088 X95.676 Y191.643 E27.07029 ; perimeter
G1 Z126.101 X95.199 Y186.703 E26.85655 ; perimeter
G1 Z126.122 X94.953 Y178.293 E45.53589 ; perimeter
G1 Z126.134 X95.169 Y173.334 E26.86304 ; perimeter
G1 Z126.147 X95.645 Y168.393 E26.86400 ; perimeter
G1 Z126.168 X97.034 Y160.093 E45.54334 ; perimeter
G1 Z126.180 X98.193 Y155.266 E26.86580 ; perimeter
G1 Z126.192 X99.603 Y150.507 E26.86189 ; perimeter
G1 Z126.213 X102.550 Y142.625 E45.54066 ; perimeter
G1 Z126.226 X104.610 Y138.104 E26.88739 ; perimeter
G1 Z126.247 X108.601 Y130.804 E45.02387 ; perimeter
G1 Z126.259 X111.333 Y126.603 E27.12385 ; perimeter
G1 Z126.272 X114.180 Y122.489 E27.07410 ; perimeter
G1 Z126.284 X117.294 Y118.573 E27.07683 ; perimeter
G1 Z126.297 X120.609 Y114.826 E27.07529 ; perimeter
G1 Z126.309 X124.089 Y111.286 E26.86512 ; perimeter
G1 Z126.330 X130.391 Y105.709 E45.54308 ; perimeter
G1 Z126.343 X134.329 Y102.688 E26.86078 ; perimeter
G1 Z126.355 X138.452 Y99.854 E27.07610 ; perimeter
G1 Z126.368 X142.722 Y97.238 E27.10077 ; perimeter
G1 Z126.379 X146.700 Y95.068 E24.52333 ; perimeter
G1 Z126.388 X150.102 Y93.395 E20.51707 ; perimeter
G1 Z126.401 X154.701 Y91.395 E27.14100 ; perimeter
G1 Z126.413 X159.391 Y89.642 E27.09689 ; perimeter
G1 Z126.425 X163.713 Y88.277 E24.52847 ; perimeter
G1 Z126.434 X167.384 Y87.340 E20.50412 ; perimeter
G1 Z126.447 X172.266 Y86.194 E27.14215 ; perimeter
G1 Z126.459 X177.200 Y85.367 E27.07226 ; perimeter
G1 Z126.472 X182.171 Y84.800 E27.07699 ; perimeter
G1 Z126.484 X187.169 Y84.495 E27.09900 ; perimeter
G1 Z126.505 X195.489 Y84.567 E45.02871 ; perimeter
G1 Z126.518 X200.489 Y84.960 E27.14288 ; perimeter
G1 Z126.530 X205.449 Y85.613 E27.07474 ; perimeter
G1 Z126.543 X210.369 Y86.525 E27.08014 ; perimeter
G1 Z126.555 X215.234 Y87.693 E27.07706 ; perimeter
G1 Z126.567 X219.993 Y89.103 E26.86189 ; perimeter
G1 Z126.588 X227.875 Y92.050 E45.54074 ; perimeter
G1 Z126.601 X232.396 Y94.110 E26.88736 ; perimeter
G1 Z126.612 X236.417 Y96.199 E24.52238 ; perimeter
G1 Z126.622 X239.681 Y98.125 E20.50797 ; perimeter
G1 Z126.634 X243.937 Y100.775 E27.13753 ; perimeter
G1 Z126.647 X248.011 Y103.680 E27.07745 ; perimeter
G1 Z126.659 X251.927 Y106.794 E27.07677 ; perimeter
G1 Z126.672 X255.674 Y110.109 E27.07532 ; perimeter
G1 Z126.684 X259.214 Y113.589 E26.86503 ; perimeter
G1 Z126.705 X264.791 Y119.891 E45.54304 ; perimeter
G1 Z126.718 X267.812 Y123.829 E26.86085 ; perimeter
G1 Z126.730 X270.646 Y127.952 E27.07607 ; perimeter
G1 Z126.743 X273.260 Y132.218 E27.07679 ; perimeter
G1 Z126.755 X275.648 Y136.615 E27.07899 ; perimeter
G1 Z126.768 X277.803 Y141.135 E27.09970 ; perimeter
G1 Z126.788 X280.812 Y148.890 E45.01647 ; perimeter
G1 Z126.801 X282.360 Y153.659 E27.13823 ; perimeter
G1 Z126.813 X283.614 Y158.503 E27.07761 ; perimeter
G1 Z126.826 X284.611 Y163.406 E27.07758 ; perimeter
G1 Z126.838 X285.351 Y168.354 E27.07590 ; perimeter
G1 Z126.851 X285.827 Y173.295 E26.86400 ; perimeter
G1 Z126.872 X286.047 Y181.707 E45.54047 ; perimeter
G1 Z126.884 X285.830 Y186.666 E26.86330 ; perimeter
G1 Z126.897 X285.355 Y191.607 E26.86348 ; perimeter
G1 Z126.918 X283.972 Y199.868 E45.32990 ; perimeter
G1 Z126.938 X281.875 Y207.977 E45.32883 ; perimeter
G1 Z126.951 X280.300 Y212.685 E26.86710 ; perimeter
G1 Z126.963 X278.466 Y217.340 E27.07713 ; perimeter
G1 Z126.976 X276.392 Y221.892 E27.07150 ; perimeter
G1 Z126.988 X274.100 Y226.295 E26.86379 ; perimeter
G1 Z127.009 X269.703 Y233.470 E45.54179 ; perimeter
G1 Z127.022 X266.820 Y237.511 E26.86478 ; perimeter
G1 Z127.034 X263.706 Y241.427 E27.07677 ; perimeter
G1 Z127.047 X260.391 Y245.174 E27.07538 ; perimeter
G1 Z127.059 X256.884 Y248.742 E27.07550 ; perimeter
G1 Z127.072 X253.195 Y252.123 E27.08108 ; perimeter
G1 Z127.084 X249.365 Y255.280 E26.86148 ; perimeter
G1 Z127.105 X242.514 Y260.167 E45.54337 ; perimeter
G1 Z127.118 X238.282 Y262.760 E26.86041 ; perimeter
G1 Z127.130 X233.919 Y265.129 E26.86829 ; perimeter
G1 Z127.151 X226.298 Y268.602 E45.32491 ; perimeter
G1 Z127.172 X218.402 Y271.398 E45.33236 ; perimeter
G1 Z127.184 X213.619 Y272.725 E26.86289 ; perimeter
G1 Z127.197 X208.734 Y273.808 E27.07904 ; perimeter
G1 Z127.209 X203.800 Y274.633 E27.07302 ; perimeter
G1 Z127.222 X198.829 Y275.200 E27.07699 ; perimeter
G1 Z127.234 X193.835 Y275.505 E27.07739 ; perimeter
G1 Z127.247 X188.832 Y275.549 E27.07679 ; perimeter
G1 Z127.259 X183.834 Y275.331 E27.07440 ; perimeter
G1 Z127.272 X178.893 Y274.855 E26.86400 ; perimeter
G1 Z127.293 X170.593 Y273.466 E45.54342 ; perimeter
G1 Z127.305 X165.766 Y272.307 E26.86572 ; perimeter
G1 Z127.317 X161.007 Y270.897 E26.86197 ; perimeter
G1 Z127.338 X153.125 Y267.950 E45.54059 ; perimeter
G1 Z127.351 X148.608 Y265.892 E26.86323 ; perimeter
G1 Z127.363 X144.205 Y263.600 E26.86379 ; perimeter
G1 Z127.384 X137.030 Y259.203 E45.54179 ; perimeter
G1 Z127.397 X132.989 Y256.320 E26.86471 ; perimeter
G1 Z127.409 X129.073 Y253.206 E27.07684 ; perimeter
G1 Z127.422 X125.326 Y249.891 E27.07532 ; perimeter
G1 Z127.434 X121.786 Y246.411 E26.86506 ; perimeter
G1 Z127.455 X116.209 Y240.109 E45.54304 ; perimeter
G1 Z127.468 X113.188 Y236.171 E26.86085 ; perimeter
G1 Z127.480 X110.354 Y232.048 E27.07610 ; perimeter
G1 Z127.493 X107.740 Y227.782 E27.07668 ; perimeter
G1 Z127.500 X106.315 Y225.158 E16.15976 ; perimeter
;LAYER_CHANGE
;Z:129
;HEIGHT:1.5
G1 Z127.500 F960 ; simple layer change
G1 F2400
G1 Z127.505 X105.371 Y223.419 E10.70853 ; perimeter
G1 Z127.526 X101.882 Y215.762 E45.53817 ; perimeter
G1 Z127.538 X100.143 Y211.112 E26.86759 ; perimeter
G1 Z127.551 X98.639 Y206.341 E27.07264 ; perimeter
G1 Z127.563 X97.385 Y201.493 E27.10034 ; perimeter
G1 Z127.575 X96.479 Y197.038 E24.60152 ; perimeter
G1 Z127.584 X95.896 Y193.308 E20.43455 ; perimeter
G1 Z127.597 X95.327 Y188.326 E27.13427 ; perimeter
G1 Z127.609 X95.078 Y183.333 E27.05806 ; perimeter
G1 Z127.622 X94.954 Y178.332 E27.07281 ; perimeter
G1 Z127.634 X95.169 Y173.334 E27.07334 ; perimeter
G1 Z127.647 X95.645 Y168.393 E26.86401 ; perimeter
G1 Z127.668 X97.034 Y160.093 E45.54333 ; perimeter
G1 Z127.680 X98.193 Y155.266 E26.86580 ; perimeter
G1 Z127.692 X99.603 Y150.507 E26.86188 ; perimeter
G1 Z127.713 X102.550 Y142.625 E45.54068 ; perimeter
G1 Z127.726 X104.608 Y138.108 E26.86330 ; perimeter
G1 Z127.738 X106.983 Y133.705 E27.07261 ; perimeter
G1 Z127.751 X109.480 Y129.369 E27.08150 ; perimeter
G1 Z127.772 X114.173 Y122.499 E45.02659 ; perimeter
G1 Z127.784 X117.294 Y118.573 E27.14165 ; perimeter
G1 Z127.797 X120.609 Y114.826 E27.07532 ; perimeter
G1 Z127.809 X124.089 Y111.286 E26.86503 ; perimeter
G1 Z127.830 X130.391 Y105.709 E45.54298 ; perimeter
G1 Z127.843 X134.329 Y102.688 E26.86091 ; perimeter
G1 Z127.855 X138.452 Y99.854 E27.07610 ; perimeter
G1 Z127.868 X142.722 Y97.238 E27.10079 ; perimeter
G1 Z127.879 X146.713 Y95.061 E24.60319 ; perimeter
G1 Z127.888 X150.102 Y93.395 E20.43727 ; perimeter
G1 Z127.901 X154.701 Y91.395 E27.14099 ; perimeter
G1 Z127.913 X159.388 Y89.643 E27.07976 ; perimeter
G1 Z127.926 X164.124 Y88.156 E26.86242 ; perimeter
G1 Z127.947 X172.304 Y86.186 E45.53703 ; perimeter
G1 Z127.959 X177.200 Y85.367 E26.86486 ; perimeter
G1 Z127.972 X182.171 Y84.800 E27.07699 ; perimeter
G1 Z127.984 X187.169 Y84.495 E27.09900 ; perimeter
G1 Z128.005 X195.489 Y84.567 E45.02870 ; perimeter
G1 Z128.018 X200.489 Y84.960 E27.14287 ; perimeter
G1 Z128.030 X205.449 Y85.613 E27.07475 ; perimeter
G1 Z128.043 X210.369 Y86.525 E27.08022 ; perimeter
G1 Z128.055 X215.234 Y87.693 E27.07706 ; perimeter
G1 Z128.067 X219.993 Y89.103 E26.86173 ; perimeter
G1 Z128.088 X227.875 Y92.050 E45.54074 ; perimeter
G1 Z128.101 X232.396 Y94.110 E26.88742 ; perimeter
G1 Z128.112 X236.432 Y96.202 E24.60220 ; perimeter
G1 Z128.122 X239.708 Y98.080 E20.43608 ; perimeter
G1 Z128.134 X243.938 Y100.774 E27.14078 ; perimeter
G1 Z128.147 X248.011 Y103.680 E27.07808 ; perimeter
G1 Z128.159 X251.927 Y106.794 E27.07684 ; perimeter
G1 Z128.172 X255.674 Y110.109 E27.07526 ; perimeter
G1 Z128.184 X259.214 Y113.589 E26.86503 ; perimeter
G1 Z128.205 X264.791 Y119.891 E45.54304 ; perimeter
G1 Z128.218 X267.812 Y123.829 E26.86085 ; perimeter
G1 Z128.230 X270.646 Y127.952 E27.07607 ; perimeter
G1 Z128.243 X273.260 Y132.218 E27.07679 ; perimeter
G1 Z128.255 X275.648 Y136.615 E27.07899 ; perimeter
G1 Z128.268 X277.801 Y141.131 E27.07555 ; perimeter
G1 Z128.280 X279.662 Y145.732 E26.86174 ; perimeter
G1 Z128.301 X282.371 Y153.697 E45.52896 ; perimeter
G1 Z128.313 X283.614 Y158.503 E26.86547 ; perimeter
G1 Z128.326 X284.611 Y163.406 E27.07758 ; perimeter
G1 Z128.338 X285.351 Y168.354 E27.07590 ; perimeter
G1 Z128.351 X285.827 Y173.295 E26.86400 ; perimeter
G1 Z128.372 X286.047 Y181.707 E45.54047 ; perimeter
G1 Z128.384 X285.830 Y186.666 E26.86330 ; perimeter
G1 Z128.397 X285.355 Y191.607 E26.86348 ; perimeter
G1 Z128.418 X283.972 Y199.868 E45.32990 ; perimeter
G1 Z128.438 X281.875 Y207.977 E45.32876 ; perimeter
G1 Z128.451 X280.300 Y212.685 E26.86718 ; perimeter
G1 Z128.463 X278.466 Y217.340 E27.07713 ; perimeter
G1 Z128.476 X276.392 Y221.892 E27.07150 ; perimeter
G1 Z128.488 X274.100 Y226.295 E26.86379 ; perimeter
G1 Z128.509 X269.703 Y233.470 E45.54179 ; perimeter
G1 Z128.522 X266.820 Y237.511 E26.86478 ; perimeter
G1 Z128.534 X263.706 Y241.427 E27.07677 ; perimeter
G1 Z128.547 X260.391 Y245.174 E27.07538 ; perimeter
G1 Z128.559 X256.884 Y248.742 E27.07550 ; perimeter
G1 Z128.572 X253.195 Y252.123 E27.08108 ; perimeter
G1 Z128.584 X249.365 Y255.280 E26.86148 ; perimeter
G1 Z128.605 X242.514 Y260.167 E45.54337 ; perimeter
G1 Z128.618 X238.282 Y262.760 E26.86041 ; perimeter
G1 Z128.630 X233.919 Y265.129 E26.86829 ; perimeter
G1 Z128.651 X226.298 Y268.602 E45.32491 ; perimeter
G1 Z128.672 X218.402 Y271.398 E45.33236 ; perimeter
G1 Z128.684 X213.619 Y272.725 E26.86289 ; perimeter
G1 Z128.697 X208.734 Y273.808 E27.07904 ; perimeter
G1 Z128.709 X203.800 Y274.633 E27.07310 ; perimeter
G1 Z128.722 X198.829 Y275.200 E27.07691 ; perimeter
G1 Z128.734 X193.835 Y275.505 E27.07739 ; perimeter
G1 Z128.747 X188.832 Y275.549 E27.07679 ; perimeter
G1 Z128.759 X183.834 Y275.331 E27.07440 ; perimeter
G1 Z128.772 X178.893 Y274.855 E26.86400 ; perimeter
G1 Z128.793 X170.593 Y273.466 E45.54342 ; perimeter
G1 Z128.805 X165.766 Y272.307 E26.86572 ; perimeter
G1 Z128.817 X161.007 Y270.897 E26.86189 ; perimeter
G1 Z128.838 X153.125 Y267.950 E45.54066 ; perimeter
G1 Z128.851 X148.608 Y265.892 E26.86323 ; perimeter
G1 Z128.863 X144.205 Y263.600 E26.86379 ; perimeter
G1 Z128.884 X137.030 Y259.203 E45.54179 ; perimeter
G1 Z128.897 X132.989 Y256.320 E26.86471 ; perimeter
G1 Z128.909 X129.073 Y253.206 E27.07684 ; perimeter
G1 Z128.922 X125.326 Y249.891 E27.07532 ; perimeter
G1 Z128.934 X121.786 Y246.411 E26.86506 ; perimeter
G1 Z128.955 X116.209 Y240.109 E45.54304 ; perimeter
G1 Z128.968 X113.188 Y236.171 E26.86085 ; perimeter
G1 Z128.980 X110.354 Y232.048 E27.07610 ; perimeter
G1 Z128.993 X107.740 Y227.782 E27.07668 ; perimeter
G1 Z129.000 X106.315 Y225.158 E16.15976 ; perimeter
;LAYER_CHANGE
;Z:130.5
;HEIGHT:1.5
G1 Z129.000 F960 ; simple layer change
G1 F2400
G1 Z129.005 X105.371 Y223.419 E10.70846 ; perimeter
G1 Z129.026 X101.882 Y215.762 E45.53817 ; perimeter
G1 Z129.038 X100.143 Y211.112 E26.86758 ; perimeter
G1 Z129.051 X98.639 Y206.341 E27.07273 ; perimeter
G1 Z129.063 X97.385 Y201.493 E27.10039 ; perimeter
G1 Z129.075 X96.469 Y197.026 E24.67900 ; perimeter
G1 Z129.084 X95.868 Y193.312 E20.36033 ; perimeter
G1 Z129.097 X95.300 Y188.329 E27.14213 ; perimeter
G1 Z129.109 X94.995 Y183.335 E27.07739 ; perimeter
G1 Z129.122 X94.951 Y178.332 E27.07679 ; perimeter
G1 Z129.134 X95.169 Y173.334 E27.07440 ; perimeter
G1 Z129.147 X95.645 Y168.393 E26.86400 ; perimeter
G1 Z129.168 X97.034 Y160.093 E45.54333 ; perimeter
G1 Z129.180 X98.193 Y155.266 E26.86572 ; perimeter
G1 Z129.192 X99.603 Y150.507 E26.86197 ; perimeter
G1 Z129.213 X102.550 Y142.625 E45.54066 ; perimeter
G1 Z129.226 X104.608 Y138.108 E26.86323 ; perimeter
G1 Z129.238 X106.918 Y133.670 E27.07678 ; perimeter
G1 Z129.251 X109.460 Y129.356 E27.09861 ; perimeter
G1 Z129.272 X114.172 Y122.498 E45.03116 ; perimeter
G1 Z129.284 X117.294 Y118.573 E27.14191 ; perimeter
G1 Z129.297 X120.609 Y114.826 E27.07532 ; perimeter
G1 Z129.309 X124.089 Y111.286 E26.86506 ; perimeter
G1 Z129.330 X130.391 Y105.709 E45.54304 ; perimeter
G1 Z129.343 X134.329 Y102.688 E26.86085 ; perimeter
G1 Z129.355 X138.452 Y99.854 E27.07610 ; perimeter
G1 Z129.368 X142.722 Y97.238 E27.10079 ; perimeter
G1 Z129.379 X146.726 Y95.055 E24.68068 ; perimeter
G1 Z129.388 X150.102 Y93.395 E20.35976 ; perimeter
G1 Z129.401 X154.701 Y91.395 E27.14099 ; perimeter
G1 Z129.413 X159.391 Y89.642 E27.09690 ; perimeter
G1 Z129.425 X163.740 Y88.268 E24.68083 ; perimeter
G1 Z129.434 X167.384 Y87.340 E20.35188 ; perimeter
G1 Z129.447 X172.267 Y86.194 E27.14231 ; perimeter
G1 Z129.459 X177.200 Y85.367 E27.07218 ; perimeter
G1 Z129.472 X182.171 Y84.800 E27.07707 ; perimeter
G1 Z129.484 X187.169 Y84.495 E27.09892 ; perimeter
G1 Z129.505 X195.489 Y84.567 E45.02870 ; perimeter
G1 Z129.518 X200.489 Y84.960 E27.14296 ; perimeter
G1 Z129.530 X205.449 Y85.613 E27.07466 ; perimeter
G1 Z129.543 X210.369 Y86.525 E27.08006 ; perimeter
G1 Z129.555 X215.234 Y87.693 E27.07706 ; perimeter
G1 Z129.567 X219.993 Y89.103 E26.86197 ; perimeter
G1 Z129.588 X227.875 Y92.050 E45.54066 ; perimeter
G1 Z129.601 X232.396 Y94.110 E26.88742 ; perimeter
G1 Z129.612 X236.445 Y96.209 E24.68209 ; perimeter
G1 Z129.622 X239.708 Y98.079 E20.35341 ; perimeter
G1 Z129.634 X243.938 Y100.774 E27.14366 ; perimeter
G1 Z129.647 X248.011 Y103.680 E27.07790 ; perimeter
G1 Z129.659 X251.927 Y106.794 E27.07693 ; perimeter
G1 Z129.672 X255.674 Y110.109 E27.07541 ; perimeter
G1 Z129.684 X259.214 Y113.589 E26.86494 ; perimeter
G1 Z129.705 X264.791 Y119.891 E45.54307 ; perimeter
G1 Z129.718 X267.812 Y123.829 E26.86088 ; perimeter
G1 Z129.730 X270.646 Y127.952 E27.07603 ; perimeter
G1 Z129.743 X273.260 Y132.218 E27.07672 ; perimeter
G1 Z129.755 X275.648 Y136.615 E27.07906 ; perimeter
G1 Z129.768 X277.801 Y141.131 E27.07555 ; perimeter
G1 Z129.780 X279.701 Y145.717 E26.86473 ; perimeter
G1 Z129.801 X282.371 Y153.697 E45.54020 ; perimeter
G1 Z129.813 X283.614 Y158.503 E26.86543 ; perimeter
G1 Z129.826 X284.611 Y163.406 E27.07758 ; perimeter
G1 Z129.838 X285.351 Y168.354 E27.07590 ; perimeter
G1 Z129.851 X285.827 Y173.295 E26.86400 ; perimeter
G1 Z129.872 X286.047 Y181.707 E45.54047 ; perimeter
G1 Z129.884 X285.830 Y186.666 E26.86330 ; perimeter
G1 Z129.897 X285.355 Y191.607 E26.86348 ; perimeter
G1 Z129.918 X283.972 Y199.868 E45.32990 ; perimeter
G1 Z129.938 X281.875 Y207.977 E45.32883 ; perimeter
G1 Z129.951 X280.300 Y212.685 E26.86710 ; perimeter
G1 Z129.963 X278.466 Y217.340 E27.07713 ; perimeter
G1 Z129.976 X276.392 Y221.892 E27.07150 ; perimeter
G1 Z129.988 X274.100 Y226.295 E26.86379 ; perimeter
G1 Z130.009 X269.703 Y233.470 E45.54179 ; perimeter
G1 Z130.022 X266.820 Y237.511 E26.86464 ; perimeter
G1 Z130.034 X263.706 Y241.427 E27.07690 ; perimeter
G1 Z130.047 X260.391 Y245.174 E27.07532 ; perimeter
G1 Z130.059 X256.884 Y248.742 E27.07556 ; perimeter
G1 Z130.072 X253.195 Y252.123 E27.08113 ; perimeter
G1 Z130.084 X249.365 Y255.280 E26.86149 ; perimeter
G1 Z130.105 X242.514 Y260.167 E45.54331 ; perimeter
G1 Z130.118 X238.282 Y262.760 E26.86041 ; perimeter
G1 Z130.130 X233.919 Y265.129 E26.86829 ; perimeter
G1 Z130.151 X226.298 Y268.602 E45.32491 ; perimeter
G1 Z130.172 X218.402 Y271.398 E45.33236 ; perimeter
G1 Z130.184 X213.619 Y272.725 E26.86297 ; perimeter
G1 Z130.197 X208.734 Y273.808 E27.07896 ; perimeter
G1 Z130.209 X203.800 Y274.633 E27.07302 ; perimeter
G1 Z130.222 X198.829 Y275.200 E27.07691 ; perimeter
G1 Z130.234 X193.835 Y275.505 E27.07747 ; perimeter
G1 Z130.247 X188.832 Y275.549 E27.07679 ; perimeter
G1 Z130.259 X183.834 Y275.331 E27.07440 ; perimeter
G1 Z130.272 X178.893 Y274.855 E26.86400 ; perimeter
G1 Z130.293 X170.593 Y273.466 E45.54342 ; perimeter
G1 Z130.305 X165.766 Y272.307 E26.86572 ; perimeter
G1 Z130.317 X161.007 Y270.897 E26.86189 ; perimeter
G1 Z130.338 X153.125 Y267.950 E45.54066 ; perimeter
G1 Z130.351 X148.608 Y265.892 E26.86323 ; perimeter
G1 Z130.363 X144.205 Y263.600 E26.86379 ; perimeter
G1 Z130.384 X137.030 Y259.203 E45.54179 ; perimeter
G1 Z130.397 X132.989 Y256.320 E26.86471 ; perimeter
G1 Z130.409 X129.073 Y253.206 E27.07684 ; perimeter
G1 Z130.422 X125.326 Y249.891 E27.07532 ; perimeter
G1 Z130.434 X121.786 Y246.411 E26.86506 ; perimeter
G1 Z130.455 X116.209 Y240.109 E45.54304 ; perimeter
G1 Z130.468 X113.188 Y236.171 E26.86085 ; perimeter
G1 Z130.480 X110.354 Y232.048 E27.07610 ; perimeter
G1 Z130.493 X107.740 Y227.782 E27.07668 ; perimeter
G1 Z130.500 X106.315 Y225.158 E16.15976 ; perimeter
;LAYER_CHANGE
;Z:132
;HEIGHT:1.5
G1 Z130.500 F960 ; simple layer change
G1 F2400
G1 Z130.505 X105.371 Y223.419 E10.70853 ; perimeter
G1 Z130.526 X101.882 Y215.762 E45.53808 ; perimeter
G1 Z130.538 X100.143 Y211.112 E26.86759 ; perimeter
G1 Z130.551 X98.639 Y206.341 E27.07273 ; perimeter
G1 Z130.563 X97.385 Y201.493 E27.10040 ; perimeter
G1 Z130.575 X96.466 Y197.012 E24.75639 ; perimeter
G1 Z130.584 X95.868 Y193.313 E20.27772 ; perimeter
G1 Z130.597 X95.300 Y188.329 E27.14736 ; perimeter
G1 Z130.609 X94.995 Y183.335 E27.07748 ; perimeter
G1 Z130.622 X94.951 Y178.332 E27.07679 ; perimeter
G1 Z130.634 X95.169 Y173.334 E27.07432 ; perimeter
G1 Z130.647 X95.645 Y168.393 E26.86408 ; perimeter
G1 Z130.668 X97.034 Y160.093 E45.54342 ; perimeter
G1 Z130.680 X98.193 Y155.266 E26.86573 ; perimeter
G1 Z130.692 X99.603 Y150.507 E26.86188 ; perimeter
G1 Z130.713 X102.550 Y142.625 E45.54066 ; perimeter
G1 Z130.726 X104.608 Y138.108 E26.86323 ; perimeter
G1 Z130.738 X106.918 Y133.670 E27.07678 ; perimeter
G1 Z130.751 X109.460 Y129.356 E27.09863 ; perimeter
G1 Z130.772 X114.172 Y122.499 E45.02670 ; perimeter
G1 Z130.784 X117.294 Y118.573 E27.14633 ; perimeter
G1 Z130.797 X120.609 Y114.826 E27.07529 ; perimeter
G1 Z130.809 X124.089 Y111.286 E26.86506 ; perimeter
G1 Z130.830 X130.391 Y105.709 E45.54304 ; perimeter
G1 Z130.843 X134.329 Y102.688 E26.86085 ; perimeter
G1 Z130.855 X138.452 Y99.854 E27.07610 ; perimeter
G1 Z130.868 X142.722 Y97.238 E27.10079 ; perimeter
G1 Z130.879 X146.739 Y95.048 E24.76041 ; perimeter
G1 Z130.888 X150.101 Y93.395 E20.27512 ; perimeter
G1 Z130.901 X154.701 Y91.395 E27.14583 ; perimeter
G1 Z130.913 X159.388 Y89.643 E27.07979 ; perimeter
G1 Z130.926 X164.124 Y88.156 E26.86252 ; perimeter
G1 Z130.947 X172.304 Y86.186 E45.53707 ; perimeter
G1 Z130.959 X177.200 Y85.367 E26.86486 ; perimeter
G1 Z130.972 X182.171 Y84.800 E27.07699 ; perimeter
G1 Z130.984 X187.169 Y84.495 E27.09900 ; perimeter
G1 Z131.005 X195.489 Y84.567 E45.02870 ; perimeter
G1 Z131.018 X200.489 Y84.960 E27.14288 ; perimeter
G1 Z131.030 X205.449 Y85.613 E27.07474 ; perimeter
G1 Z131.043 X210.369 Y86.525 E27.08022 ; perimeter
G1 Z131.055 X215.234 Y87.693 E27.07698 ; perimeter
G1 Z131.067 X219.993 Y89.103 E26.86189 ; perimeter
G1 Z131.088 X227.875 Y92.050 E45.54066 ; perimeter
G1 Z131.101 X232.396 Y94.110 E26.88742 ; perimeter
G1 Z131.112 X236.457 Y96.216 E24.75728 ; perimeter
G1 Z131.122 X239.708 Y98.079 E20.27824 ; perimeter
G1 Z131.134 X243.938 Y100.774 E27.14376 ; perimeter
G1 Z131.147 X248.011 Y103.680 E27.07799 ; perimeter
G1 Z131.159 X251.927 Y106.794 E27.07681 ; perimeter
G1 Z131.172 X255.674 Y110.109 E27.07526 ; perimeter
G1 Z131.184 X259.214 Y113.589 E26.86515 ; perimeter
G1 Z131.205 X264.791 Y119.891 E45.54304 ; perimeter
G1 Z131.218 X267.812 Y123.829 E26.86085 ; perimeter
G1 Z131.230 X270.646 Y127.952 E27.07614 ; perimeter
G1 Z131.243 X273.260 Y132.218 E27.07664 ; perimeter
G1 Z131.255 X275.648 Y136.615 E27.07906 ; perimeter
G1 Z131.268 X277.803 Y141.134 E27.09476 ; perimeter
G1 Z131.288 X280.812 Y148.889 E45.01644 ; perimeter
G1 Z131.301 X282.360 Y153.659 E27.14326 ; perimeter
G1 Z131.313 X283.614 Y158.503 E27.07769 ; perimeter
G1 Z131.326 X284.611 Y163.406 E27.07758 ; perimeter
G1 Z131.338 X285.351 Y168.354 E27.07590 ; perimeter
G1 Z131.351 X285.827 Y173.295 E26.86400 ; perimeter
G1 Z131.372 X286.047 Y181.707 E45.54047 ; perimeter
G1 Z131.384 X285.830 Y186.666 E26.86330 ; perimeter
G1 Z131.397 X285.355 Y191.607 E26.86348 ; perimeter
G1 Z131.418 X283.972 Y199.868 E45.32990 ; perimeter
G1 Z131.438 X281.875 Y207.977 E45.32868 ; perimeter
G1 Z131.451 X280.300 Y212.685 E26.86726 ; perimeter
G1 Z131.463 X278.466 Y217.340 E27.07713 ; perimeter
G1 Z131.476 X276.392 Y221.892 E27.07150 ; perimeter
G1 Z131.488 X274.100 Y226.295 E26.86379 ; perimeter
G1 Z131.509 X269.703 Y233.470 E45.54179 ; perimeter
G1 Z131.522 X266.820 Y237.511 E26.86464 ; perimeter
G1 Z131.534 X263.706 Y241.427 E27.07690 ; perimeter
G1 Z131.547 X260.391 Y245.174 E27.07538 ; perimeter
G1 Z131.559 X256.884 Y248.742 E27.07550 ; perimeter
G1 Z131.572 X253.195 Y252.123 E27.08108 ; perimeter
G1 Z131.584 X249.365 Y255.280 E26.86148 ; perimeter
G1 Z131.605 X242.514 Y260.167 E45.54337 ; perimeter
G1 Z131.618 X238.282 Y262.760 E26.86041 ; perimeter
G1 Z131.630 X233.919 Y265.129 E26.86829 ; perimeter
G1 Z131.651 X226.298 Y268.602 E45.32491 ; perimeter
G1 Z131.672 X218.402 Y271.398 E45.33236 ; perimeter
G1 Z131.684 X213.619 Y272.725 E26.86289 ; perimeter
G1 Z131.697 X208.734 Y273.808 E27.07904 ; perimeter
G1 Z131.709 X203.800 Y274.633 E27.07302 ; perimeter
G1 Z131.722 X198.829 Y275.200 E27.07691 ; perimeter
G1 Z131.734 X193.835 Y275.505 E27.07755 ; perimeter
G1 Z131.747 X188.832 Y275.549 E27.07671 ; perimeter
G1 Z131.759 X183.834 Y275.331 E27.07440 ; perimeter
G1 Z131.772 X178.893 Y274.855 E26.86400 ; perimeter
G1 Z131.793 X170.593 Y273.466 E45.54342 ; perimeter
G1 Z131.805 X165.766 Y272.307 E26.86572 ; perimeter
G1 Z131.817 X161.007 Y270.897 E26.86197 ; perimeter
G1 Z131.838 X153.125 Y267.950 E45.54059 ; perimeter
G1 Z131.851 X148.608 Y265.892 E26.86323 ; perimeter
G1 Z131.863 X144.205 Y263.600 E26.86379 ; perimeter
G1 Z131.884 X137.030 Y259.203 E45.54179 ; perimeter
G1 Z131.897 X132.989 Y256.320 E26.86471 ; perimeter
G1 Z131.909 X129.073 Y253.206 E27.07684 ; perimeter
G1 Z131.922 X125.326 Y249.891 E27.07532 ; perimeter
G1 Z131.934 X121.786 Y246.411 E26.86503 ; perimeter
G1 Z131.955 X116.209 Y240.109 E45.54307 ; perimeter
G1 Z131.968 X113.188 Y236.171 E26.86085 ; perimeter
G1 Z131.980 X110.354 Y232.048 E27.07610 ; perimeter
G1 Z131.993 X107.740 Y227.782 E27.07668 ; perimeter
G1 Z132.000 X106.315 Y225.158 E16.15976 ; perimeter
;LAYER_CHANGE
;Z:133.5
;HEIGHT:1.5
G1 Z132.000 F960 ; simple layer change
G1 F2400
G1 Z132.005 X105.371 Y223.419 E10.70853 ; perimeter
G1 Z132.026 X101.882 Y215.762 E45.53810 ; perimeter
G1 Z132.038 X100.143 Y211.112 E26.86758 ; perimeter
G1 Z132.051 X98.639 Y206.341 E27.07273 ; perimeter
G1 Z132.063 X97.385 Y201.494 E27.09517 ; perimeter
G1 Z132.075 X96.463 Y196.997 E24.84360 ; perimeter
G1 Z132.097 X95.300 Y188.329 E47.33075 ; perimeter
G1 Z132.109 X94.995 Y183.335 E27.07739 ; perimeter
G1 Z132.122 X94.951 Y178.332 E27.07679 ; perimeter
G1 Z132.134 X95.169 Y173.334 E27.07440 ; perimeter
G1 Z132.147 X95.645 Y168.393 E26.86400 ; perimeter
G1 Z132.168 X97.034 Y160.093 E45.54342 ; perimeter
G1 Z132.180 X98.193 Y155.266 E26.86571 ; perimeter
G1 Z132.192 X99.603 Y150.507 E26.86190 ; perimeter
G1 Z132.213 X102.550 Y142.625 E45.54065 ; perimeter
G1 Z132.226 X104.608 Y138.108 E26.86325 ; perimeter
G1 Z132.238 X106.918 Y133.670 E27.07678 ; perimeter
G1 Z132.251 X109.460 Y129.356 E27.09863 ; perimeter
G1 Z132.272 X114.172 Y122.499 E45.02668 ; perimeter
G1 Z132.284 X117.294 Y118.573 E27.14613 ; perimeter
G1 Z132.297 X120.609 Y114.826 E27.07537 ; perimeter
G1 Z132.309 X124.089 Y111.286 E26.86506 ; perimeter
G1 Z132.330 X130.391 Y105.709 E45.54301 ; perimeter
G1 Z132.343 X134.329 Y102.688 E26.86085 ; perimeter
G1 Z132.355 X138.452 Y99.854 E27.07610 ; perimeter
G1 Z132.368 X142.721 Y97.238 E27.09619 ; perimeter
G1 Z132.379 X146.751 Y95.042 E24.84009 ; perimeter
G1 Z132.401 X154.701 Y91.395 E47.33341 ; perimeter
G1 Z132.413 X159.391 Y89.642 E27.09689 ; perimeter
G1 Z132.425 X163.768 Y88.260 E24.83841 ; perimeter
G1 Z132.447 X172.267 Y86.194 E47.33483 ; perimeter
G1 Z132.459 X177.200 Y85.367 E27.07226 ; perimeter
G1 Z132.472 X182.171 Y84.800 E27.07691 ; perimeter
G1 Z132.484 X187.168 Y84.495 E27.09358 ; perimeter
G1 Z132.505 X195.488 Y84.567 E45.02870 ; perimeter
G1 Z132.518 X200.489 Y84.960 E27.14836 ; perimeter
G1 Z132.530 X205.449 Y85.613 E27.07466 ; perimeter
G1 Z132.543 X210.369 Y86.525 E27.08005 ; perimeter
G1 Z132.555 X215.234 Y87.693 E27.07715 ; perimeter
G1 Z132.567 X219.993 Y89.103 E26.86189 ; perimeter
G1 Z132.588 X227.875 Y92.050 E45.54066 ; perimeter
G1 Z132.601 X232.395 Y94.110 E26.88251 ; perimeter
G1 Z132.612 X236.470 Y96.223 E24.84196 ; perimeter
G1 Z132.634 X243.938 Y100.774 E47.32948 ; perimeter
G1 Z132.647 X248.011 Y103.680 E27.07783 ; perimeter
G1 Z132.659 X251.927 Y106.794 E27.07693 ; perimeter
G1 Z132.672 X255.674 Y110.109 E27.07535 ; perimeter
G1 Z132.684 X259.214 Y113.589 E26.86503 ; perimeter
G1 Z132.705 X264.791 Y119.891 E45.54301 ; perimeter
G1 Z132.718 X267.812 Y123.829 E26.86092 ; perimeter
G1 Z132.730 X270.646 Y127.952 E27.07603 ; perimeter
G1 Z132.743 X273.260 Y132.218 E27.07672 ; perimeter
G1 Z132.755 X275.648 Y136.615 E27.07906 ; perimeter
G1 Z132.768 X277.801 Y141.131 E27.07552 ; perimeter
G1 Z132.780 X279.663 Y145.732 E26.86181 ; perimeter
G1 Z132.801 X282.371 Y153.697 E45.52903 ; perimeter
G1 Z132.813 X283.614 Y158.503 E26.86547 ; perimeter
G1 Z132.826 X284.611 Y163.406 E27.07758 ; perimeter
G1 Z132.838 X285.351 Y168.354 E27.07590 ; perimeter
G1 Z132.851 X285.827 Y173.295 E26.86400 ; perimeter
G1 Z132.872 X286.047 Y181.707 E45.54047 ; perimeter
G1 Z132.884 X285.830 Y186.666 E26.86330 ; perimeter
G1 Z132.897 X285.355 Y191.607 E26.86348 ; perimeter
G1 Z132.918 X283.972 Y199.868 E45.32990 ; perimeter
G1 Z132.938 X281.875 Y207.977 E45.32876 ; perimeter
G1 Z132.951 X280.300 Y212.685 E26.86718 ; perimeter
G1 Z132.963 X278.466 Y217.340 E27.07713 ; perimeter
G1 Z132.976 X276.392 Y221.892 E27.07150 ; perimeter
G1 Z132.988 X274.100 Y226.295 E26.86379 ; perimeter
G1 Z133.009 X269.703 Y233.470 E45.54179 ; perimeter
G1 Z133.022 X266.820 Y237.511 E26.86464 ; perimeter
G1 Z133.034 X263.706 Y241.427 E27.07690 ; perimeter
G1 Z133.047 X260.391 Y245.174 E27.07526 ; perimeter
G1 Z133.059 X256.884 Y248.742 E27.07562 ; perimeter
G1 Z133.072 X253.195 Y252.123 E27.08113 ; perimeter
G1 Z133.084 X249.365 Y255.280 E26.86149 ; perimeter
G1 Z133.105 X242.514 Y260.167 E45.54331 ; perimeter
G1 Z133.118 X238.282 Y262.760 E26.86048 ; perimeter
G1 Z133.130 X233.919 Y265.129 E26.86822 ; perimeter
G1 Z133.151 X226.298 Y268.602 E45.32491 ; perimeter
G1 Z133.172 X218.402 Y271.398 E45.33236 ; perimeter
G1 Z133.184 X213.619 Y272.725 E26.86297 ; perimeter
G1 Z133.197 X208.734 Y273.808 E27.07896 ; perimeter
G1 Z133.209 X203.800 Y274.633 E27.07310 ; perimeter
G1 Z133.222 X198.829 Y275.200 E27.07691 ; perimeter
G1 Z133.234 X193.835 Y275.505 E27.07739 ; perimeter
G1 Z133.247 X188.832 Y275.549 E27.07679 ; perimeter
G1 Z133.259 X183.834 Y275.331 E27.07440 ; perimeter
G1 Z133.272 X178.893 Y274.855 E26.86400 ; perimeter
G1 Z133.293 X170.593 Y273.466 E45.54342 ; perimeter
G1 Z133.305 X165.766 Y272.307 E26.86572 ; perimeter
G1 Z133.317 X161.007 Y270.897 E26.86189 ; perimeter
G1 Z133.338 X153.125 Y267.950 E45.54066 ; perimeter
G1 Z133.351 X148.608 Y265.892 E26.86323 ; perimeter
G1 Z133.363 X144.205 Y263.600 E26.86379 ; perimeter
G1 Z133.384 X137.030 Y259.203 E45.54179 ; perimeter
G1 Z133.397 X132.989 Y256.320 E26.86471 ; perimeter
G1 Z133.409 X129.073 Y253.206 E27.07684 ; perimeter
G1 Z133.422 X125.326 Y249.891 E27.07532 ; perimeter
G1 Z133.434 X121.786 Y246.411 E26.86506 ; perimeter
G1 Z133.455 X116.209 Y240.109 E45.54304 ; perimeter
G1 Z133.468 X113.188 Y236.171 E26.86085 ; perimeter
G1 Z133.480 X110.354 Y232.048 E27.07610 ; perimeter
G1 Z133.493 X107.740 Y227.782 E27.07668 ; perimeter
G1 Z133.500 X106.315 Y225.158 E16.15976 ; perimeter
;LAYER_CHANGE
;Z:135
;HEIGHT:1.5
G1 Z133.500 F960 ; simple layer change
G1 F2400
G1 Z133.505 X105.371 Y223.419 E10.70853 ; perimeter
G1 Z133.526 X101.882 Y215.762 E45.53812 ; perimeter
G1 Z133.538 X100.143 Y211.112 E26.86757 ; perimeter
G1 Z133.551 X98.639 Y206.341 E27.07273 ; perimeter
G1 Z133.563 X97.385 Y201.494 E27.09515 ; perimeter
G1 Z133.575 X96.461 Y196.983 E24.92065 ; perimeter
G1 Z133.597 X95.300 Y188.329 E47.25348 ; perimeter
G1 Z133.609 X94.995 Y183.335 E27.07747 ; perimeter
G1 Z133.622 X94.951 Y178.332 E27.07671 ; perimeter
G1 Z133.634 X95.169 Y173.334 E27.07440 ; perimeter
G1 Z133.647 X95.645 Y168.393 E26.86400 ; perimeter
G1 Z133.668 X97.034 Y160.093 E45.54350 ; perimeter
G1 Z133.680 X98.193 Y155.266 E26.86564 ; perimeter
G1 Z133.692 X99.603 Y150.507 E26.86190 ; perimeter
G1 Z133.713 X102.550 Y142.625 E45.54065 ; perimeter
G1 Z133.726 X104.608 Y138.108 E26.86325 ; perimeter
G1 Z133.738 X106.918 Y133.670 E27.07678 ; perimeter
G1 Z133.751 X109.460 Y129.356 E27.09588 ; perimeter
G1 Z133.772 X114.172 Y122.499 E45.02950 ; perimeter
G1 Z133.784 X117.294 Y118.573 E27.14618 ; perimeter
G1 Z133.797 X120.609 Y114.826 E27.07526 ; perimeter
G1 Z133.809 X124.089 Y111.286 E26.86512 ; perimeter
G1 Z133.830 X130.391 Y105.709 E45.54301 ; perimeter
G1 Z133.843 X134.329 Y102.688 E26.86085 ; perimeter
G1 Z133.855 X138.452 Y99.854 E27.07612 ; perimeter
G1 Z133.868 X142.721 Y97.238 E27.09609 ; perimeter
G1 Z133.879 X146.764 Y95.035 E24.91772 ; perimeter
G1 Z133.901 X154.701 Y91.395 E47.25607 ; perimeter
G1 Z133.913 X159.391 Y89.642 E27.09688 ; perimeter
G1 Z133.925 X163.780 Y88.251 E24.91701 ; perimeter
G1 Z133.947 X172.266 Y86.192 E47.25795 ; perimeter
G1 Z133.959 X177.200 Y85.367 E27.07303 ; perimeter
G1 Z133.972 X182.171 Y84.800 E27.07698 ; perimeter
G1 Z133.984 X187.168 Y84.495 E27.09359 ; perimeter
G1 Z134.005 X195.488 Y84.567 E45.02870 ; perimeter
G1 Z134.018 X200.489 Y84.960 E27.14828 ; perimeter
G1 Z134.030 X205.449 Y85.613 E27.07474 ; perimeter
G1 Z134.043 X210.369 Y86.525 E27.08014 ; perimeter
G1 Z134.055 X215.234 Y87.693 E27.07698 ; perimeter
G1 Z134.067 X219.993 Y89.103 E26.86197 ; perimeter
G1 Z134.088 X227.875 Y92.050 E45.54066 ; perimeter
G1 Z134.101 X232.392 Y94.108 E26.86317 ; perimeter
G1 Z134.113 X236.789 Y96.409 E26.85992 ; perimeter
G1 Z134.134 X243.970 Y100.797 E45.54168 ; perimeter
G1 Z134.147 X248.011 Y103.680 E26.86483 ; perimeter
G1 Z134.159 X251.927 Y106.794 E27.07675 ; perimeter
G1 Z134.172 X255.674 Y110.109 E27.07528 ; perimeter
G1 Z134.184 X259.214 Y113.589 E26.86512 ; perimeter
G1 Z134.205 X264.791 Y119.891 E45.54304 ; perimeter
G1 Z134.218 X267.812 Y123.829 E26.86088 ; perimeter
G1 Z134.230 X270.646 Y127.952 E27.07603 ; perimeter
G1 Z134.243 X273.260 Y132.218 E27.07672 ; perimeter
G1 Z134.255 X275.648 Y136.615 E27.07906 ; perimeter
G1 Z134.268 X277.801 Y141.131 E27.07555 ; perimeter
G1 Z134.280 X279.701 Y145.717 E26.86473 ; perimeter
G1 Z134.301 X282.371 Y153.697 E45.54020 ; perimeter
G1 Z134.313 X283.614 Y158.503 E26.86543 ; perimeter
G1 Z134.326 X284.611 Y163.406 E27.07758 ; perimeter
G1 Z134.338 X285.351 Y168.354 E27.07590 ; perimeter
G1 Z134.351 X285.827 Y173.295 E26.86400 ; perimeter
G1 Z134.372 X286.047 Y181.707 E45.54047 ; perimeter
G1 Z134.384 X285.830 Y186.666 E26.86330 ; perimeter
G1 Z134.397 X285.355 Y191.607 E26.86348 ; perimeter
G1 Z134.418 X283.972 Y199.868 E45.32990 ; perimeter
G1 Z134.438 X281.875 Y207.977 E45.32876 ; perimeter
G1 Z134.451 X280.300 Y212.685 E26.86718 ; perimeter
G1 Z134.463 X278.466 Y217.340 E27.07713 ; perimeter
G1 Z134.476 X276.392 Y221.892 E27.07150 ; perimeter
G1 Z134.488 X274.100 Y226.295 E26.86379 ; perimeter
G1 Z134.509 X269.703 Y233.470 E45.54179 ; perimeter
G1 Z134.522 X266.820 Y237.511 E26.86471 ; perimeter
G1 Z134.534 X263.706 Y241.427 E27.07684 ; perimeter
G1 Z134.547 X260.391 Y245.174 E27.07532 ; perimeter
G1 Z134.559 X256.884 Y248.742 E27.07556 ; perimeter
G1 Z134.572 X253.195 Y252.123 E27.08113 ; perimeter
G1 Z134.584 X249.365 Y255.280 E26.86149 ; perimeter
G1 Z134.605 X242.514 Y260.167 E45.54331 ; perimeter
G1 Z134.618 X238.282 Y262.760 E26.86041 ; perimeter
G1 Z134.630 X233.919 Y265.129 E26.86829 ; perimeter
G1 Z134.651 X226.298 Y268.602 E45.32491 ; perimeter
G1 Z134.672 X218.402 Y271.398 E45.33244 ; perimeter
G1 Z134.684 X213.619 Y272.725 E26.86281 ; perimeter
G1 Z134.697 X208.734 Y273.808 E27.07904 ; perimeter
G1 Z134.709 X203.800 Y274.633 E27.07302 ; perimeter
G1 Z134.722 X198.829 Y275.200 E27.07699 ; perimeter
G1 Z134.734 X193.835 Y275.505 E27.07739 ; perimeter
G1 Z134.747 X188.832 Y275.549 E27.07679 ; perimeter
G1 Z134.759 X183.834 Y275.331 E27.07440 ; perimeter
G1 Z134.772 X178.893 Y274.855 E26.86400 ; perimeter
G1 Z134.793 X170.593 Y273.466 E45.54342 ; perimeter
G1 Z134.805 X165.766 Y272.307 E26.86572 ; perimeter
G1 Z134.817 X161.007 Y270.897 E26.86189 ; perimeter
G1 Z134.838 X153.125 Y267.950 E45.54066 ; perimeter
G1 Z134.851 X148.608 Y265.892 E26.86323 ; perimeter
G1 Z134.863 X144.205 Y263.600 E26.86379 ; perimeter
G1 Z134.884 X137.030 Y259.203 E45.54179 ; perimeter
G1 Z134.897 X132.989 Y256.320 E26.86471 ; perimeter
G1 Z134.909 X129.073 Y253.206 E27.07684 ; perimeter
G1 Z134.922 X125.326 Y249.891 E27.07532 ; perimeter
G1 Z134.934 X121.786 Y246.411 E26.86506 ; perimeter
G1 Z134.955 X116.209 Y240.109 E45.54304 ; perimeter
G1 Z134.968 X113.188 Y236.171 E26.86085 ; perimeter
G1 Z134.980 X110.354 Y232.048 E27.07610 ; perimeter
G1 Z134.993 X107.740 Y227.782 E27.07668 ; perimeter
G1 Z135.000 X106.315 Y225.158 E16.15976 ; perimeter
;LAYER_CHANGE
;Z:136.5
;HEIGHT:1.5
G1 Z135.000 F960 ; simple layer change
G1 F2400
G1 Z135.005 X105.371 Y223.419 E10.70853 ; perimeter
G1 Z135.026 X101.882 Y215.762 E45.53812 ; perimeter
G1 Z135.038 X100.143 Y211.112 E26.86757 ; perimeter
G1 Z135.051 X98.639 Y206.341 E27.07264 ; perimeter
G1 Z135.063 X97.385 Y201.494 E27.09524 ; perimeter
G1 Z135.075 X96.458 Y196.969 E24.99741 ; perimeter
G1 Z135.097 X95.300 Y188.329 E47.17693 ; perimeter
G1 Z135.109 X94.995 Y183.335 E27.07748 ; perimeter
G1 Z135.122 X94.951 Y178.332 E27.07671 ; perimeter
G1 Z135.134 X95.169 Y173.331 E27.09095 ; perimeter
G1 Z135.155 X96.190 Y165.077 E45.00854 ; perimeter
G1 Z135.168 X97.027 Y160.131 E27.14718 ; perimeter
G1 Z135.180 X98.193 Y155.266 E27.07620 ; perimeter
G1 Z135.192 X99.603 Y150.507 E26.86189 ; perimeter
G1 Z135.213 X102.550 Y142.625 E45.54066 ; perimeter
G1 Z135.226 X104.608 Y138.108 E26.86323 ; perimeter
G1 Z135.238 X106.918 Y133.670 E27.07678 ; perimeter
G1 Z135.251 X109.459 Y129.356 E27.09589 ; perimeter
G1 Z135.272 X114.172 Y122.499 E45.02669 ; perimeter
G1 Z135.284 X117.294 Y118.573 E27.14926 ; perimeter
G1 Z135.297 X120.609 Y114.826 E27.07532 ; perimeter
G1 Z135.309 X124.089 Y111.286 E26.86509 ; perimeter
G1 Z135.330 X130.391 Y105.709 E45.54298 ; perimeter
G1 Z135.343 X134.329 Y102.688 E26.86087 ; perimeter
G1 Z135.355 X138.452 Y99.854 E27.07610 ; perimeter
G1 Z135.368 X142.721 Y97.238 E27.09618 ; perimeter
G1 Z135.379 X146.777 Y95.029 E24.99731 ; perimeter
G1 Z135.401 X154.701 Y91.395 E47.17630 ; perimeter
G1 Z135.413 X159.391 Y89.642 E27.09688 ; perimeter
G1 Z135.425 X163.794 Y88.247 E24.99578 ; perimeter
G1 Z135.447 X172.266 Y86.192 E47.17920 ; perimeter
G1 Z135.459 X177.200 Y85.367 E27.07302 ; perimeter
G1 Z135.472 X182.171 Y84.800 E27.07699 ; perimeter
G1 Z135.484 X187.168 Y84.495 E27.09359 ; perimeter
G1 Z135.505 X195.488 Y84.567 E45.02870 ; perimeter
G1 Z135.518 X200.489 Y84.960 E27.14844 ; perimeter
G1 Z135.530 X205.449 Y85.613 E27.07458 ; perimeter
G1 Z135.543 X210.369 Y86.525 E27.08005 ; perimeter
G1 Z135.555 X215.234 Y87.693 E27.07714 ; perimeter
G1 Z135.567 X219.993 Y89.103 E26.86197 ; perimeter
G1 Z135.588 X227.875 Y92.050 E45.54058 ; perimeter
G1 Z135.601 X232.395 Y94.110 E26.88256 ; perimeter
G1 Z135.612 X236.493 Y96.240 E24.99449 ; perimeter
G1 Z135.634 X243.937 Y100.775 E47.17570 ; perimeter
G1 Z135.647 X248.011 Y103.680 E27.07730 ; perimeter
G1 Z135.659 X251.927 Y106.794 E27.07688 ; perimeter
G1 Z135.672 X255.674 Y110.109 E27.07528 ; perimeter
G1 Z135.684 X259.214 Y113.589 E26.86512 ; perimeter
G1 Z135.705 X264.791 Y119.891 E45.54301 ; perimeter
G1 Z135.718 X267.812 Y123.829 E26.86092 ; perimeter
G1 Z135.730 X270.646 Y127.952 E27.07603 ; perimeter
G1 Z135.743 X273.260 Y132.218 E27.07672 ; perimeter
G1 Z135.755 X275.648 Y136.615 E27.07906 ; perimeter
G1 Z135.768 X277.803 Y141.134 E27.09468 ; perimeter
G1 Z135.788 X280.812 Y148.889 E45.01652 ; perimeter
G1 Z135.801 X282.360 Y153.659 E27.14326 ; perimeter
G1 Z135.813 X283.614 Y158.503 E27.07769 ; perimeter
G1 Z135.826 X284.611 Y163.406 E27.07758 ; perimeter
G1 Z135.838 X285.351 Y168.354 E27.07590 ; perimeter
G1 Z135.851 X285.827 Y173.295 E26.86400 ; perimeter
G1 Z135.872 X286.047 Y181.707 E45.54047 ; perimeter
G1 Z135.884 X285.830 Y186.666 E26.86330 ; perimeter
G1 Z135.897 X285.355 Y191.607 E26.86348 ; perimeter
G1 Z135.918 X283.972 Y199.868 E45.32990 ; perimeter
G1 Z135.938 X281.875 Y207.977 E45.32876 ; perimeter
G1 Z135.951 X280.300 Y212.685 E26.86718 ; perimeter
G1 Z135.963 X278.466 Y217.340 E27.07713 ; perimeter
G1 Z135.976 X276.392 Y221.892 E27.07150 ; perimeter
G1 Z135.988 X274.100 Y226.295 E26.86386 ; perimeter
G1 Z136.009 X269.703 Y233.470 E45.54172 ; perimeter
G1 Z136.022 X266.820 Y237.511 E26.86471 ; perimeter
G1 Z136.034 X263.706 Y241.427 E27.07684 ; perimeter
G1 Z136.047 X260.391 Y245.174 E27.07532 ; perimeter
G1 Z136.059 X256.884 Y248.742 E27.07556 ; perimeter
G1 Z136.072 X253.195 Y252.123 E27.08113 ; perimeter
G1 Z136.084 X249.365 Y255.280 E26.86149 ; perimeter
G1 Z136.105 X242.514 Y260.167 E45.54331 ; perimeter
G1 Z136.118 X238.282 Y262.760 E26.86041 ; perimeter
G1 Z136.130 X233.919 Y265.129 E26.86829 ; perimeter
G1 Z136.151 X226.298 Y268.602 E45.32491 ; perimeter
G1 Z136.172 X218.402 Y271.398 E45.33236 ; perimeter
G1 Z136.184 X213.619 Y272.725 E26.86289 ; perimeter
G1 Z136.197 X208.734 Y273.808 E27.07904 ; perimeter
G1 Z136.209 X203.800 Y274.633 E27.07302 ; perimeter
G1 Z136.222 X198.829 Y275.200 E27.07691 ; perimeter
G1 Z136.234 X193.835 Y275.505 E27.07747 ; perimeter
G1 Z136.247 X188.832 Y275.549 E27.07679 ; perimeter
G1 Z136.259 X183.834 Y275.331 E27.07440 ; perimeter
G1 Z136.272 X178.893 Y274.855 E26.86400 ; perimeter
G1 Z136.293 X170.593 Y273.466 E45.54342 ; perimeter
G1 Z136.305 X165.766 Y272.307 E26.86564 ; perimeter
G1 Z136.317 X161.007 Y270.897 E26.86197 ; perimeter
G1 Z136.338 X153.125 Y267.950 E45.54066 ; perimeter
G1 Z136.351 X148.608 Y265.892 E26.86323 ; perimeter
G1 Z136.363 X144.205 Y263.600 E26.86379 ; perimeter
G1 Z136.384 X137.030 Y259.203 E45.54179 ; perimeter
G1 Z136.397 X132.989 Y256.320 E26.86471 ; perimeter
G1 Z136.409 X129.073 Y253.206 E27.07684 ; perimeter
G1 Z136.422 X125.326 Y249.891 E27.07532 ; perimeter
G1 Z136.434 X121.786 Y246.411 E26.86506 ; perimeter
G1 Z136.455 X116.209 Y240.109 E45.54304 ; perimeter
G1 Z136.468 X113.188 Y236.171 E26.86085 ; perimeter
G1 Z136.480 X110.354 Y232.048 E27.07610 ; perimeter
G1 Z136.493 X107.740 Y227.782 E27.07668 ; perimeter
G1 Z136.500 X106.315 Y225.158 E16.15976 ; perimeter
;LAYER_CHANGE
;Z:138
;HEIGHT:1.5
G1 Z136.500 F960 ; simple layer change
G1 F2400
G1 Z136.505 X105.371 Y223.419 E10.70853 ; perimeter
G1 Z136.526 X101.882 Y215.762 E45.53812 ; perimeter
G1 Z136.538 X100.143 Y211.112 E26.86757 ; perimeter
G1 Z136.551 X98.639 Y206.341 E27.07273 ; perimeter
G1 Z136.563 X97.385 Y201.494 E27.09515 ; perimeter
G1 Z136.575 X96.456 Y196.955 E25.07452 ; perimeter
G1 Z136.597 X95.300 Y188.329 E47.09969 ; perimeter
G1 Z136.609 X94.995 Y183.335 E27.07739 ; perimeter
G1 Z136.622 X94.951 Y178.332 E27.07679 ; perimeter
G1 Z136.634 X95.170 Y173.334 E27.07442 ; perimeter
G1 Z136.647 X95.723 Y168.402 E26.85966 ; perimeter
G1 Z136.668 X97.034 Y160.093 E45.52319 ; perimeter
G1 Z136.680 X98.193 Y155.266 E26.86566 ; perimeter
G1 Z136.692 X99.603 Y150.507 E26.86197 ; perimeter
G1 Z136.713 X102.550 Y142.625 E45.54066 ; perimeter
G1 Z136.726 X104.608 Y138.108 E26.86323 ; perimeter
G1 Z136.738 X106.918 Y133.670 E27.07678 ; perimeter
G1 Z136.751 X109.459 Y129.356 E27.09589 ; perimeter
G1 Z136.772 X114.171 Y122.499 E45.02669 ; perimeter
G1 Z136.784 X117.294 Y118.573 E27.14951 ; perimeter
G1 Z136.797 X120.609 Y114.826 E27.07529 ; perimeter
G1 Z136.809 X124.089 Y111.286 E26.86509 ; perimeter
G1 Z136.830 X130.391 Y105.709 E45.54304 ; perimeter
G1 Z136.843 X134.329 Y102.688 E26.86085 ; perimeter
G1 Z136.855 X138.452 Y99.854 E27.07608 ; perimeter
G1 Z136.868 X142.721 Y97.238 E27.09615 ; perimeter
G1 Z136.879 X146.790 Y95.022 E25.07737 ; perimeter
G1 Z136.901 X154.701 Y91.395 E47.09646 ; perimeter
G1 Z136.913 X159.391 Y89.642 E27.09682 ; perimeter
G1 Z136.925 X163.808 Y88.243 E25.07608 ; perimeter
G1 Z136.947 X172.266 Y86.192 E47.09911 ; perimeter
G1 Z136.959 X177.200 Y85.367 E27.07303 ; perimeter
G1 Z136.972 X182.171 Y84.800 E27.07698 ; perimeter
G1 Z136.984 X187.168 Y84.495 E27.09359 ; perimeter
G1 Z137.005 X195.488 Y84.567 E45.02870 ; perimeter
G1 Z137.018 X200.489 Y84.960 E27.14828 ; perimeter
G1 Z137.030 X205.449 Y85.613 E27.07474 ; perimeter
G1 Z137.043 X210.369 Y86.525 E27.08014 ; perimeter
G1 Z137.055 X215.234 Y87.693 E27.07698 ; perimeter
G1 Z137.067 X219.993 Y89.103 E26.86189 ; perimeter
G1 Z137.088 X227.875 Y92.050 E45.54074 ; perimeter
G1 Z137.101 X232.395 Y94.110 E26.88243 ; perimeter
G1 Z137.112 X236.508 Y96.243 E25.07418 ; perimeter
G1 Z137.134 X243.938 Y100.774 E47.09757 ; perimeter
G1 Z137.147 X248.011 Y103.680 E27.07806 ; perimeter
G1 Z137.159 X251.927 Y106.794 E27.07675 ; perimeter
G1 Z137.172 X255.674 Y110.109 E27.07528 ; perimeter
G1 Z137.184 X259.214 Y113.589 E26.86512 ; perimeter
G1 Z137.205 X264.791 Y119.891 E45.54304 ; perimeter
G1 Z137.218 X267.812 Y123.829 E26.86088 ; perimeter
G1 Z137.230 X270.646 Y127.952 E27.07603 ; perimeter
G1 Z137.243 X273.260 Y132.218 E27.07672 ; perimeter
G1 Z137.255 X275.648 Y136.615 E27.07906 ; perimeter
G1 Z137.268 X277.801 Y141.131 E27.07560 ; perimeter
G1 Z137.280 X279.663 Y145.732 E26.86175 ; perimeter
G1 Z137.301 X282.371 Y153.697 E45.52903 ; perimeter
G1 Z137.313 X283.614 Y158.503 E26.86547 ; perimeter
G1 Z137.326 X284.611 Y163.406 E27.07758 ; perimeter
G1 Z137.338 X285.351 Y168.354 E27.07590 ; perimeter
G1 Z137.351 X285.827 Y173.295 E26.86400 ; perimeter
G1 Z137.372 X286.047 Y181.707 E45.54047 ; perimeter
G1 Z137.384 X285.830 Y186.666 E26.86330 ; perimeter
G1 Z137.397 X285.355 Y191.607 E26.86348 ; perimeter
G1 Z137.418 X283.972 Y199.868 E45.32990 ; perimeter
G1 Z137.438 X281.875 Y207.977 E45.32876 ; perimeter
G1 Z137.451 X280.300 Y212.685 E26.86718 ; perimeter
G1 Z137.463 X278.466 Y217.340 E27.07713 ; perimeter
G1 Z137.476 X276.392 Y221.892 E27.07150 ; perimeter
G1 Z137.488 X274.100 Y226.295 E26.86379 ; perimeter
G1 Z137.509 X269.703 Y233.470 E45.54179 ; perimeter
G1 Z137.522 X266.820 Y237.511 E26.86471 ; perimeter
G1 Z137.534 X263.706 Y241.427 E27.07684 ; perimeter
G1 Z137.547 X260.391 Y245.174 E27.07532 ; perimeter
G1 Z137.559 X256.884 Y248.742 E27.07556 ; perimeter
G1 Z137.572 X253.195 Y252.123 E27.08113 ; perimeter
G1 Z137.584 X249.365 Y255.280 E26.86149 ; perimeter
G1 Z137.605 X242.514 Y260.167 E45.54331 ; perimeter
G1 Z137.618 X238.282 Y262.760 E26.86041 ; perimeter
G1 Z137.630 X233.919 Y265.129 E26.86829 ; perimeter
G1 Z137.651 X226.298 Y268.602 E45.32491 ; perimeter
G1 Z137.672 X218.402 Y271.398 E45.33244 ; perimeter
G1 Z137.684 X213.619 Y272.725 E26.86281 ; perimeter
G1 Z137.697 X208.734 Y273.808 E27.07904 ; perimeter
G1 Z137.709 X203.800 Y274.633 E27.07302 ; perimeter
G1 Z137.722 X198.829 Y275.200 E27.07699 ; perimeter
G1 Z137.734 X193.835 Y275.505 E27.07739 ; perimeter
G1 Z137.747 X188.832 Y275.549 E27.07679 ; perimeter
G1 Z137.759 X183.834 Y275.331 E27.07440 ; perimeter
G1 Z137.772 X178.893 Y274.855 E26.86400 ; perimeter
G1 Z137.793 X170.593 Y273.466 E45.54342 ; perimeter
G1 Z137.805 X165.766 Y272.307 E26.86572 ; perimeter
G1 Z137.817 X161.007 Y270.897 E26.86189 ; perimeter
G1 Z137.838 X153.125 Y267.950 E45.54066 ; perimeter
G1 Z137.851 X148.608 Y265.892 E26.86323 ; perimeter
G1 Z137.863 X144.205 Y263.600 E26.86379 ; perimeter
G1 Z137.884 X137.030 Y259.203 E45.54179 ; perimeter
G1 Z137.897 X132.989 Y256.320 E26.86471 ; perimeter
G1 Z137.909 X129.073 Y253.206 E27.07684 ; perimeter
G1 Z137.922 X125.326 Y249.891 E27.07532 ; perimeter
G1 Z137.934 X121.786 Y246.411 E26.86506 ; perimeter
G1 Z137.955 X116.209 Y240.109 E45.54304 ; perimeter
G1 Z137.968 X113.188 Y236.171 E26.86085 ; perimeter
G1 Z137.980 X110.354 Y232.048 E27.07610 ; perimeter
G1 Z137.993 X107.740 Y227.782 E27.07668 ; perimeter
G1 Z138.000 X106.315 Y225.158 E16.15976 ; perimeter
;LAYER_CHANGE
;Z:139.5
;HEIGHT:1.5
G1 Z138.000 F960 ; simple layer change
G1 F2400
G1 Z138.005 X105.371 Y223.419 E10.70853 ; perimeter
G1 Z138.026 X101.882 Y215.762 E45.53812 ; perimeter
G1 Z138.038 X100.143 Y211.112 E26.86757 ; perimeter
G1 Z138.051 X98.639 Y206.341 E27.07272 ; perimeter
G1 Z138.063 X97.385 Y201.494 E27.09517 ; perimeter
G1 Z138.075 X96.453 Y196.941 E25.15201 ; perimeter
G1 Z138.097 X95.300 Y188.329 E47.02243 ; perimeter
G1 Z138.109 X94.995 Y183.335 E27.07739 ; perimeter
G1 Z138.122 X94.951 Y178.332 E27.07679 ; perimeter
G1 Z138.134 X95.169 Y173.331 E27.09095 ; perimeter
G1 Z138.155 X96.190 Y165.077 E45.00846 ; perimeter
G1 Z138.168 X97.027 Y160.131 E27.14726 ; perimeter
G1 Z138.180 X98.193 Y155.266 E27.07619 ; perimeter
G1 Z138.192 X99.603 Y150.507 E26.86189 ; perimeter
G1 Z138.213 X102.550 Y142.625 E45.54066 ; perimeter
G1 Z138.226 X104.608 Y138.108 E26.86323 ; perimeter
G1 Z138.238 X106.918 Y133.670 E27.07678 ; perimeter
G1 Z138.251 X109.459 Y129.357 E27.09123 ; perimeter
G1 Z138.272 X114.171 Y122.499 E45.03126 ; perimeter
G1 Z138.284 X117.294 Y118.573 E27.14954 ; perimeter
G1 Z138.297 X120.609 Y114.826 E27.07529 ; perimeter
G1 Z138.309 X124.089 Y111.286 E26.86512 ; perimeter
G1 Z138.330 X130.391 Y105.709 E45.54301 ; perimeter
G1 Z138.343 X134.329 Y102.688 E26.86085 ; perimeter
G1 Z138.355 X138.452 Y99.854 E27.07610 ; perimeter
G1 Z138.368 X142.721 Y97.238 E27.09618 ; perimeter
G1 Z138.379 X146.803 Y95.015 E25.15475 ; perimeter
G1 Z138.401 X154.701 Y91.395 E47.01914 ; perimeter
G1 Z138.413 X159.388 Y89.643 E27.07976 ; perimeter
G1 Z138.426 X164.125 Y88.161 E26.85978 ; perimeter
G1 Z138.447 X172.304 Y86.186 E45.53802 ; perimeter
G1 Z138.459 X177.200 Y85.367 E26.86486 ; perimeter
G1 Z138.472 X182.171 Y84.800 E27.07699 ; perimeter
G1 Z138.484 X187.168 Y84.495 E27.09359 ; perimeter
G1 Z138.505 X195.488 Y84.567 E45.02870 ; perimeter
G1 Z138.518 X200.489 Y84.960 E27.14836 ; perimeter
G1 Z138.530 X205.449 Y85.613 E27.07466 ; perimeter
G1 Z138.543 X210.369 Y86.525 E27.08014 ; perimeter
G1 Z138.555 X215.234 Y87.693 E27.07706 ; perimeter
G1 Z138.567 X219.993 Y89.103 E26.86197 ; perimeter
G1 Z138.588 X227.875 Y92.050 E45.54058 ; perimeter
G1 Z138.601 X232.395 Y94.110 E26.88257 ; perimeter
G1 Z138.612 X236.521 Y96.250 E25.15400 ; perimeter
G1 Z138.634 X243.938 Y100.774 E47.01770 ; perimeter
G1 Z138.647 X248.011 Y103.680 E27.07806 ; perimeter
G1 Z138.659 X251.927 Y106.794 E27.07677 ; perimeter
G1 Z138.672 X255.674 Y110.109 E27.07526 ; perimeter
G1 Z138.684 X259.214 Y113.589 E26.86512 ; perimeter
G1 Z138.705 X264.791 Y119.891 E45.54307 ; perimeter
G1 Z138.718 X267.812 Y123.829 E26.86082 ; perimeter
G1 Z138.730 X270.646 Y127.952 E27.07610 ; perimeter
G1 Z138.743 X273.260 Y132.218 E27.07675 ; perimeter
G1 Z138.755 X275.648 Y136.615 E27.07899 ; perimeter
G1 Z138.768 X277.801 Y141.131 E27.07555 ; perimeter
G1 Z138.780 X279.701 Y145.717 E26.86473 ; perimeter
G1 Z138.801 X282.371 Y153.697 E45.54020 ; perimeter
G1 Z138.813 X283.614 Y158.503 E26.86543 ; perimeter
G1 Z138.826 X284.611 Y163.406 E27.07758 ; perimeter
G1 Z138.838 X285.351 Y168.354 E27.07590 ; perimeter
G1 Z138.851 X285.827 Y173.295 E26.86400 ; perimeter
G1 Z138.872 X286.047 Y181.707 E45.54047 ; perimeter
G1 Z138.884 X285.830 Y186.666 E26.86330 ; perimeter
G1 Z138.897 X285.355 Y191.607 E26.86348 ; perimeter
G1 Z138.918 X283.972 Y199.868 E45.32990 ; perimeter
G1 Z138.938 X281.875 Y207.977 E45.32883 ; perimeter
G1 Z138.951 X280.300 Y212.685 E26.86710 ; perimeter
G1 Z138.963 X278.466 Y217.340 E27.07713 ; perimeter
G1 Z138.976 X276.392 Y221.892 E27.07150 ; perimeter
G1 Z138.988 X274.100 Y226.295 E26.86372 ; perimeter
G1 Z139.009 X269.703 Y233.470 E45.54187 ; perimeter
G1 Z139.022 X266.820 Y237.511 E26.86471 ; perimeter
G1 Z139.034 X263.706 Y241.427 E27.07684 ; perimeter
G1 Z139.047 X260.391 Y245.174 E27.07532 ; perimeter
G1 Z139.059 X256.884 Y248.742 E27.07556 ; perimeter
G1 Z139.072 X253.195 Y252.123 E27.08113 ; perimeter
G1 Z139.084 X249.365 Y255.280 E26.86149 ; perimeter
G1 Z139.105 X242.514 Y260.167 E45.54331 ; perimeter
G1 Z139.118 X238.282 Y262.760 E26.86041 ; perimeter
G1 Z139.130 X233.919 Y265.129 E26.86829 ; perimeter
G1 Z139.151 X226.298 Y268.602 E45.32491 ; perimeter
G1 Z139.172 X218.402 Y271.398 E45.33236 ; perimeter
G1 Z139.184 X213.619 Y272.725 E26.86289 ; perimeter
G1 Z139.197 X208.734 Y273.808 E27.07904 ; perimeter
G1 Z139.209 X203.800 Y274.633 E27.07302 ; perimeter
G1 Z139.222 X198.829 Y275.200 E27.07691 ; perimeter
G1 Z139.234 X193.835 Y275.505 E27.07747 ; perimeter
G1 Z139.247 X188.832 Y275.549 E27.07679 ; perimeter
G1 Z139.259 X183.834 Y275.331 E27.07440 ; perimeter
G1 Z139.272 X178.893 Y274.855 E26.86400 ; perimeter
G1 Z139.293 X170.593 Y273.466 E45.54342 ; perimeter
G1 Z139.305 X165.766 Y272.307 E26.86564 ; perimeter
G1 Z139.317 X161.007 Y270.897 E26.86197 ; perimeter
G1 Z139.338 X153.125 Y267.950 E45.54066 ; perimeter
G1 Z139.351 X148.608 Y265.892 E26.86323 ; perimeter
G1 Z139.363 X144.205 Y263.600 E26.86379 ; perimeter
G1 Z139.384 X137.030 Y259.203 E45.54179 ; perimeter
G1 Z139.397 X132.989 Y256.320 E26.86471 ; perimeter
G1 Z139.409 X129.073 Y253.206 E27.07684 ; perimeter
G1 Z139.422 X125.326 Y249.891 E27.07532 ; perimeter
G1 Z139.434 X121.786 Y246.411 E26.86506 ; perimeter
G1 Z139.455 X116.209 Y240.109 E45.54304 ; perimeter
G1 Z139.468 X113.188 Y236.171 E26.86085 ; perimeter
G1 Z139.480 X110.354 Y232.048 E27.07610 ; perimeter
G1 Z139.493 X107.740 Y227.782 E27.07668 ; perimeter
G1 Z139.500 X106.315 Y225.158 E16.15976 ; perimeter
;LAYER_CHANGE
;Z:141
;HEIGHT:1.5
G1 Z139.500 F960 ; simple layer change
G1 F2400
G1 Z139.505 X105.371 Y223.419 E10.70853 ; perimeter
G1 Z139.526 X101.882 Y215.762 E45.53812 ; perimeter
G1 Z139.538 X100.143 Y211.112 E26.86757 ; perimeter
G1 Z139.551 X98.639 Y206.341 E27.07264 ; perimeter
G1 Z139.563 X97.385 Y201.494 E27.09524 ; perimeter
G1 Z139.575 X96.450 Y196.927 E25.22877 ; perimeter
G1 Z139.597 X95.300 Y188.329 E46.94598 ; perimeter
G1 Z139.609 X94.995 Y183.335 E27.07730 ; perimeter
G1 Z139.622 X94.951 Y178.332 E27.07679 ; perimeter
G1 Z139.634 X95.170 Y173.334 E27.07442 ; perimeter
G1 Z139.647 X95.723 Y168.402 E26.85966 ; perimeter
G1 Z139.668 X97.034 Y160.093 E45.52328 ; perimeter
G1 Z139.680 X98.193 Y155.266 E26.86566 ; perimeter
G1 Z139.692 X99.603 Y150.507 E26.86182 ; perimeter
G1 Z139.713 X102.550 Y142.625 E45.54071 ; perimeter
G1 Z139.726 X104.610 Y138.105 E26.88262 ; perimeter
G1 Z139.747 X108.600 Y130.805 E45.02122 ; perimeter
G1 Z139.759 X111.333 Y126.603 E27.13141 ; perimeter
G1 Z139.772 X114.179 Y122.489 E27.07410 ; perimeter
G1 Z139.784 X117.294 Y118.573 E27.07687 ; perimeter
G1 Z139.797 X120.609 Y114.826 E27.07535 ; perimeter
G1 Z139.809 X124.089 Y111.286 E26.86506 ; perimeter
G1 Z139.830 X130.391 Y105.709 E45.54298 ; perimeter
G1 Z139.843 X134.329 Y102.688 E26.86087 ; perimeter
G1 Z139.855 X138.452 Y99.854 E27.07610 ; perimeter
G1 Z139.868 X142.721 Y97.238 E27.09618 ; perimeter
G1 Z139.879 X146.815 Y95.009 E25.22956 ; perimeter
G1 Z139.901 X154.701 Y91.395 E46.94428 ; perimeter
G1 Z139.913 X159.390 Y89.642 E27.09173 ; perimeter
G1 Z139.925 X163.836 Y88.238 E25.23383 ; perimeter
G1 Z139.947 X172.266 Y86.194 E46.94531 ; perimeter
G1 Z139.959 X177.200 Y85.367 E27.07226 ; perimeter
G1 Z139.972 X182.171 Y84.800 E27.07700 ; perimeter
G1 Z139.984 X187.168 Y84.495 E27.09359 ; perimeter
G1 Z140.005 X195.487 Y84.567 E45.02321 ; perimeter
G1 Z140.018 X200.489 Y84.960 E27.15392 ; perimeter
G1 Z140.030 X205.449 Y85.613 E27.07458 ; perimeter
G1 Z140.043 X210.369 Y86.525 E27.08014 ; perimeter
G1 Z140.055 X215.234 Y87.693 E27.07715 ; perimeter
G1 Z140.067 X219.993 Y89.103 E26.86180 ; perimeter
G1 Z140.088 X227.875 Y92.050 E45.54066 ; perimeter
G1 Z140.101 X232.392 Y94.108 E26.86317 ; perimeter
G1 Z140.113 X236.790 Y96.407 E26.86063 ; perimeter
G1 Z140.134 X243.970 Y100.797 E45.54183 ; perimeter
G1 Z140.147 X248.011 Y103.680 E26.86470 ; perimeter
G1 Z140.159 X251.927 Y106.794 E27.07675 ; perimeter
G1 Z140.172 X255.674 Y110.109 E27.07528 ; perimeter
G1 Z140.184 X259.214 Y113.589 E26.86512 ; perimeter
G1 Z140.205 X264.791 Y119.891 E45.54301 ; perimeter
G1 Z140.218 X267.812 Y123.829 E26.86092 ; perimeter
G1 Z140.230 X270.646 Y127.952 E27.07603 ; perimeter
G1 Z140.243 X273.260 Y132.218 E27.07672 ; perimeter
G1 Z140.255 X275.648 Y136.615 E27.07906 ; perimeter
G1 Z140.268 X277.801 Y141.131 E27.07555 ; perimeter
G1 Z140.280 X279.701 Y145.717 E26.86473 ; perimeter
G1 Z140.301 X282.371 Y153.697 E45.54020 ; perimeter
G1 Z140.313 X283.614 Y158.503 E26.86543 ; perimeter
G1 Z140.326 X284.611 Y163.406 E27.07758 ; perimeter
G1 Z140.338 X285.351 Y168.354 E27.07590 ; perimeter
G1 Z140.351 X285.827 Y173.295 E26.86400 ; perimeter
G1 Z140.372 X286.047 Y181.707 E45.54047 ; perimeter
G1 Z140.384 X285.830 Y186.666 E26.86330 ; perimeter
G1 Z140.397 X285.355 Y191.607 E26.86348 ; perimeter
G1 Z140.418 X283.972 Y199.868 E45.32990 ; perimeter
G1 Z140.438 X281.875 Y207.977 E45.32876 ; perimeter
G1 Z140.451 X280.300 Y212.685 E26.86718 ; perimeter
G1 Z140.463 X278.466 Y217.340 E27.07713 ; perimeter
G1 Z140.476 X276.392 Y221.892 E27.07150 ; perimeter
G1 Z140.488 X274.100 Y226.295 E26.86386 ; perimeter
G1 Z140.509 X269.703 Y233.470 E45.54172 ; perimeter
G1 Z140.522 X266.820 Y237.511 E26.86471 ; perimeter
G1 Z140.534 X263.706 Y241.427 E27.07684 ; perimeter
G1 Z140.547 X260.391 Y245.174 E27.07532 ; perimeter
G1 Z140.559 X256.884 Y248.742 E27.07556 ; perimeter
G1 Z140.572 X253.195 Y252.123 E27.08113 ; perimeter
G1 Z140.584 X249.365 Y255.280 E26.86149 ; perimeter
G1 Z140.605 X242.514 Y260.167 E45.54331 ; perimeter
G1 Z140.618 X238.282 Y262.760 E26.86041 ; perimeter
G1 Z140.630 X233.919 Y265.129 E26.86829 ; perimeter
G1 Z140.651 X226.298 Y268.602 E45.32491 ; perimeter
G1 Z140.672 X218.402 Y271.398 E45.33236 ; perimeter
G1 Z140.684 X213.619 Y272.725 E26.86289 ; perimeter
G1 Z140.697 X208.734 Y273.808 E27.07904 ; perimeter
G1 Z140.709 X203.800 Y274.633 E27.07302 ; perimeter
G1 Z140.722 X198.829 Y275.200 E27.07691 ; perimeter
G1 Z140.734 X193.835 Y275.505 E27.07747 ; perimeter
G1 Z140.747 X188.832 Y275.549 E27.07679 ; perimeter
G1 Z140.759 X183.834 Y275.331 E27.07440 ; perimeter
G1 Z140.772 X178.893 Y274.855 E26.86400 ; perimeter
G1 Z140.793 X170.593 Y273.466 E45.54342 ; perimeter
G1 Z140.805 X165.766 Y272.307 E26.86564 ; perimeter
G1 Z140.817 X161.007 Y270.897 E26.86197 ; perimeter
G1 Z140.838 X153.125 Y267.950 E45.54066 ; perimeter
G1 Z140.851 X148.608 Y265.892 E26.86323 ; perimeter
G1 Z140.863 X144.205 Y263.600 E26.86379 ; perimeter
G1 Z140.884 X137.030 Y259.203 E45.54179 ; perimeter
G1 Z140.897 X132.989 Y256.320 E26.86471 ; perimeter
G1 Z140.909 X129.073 Y253.206 E27.07684 ; perimeter
G1 Z140.922 X125.326 Y249.891 E27.07532 ; perimeter
G1 Z140.934 X121.786 Y246.411 E26.86506 ; perimeter
G1 Z140.955 X116.209 Y240.109 E45.54304 ; perimeter
G1 Z140.968 X113.188 Y236.171 E26.86085 ; perimeter
G1 Z140.980 X110.354 Y232.048 E27.07610 ; perimeter
G1 Z140.993 X107.740 Y227.782 E27.07668 ; perimeter
G1 Z141.000 X106.315 Y225.158 E16.15976 ; perimeter
;LAYER_CHANGE
;Z:142.5
;HEIGHT:1.5
G1 Z141.000 F960 ; simple layer change
G1 F2400
G1 Z141.004 X105.371 Y223.420 E10.70428 ; perimeter
G1 Z141.026 X101.898 Y215.798 E45.33109 ; perimeter
G1 Z141.038 X100.143 Y211.112 E27.07840 ; perimeter
G1 Z141.051 X98.639 Y206.341 E27.07281 ; perimeter
G1 Z141.063 X97.385 Y201.494 E27.09500 ; perimeter
G1 Z141.075 X96.448 Y196.912 E25.31141 ; perimeter
G1 Z141.097 X95.300 Y188.329 E46.86321 ; perimeter
G1 Z141.109 X94.995 Y183.335 E27.07731 ; perimeter
G1 Z141.122 X94.951 Y178.332 E27.07695 ; perimeter
G1 Z141.134 X95.169 Y173.331 E27.09086 ; perimeter
G1 Z141.155 X96.190 Y165.078 E45.00316 ; perimeter
G1 Z141.168 X97.027 Y160.131 E27.15258 ; perimeter
G1 Z141.180 X98.193 Y155.266 E27.07626 ; perimeter
G1 Z141.192 X99.603 Y150.507 E26.86182 ; perimeter
G1 Z141.213 X102.550 Y142.625 E45.54066 ; perimeter
G1 Z141.226 X104.608 Y138.108 E26.86325 ; perimeter
G1 Z141.238 X106.983 Y133.705 E27.07260 ; perimeter
G1 Z141.251 X109.480 Y129.370 E27.07399 ; perimeter
G1 Z141.272 X114.172 Y122.500 E45.02218 ; perimeter
G1 Z141.284 X117.294 Y118.573 E27.15354 ; perimeter
G1 Z141.297 X120.609 Y114.826 E27.07532 ; perimeter
G1 Z141.309 X124.089 Y111.286 E26.86506 ; perimeter
G1 Z141.330 X130.391 Y105.709 E45.54304 ; perimeter
G1 Z141.343 X134.329 Y102.688 E26.86085 ; perimeter
G1 Z141.355 X138.452 Y99.854 E27.07610 ; perimeter
G1 Z141.368 X142.721 Y97.238 E27.09618 ; perimeter
G1 Z141.379 X146.828 Y95.002 E25.30959 ; perimeter
G1 Z141.401 X154.701 Y91.395 E46.86449 ; perimeter
G1 Z141.413 X159.390 Y89.642 E27.09181 ; perimeter
G1 Z141.425 X163.849 Y88.230 E25.31249 ; perimeter
G1 Z141.447 X172.266 Y86.192 E46.86826 ; perimeter
G1 Z141.459 X177.200 Y85.367 E27.07303 ; perimeter
G1 Z141.472 X182.171 Y84.800 E27.07698 ; perimeter
G1 Z141.484 X187.168 Y84.495 E27.09359 ; perimeter
G1 Z141.505 X195.487 Y84.567 E45.02329 ; perimeter
G1 Z141.518 X200.489 Y84.960 E27.15375 ; perimeter
G1 Z141.530 X205.449 Y85.613 E27.07466 ; perimeter
G1 Z141.543 X210.369 Y86.525 E27.08014 ; perimeter
G1 Z141.555 X215.234 Y87.693 E27.07698 ; perimeter
G1 Z141.567 X219.993 Y89.103 E26.86197 ; perimeter
G1 Z141.588 X227.875 Y92.050 E45.54074 ; perimeter
G1 Z141.601 X232.395 Y94.109 E26.88009 ; perimeter
G1 Z141.613 X236.544 Y96.267 E25.31177 ; perimeter
G1 Z141.634 X243.937 Y100.775 E46.86144 ; perimeter
G1 Z141.647 X248.011 Y103.680 E27.07736 ; perimeter
G1 Z141.659 X251.927 Y106.794 E27.07684 ; perimeter
G1 Z141.672 X255.674 Y110.109 E27.07526 ; perimeter
G1 Z141.684 X259.214 Y113.589 E26.86512 ; perimeter
G1 Z141.705 X264.791 Y119.891 E45.54307 ; perimeter
G1 Z141.718 X267.812 Y123.829 E26.86078 ; perimeter
G1 Z141.730 X270.646 Y127.952 E27.07614 ; perimeter
G1 Z141.743 X273.260 Y132.218 E27.07668 ; perimeter
G1 Z141.755 X275.648 Y136.615 E27.07906 ; perimeter
G1 Z141.768 X277.801 Y141.131 E27.07555 ; perimeter
G1 Z141.780 X279.701 Y145.717 E26.86473 ; perimeter
G1 Z141.801 X282.371 Y153.697 E45.54020 ; perimeter
G1 Z141.813 X283.614 Y158.503 E26.86543 ; perimeter
G1 Z141.826 X284.611 Y163.406 E27.07758 ; perimeter
G1 Z141.838 X285.351 Y168.354 E27.07590 ; perimeter
G1 Z141.851 X285.827 Y173.295 E26.86400 ; perimeter
G1 Z141.872 X286.047 Y181.707 E45.54047 ; perimeter
G1 Z141.884 X285.830 Y186.666 E26.86330 ; perimeter
G1 Z141.897 X285.355 Y191.607 E26.86348 ; perimeter
G1 Z141.918 X283.972 Y199.868 E45.32990 ; perimeter
G1 Z141.938 X281.875 Y207.977 E45.32876 ; perimeter
G1 Z141.951 X280.300 Y212.685 E26.86718 ; perimeter
G1 Z141.963 X278.466 Y217.340 E27.07713 ; perimeter
G1 Z141.976 X276.392 Y221.892 E27.07150 ; perimeter
G1 Z141.988 X274.100 Y226.295 E26.86372 ; perimeter
G1 Z142.009 X269.703 Y233.470 E45.54187 ; perimeter
G1 Z142.022 X266.820 Y237.511 E26.86471 ; perimeter
G1 Z142.034 X263.706 Y241.427 E27.07684 ; perimeter
G1 Z142.047 X260.391 Y245.174 E27.07532 ; perimeter
G1 Z142.059 X256.884 Y248.742 E27.07556 ; perimeter
G1 Z142.072 X253.195 Y252.123 E27.08108 ; perimeter
G1 Z142.084 X249.365 Y255.280 E26.86161 ; perimeter
G1 Z142.105 X242.514 Y260.167 E45.54324 ; perimeter
G1 Z142.118 X238.282 Y262.760 E26.86041 ; perimeter
G1 Z142.130 X233.919 Y265.129 E26.86829 ; perimeter
G1 Z142.151 X226.298 Y268.602 E45.32491 ; perimeter
G1 Z142.172 X218.402 Y271.398 E45.33228 ; perimeter
G1 Z142.184 X213.619 Y272.725 E26.86297 ; perimeter
G1 Z142.197 X208.734 Y273.808 E27.07904 ; perimeter
G1 Z142.209 X203.800 Y274.633 E27.07302 ; perimeter
G1 Z142.222 X198.829 Y275.200 E27.07699 ; perimeter
G1 Z142.234 X193.835 Y275.505 E27.07739 ; perimeter
G1 Z142.247 X188.832 Y275.549 E27.07679 ; perimeter
G1 Z142.259 X183.834 Y275.331 E27.07440 ; perimeter
G1 Z142.272 X178.893 Y274.855 E26.86400 ; perimeter
G1 Z142.293 X170.593 Y273.466 E45.54342 ; perimeter
G1 Z142.305 X165.766 Y272.307 E26.86564 ; perimeter
G1 Z142.317 X161.007 Y270.897 E26.86197 ; perimeter
G1 Z142.338 X153.125 Y267.950 E45.54066 ; perimeter
G1 Z142.351 X148.608 Y265.892 E26.86323 ; perimeter
G1 Z142.363 X144.205 Y263.600 E26.86379 ; perimeter
G1 Z142.384 X137.030 Y259.203 E45.54179 ; perimeter
G1 Z142.397 X132.989 Y256.320 E26.86471 ; perimeter
G1 Z142.409 X129.073 Y253.206 E27.07684 ; perimeter
G1 Z142.422 X125.326 Y249.891 E27.07532 ; perimeter
G1 Z142.434 X121.786 Y246.411 E26.86506 ; perimeter
G1 Z142.455 X116.209 Y240.109 E45.54304 ; perimeter
G1 Z142.468 X113.188 Y236.171 E26.86085 ; perimeter
G1 Z142.480 X110.354 Y232.048 E27.07610 ; perimeter
G1 Z142.493 X107.738 Y227.779 E27.09618 ; perimeter
G1 Z142.500 X106.312 Y225.159 E16.14332 ; perimeter
;LAYER_CHANGE
;Z:144
;HEIGHT:1.5
G1 Z142.500 F960 ; simple layer change
G1 F2400
G1 Z142.504 X105.495 Y223.659 E9.24393 ; perimeter
G1 Z142.526 X101.895 Y215.799 E46.78684 ; perimeter
G1 Z142.538 X100.143 Y211.112 E27.07988 ; perimeter
G1 Z142.551 X98.639 Y206.341 E27.07272 ; perimeter
G1 Z142.563 X97.385 Y201.494 E27.09516 ; perimeter
G1 Z142.575 X96.445 Y196.898 E25.38876 ; perimeter
G1 Z142.597 X95.300 Y188.329 E46.78596 ; perimeter
G1 Z142.609 X94.995 Y183.335 E27.07731 ; perimeter
G1 Z142.622 X94.951 Y178.332 E27.07687 ; perimeter
G1 Z142.634 X95.170 Y173.334 E27.07442 ; perimeter
G1 Z142.647 X95.723 Y168.402 E26.85962 ; perimeter
G1 Z142.668 X97.034 Y160.093 E45.52321 ; perimeter
G1 Z142.680 X98.193 Y155.266 E26.86567 ; perimeter
G1 Z142.692 X99.603 Y150.507 E26.86197 ; perimeter
G1 Z142.713 X102.550 Y142.625 E45.54066 ; perimeter
G1 Z142.726 X104.608 Y138.108 E26.86323 ; perimeter
G1 Z142.738 X106.918 Y133.670 E27.07678 ; perimeter
G1 Z142.751 X109.459 Y129.357 E27.09122 ; perimeter
G1 Z142.772 X114.171 Y122.500 E45.02670 ; perimeter
G1 Z142.784 X117.294 Y118.573 E27.15373 ; perimeter
G1 Z142.797 X120.609 Y114.826 E27.07532 ; perimeter
G1 Z142.809 X124.089 Y111.286 E26.86506 ; perimeter
G1 Z142.830 X130.391 Y105.709 E45.54304 ; perimeter
G1 Z142.843 X134.329 Y102.688 E26.86085 ; perimeter
G1 Z142.855 X138.452 Y99.854 E27.07610 ; perimeter
G1 Z142.868 X142.721 Y97.238 E27.09618 ; perimeter
G1 Z142.879 X146.841 Y94.995 E25.38721 ; perimeter
G1 Z142.901 X154.701 Y91.395 E46.78697 ; perimeter
G1 Z142.913 X159.390 Y89.642 E27.09182 ; perimeter
G1 Z142.925 X163.863 Y88.226 E25.39132 ; perimeter
G1 Z142.947 X172.266 Y86.192 E46.78946 ; perimeter
G1 Z142.959 X177.200 Y85.367 E27.07302 ; perimeter
G1 Z142.972 X182.171 Y84.800 E27.07699 ; perimeter
G1 Z142.984 X187.168 Y84.495 E27.09359 ; perimeter
G1 Z143.005 X195.487 Y84.567 E45.02330 ; perimeter
G1 Z143.018 X200.489 Y84.960 E27.15366 ; perimeter
G1 Z143.030 X205.449 Y85.613 E27.07474 ; perimeter
G1 Z143.043 X210.369 Y86.525 E27.08006 ; perimeter
G1 Z143.055 X215.234 Y87.693 E27.07714 ; perimeter
G1 Z143.067 X219.993 Y89.103 E26.86181 ; perimeter
G1 Z143.088 X227.875 Y92.050 E45.54074 ; perimeter
G1 Z143.101 X232.395 Y94.109 E26.88017 ; perimeter
G1 Z143.113 X236.559 Y96.271 E25.39147 ; perimeter
G1 Z143.134 X243.938 Y100.774 E46.78308 ; perimeter
G1 Z143.147 X248.011 Y103.680 E27.07792 ; perimeter
G1 Z143.159 X251.927 Y106.794 E27.07693 ; perimeter
G1 Z143.172 X255.674 Y110.109 E27.07517 ; perimeter
G1 Z143.184 X259.214 Y113.589 E26.86512 ; perimeter
G1 Z143.205 X264.791 Y119.891 E45.54307 ; perimeter
G1 Z143.218 X267.812 Y123.829 E26.86078 ; perimeter
G1 Z143.230 X270.646 Y127.952 E27.07614 ; perimeter
G1 Z143.243 X273.260 Y132.218 E27.07675 ; perimeter
G1 Z143.255 X275.648 Y136.615 E27.07899 ; perimeter
G1 Z143.268 X277.801 Y141.131 E27.07555 ; perimeter
G1 Z143.280 X279.701 Y145.717 E26.86473 ; perimeter
G1 Z143.301 X282.371 Y153.697 E45.54020 ; perimeter
G1 Z143.313 X283.614 Y158.503 E26.86543 ; perimeter
G1 Z143.326 X284.611 Y163.406 E27.07758 ; perimeter
G1 Z143.338 X285.351 Y168.354 E27.07590 ; perimeter
G1 Z143.351 X285.827 Y173.295 E26.86400 ; perimeter
G1 Z143.372 X286.047 Y181.707 E45.54047 ; perimeter
G1 Z143.384 X285.830 Y186.666 E26.86330 ; perimeter
G1 Z143.397 X285.355 Y191.607 E26.86348 ; perimeter
G1 Z143.418 X283.972 Y199.868 E45.32990 ; perimeter
G1 Z143.438 X281.875 Y207.977 E45.32876 ; perimeter
G1 Z143.451 X280.300 Y212.685 E26.86718 ; perimeter
G1 Z143.463 X278.466 Y217.340 E27.07713 ; perimeter
G1 Z143.476 X276.392 Y221.892 E27.07150 ; perimeter
G1 Z143.488 X274.100 Y226.295 E26.86379 ; perimeter
G1 Z143.509 X269.703 Y233.470 E45.54179 ; perimeter
G1 Z143.522 X266.820 Y237.511 E26.86478 ; perimeter
G1 Z143.534 X263.706 Y241.427 E27.07677 ; perimeter
G1 Z143.547 X260.391 Y245.174 E27.07532 ; perimeter
G1 Z143.559 X256.884 Y248.742 E27.07556 ; perimeter
G1 Z143.572 X253.195 Y252.123 E27.08108 ; perimeter
G1 Z143.584 X249.365 Y255.280 E26.86148 ; perimeter
G1 Z143.605 X242.514 Y260.167 E45.54337 ; perimeter
G1 Z143.618 X238.279 Y262.762 E26.87979 ; perimeter
G1 Z143.638 X230.891 Y266.584 E45.01727 ; perimeter
G1 Z143.651 X226.335 Y268.588 E26.93811 ; perimeter
G1 Z143.672 X218.402 Y271.398 E45.54429 ; perimeter
G1 Z143.684 X213.619 Y272.725 E26.86289 ; perimeter
G1 Z143.697 X208.734 Y273.808 E27.07896 ; perimeter
G1 Z143.709 X203.800 Y274.633 E27.07302 ; perimeter
G1 Z143.722 X198.829 Y275.200 E27.07699 ; perimeter
G1 Z143.734 X193.835 Y275.505 E27.07731 ; perimeter
G1 Z143.747 X188.832 Y275.549 E27.07687 ; perimeter
G1 Z143.759 X183.834 Y275.331 E27.07440 ; perimeter
G1 Z143.772 X178.893 Y274.855 E26.86400 ; perimeter
G1 Z143.793 X170.593 Y273.466 E45.54342 ; perimeter
G1 Z143.805 X165.766 Y272.307 E26.86572 ; perimeter
G1 Z143.817 X161.007 Y270.897 E26.86189 ; perimeter
G1 Z143.838 X153.125 Y267.950 E45.54066 ; perimeter
G1 Z143.851 X148.608 Y265.892 E26.86323 ; perimeter
G1 Z143.863 X144.205 Y263.600 E26.86379 ; perimeter
G1 Z143.884 X137.030 Y259.203 E45.54179 ; perimeter
G1 Z143.897 X132.989 Y256.320 E26.86471 ; perimeter
G1 Z143.909 X129.073 Y253.206 E27.07684 ; perimeter
G1 Z143.922 X125.326 Y249.891 E27.07532 ; perimeter
G1 Z143.934 X121.786 Y246.411 E26.86506 ; perimeter
G1 Z143.955 X116.209 Y240.109 E45.54304 ; perimeter
G1 Z143.968 X113.188 Y236.171 E26.86085 ; perimeter
G1 Z143.980 X110.354 Y232.048 E27.07610 ; perimeter
G1 Z143.993 X107.738 Y227.779 E27.09618 ; perimeter
G1 Z144.000 X106.312 Y225.159 E16.14332 ; perimeter
;LAYER_CHANGE
;Z:145.5
;HEIGHT:1.5
G1 Z144.000 F960 ; simple layer change
G1 F2400
G1 Z144.005 X105.383 Y223.414 E10.70113 ; perimeter
G1 Z144.026 X101.881 Y215.762 E45.53839 ; perimeter
G1 Z144.038 X100.143 Y211.112 E26.86752 ; perimeter
G1 Z144.051 X98.639 Y206.341 E27.07272 ; perimeter
G1 Z144.063 X97.385 Y201.495 E27.08993 ; perimeter
G1 Z144.075 X96.442 Y196.884 E25.47074 ; perimeter
G1 Z144.097 X95.300 Y188.329 E46.70941 ; perimeter
G1 Z144.109 X94.995 Y183.335 E27.07739 ; perimeter
G1 Z144.122 X94.951 Y178.332 E27.07679 ; perimeter
G1 Z144.134 X95.169 Y173.331 E27.09103 ; perimeter
G1 Z144.155 X96.190 Y165.078 E45.00307 ; perimeter
G1 Z144.168 X97.027 Y160.131 E27.15266 ; perimeter
G1 Z144.180 X98.193 Y155.266 E27.07610 ; perimeter
G1 Z144.192 X99.603 Y150.507 E26.86190 ; perimeter
G1 Z144.213 X102.550 Y142.625 E45.54065 ; perimeter
G1 Z144.226 X104.608 Y138.108 E26.86325 ; perimeter
G1 Z144.238 X106.918 Y133.670 E27.07678 ; perimeter
G1 Z144.251 X109.459 Y129.357 E27.09122 ; perimeter
G1 Z144.272 X114.171 Y122.500 E45.02669 ; perimeter
G1 Z144.284 X117.294 Y118.573 E27.15374 ; perimeter
G1 Z144.297 X120.609 Y114.826 E27.07532 ; perimeter
G1 Z144.309 X124.089 Y111.286 E26.86506 ; perimeter
G1 Z144.330 X130.391 Y105.709 E45.54304 ; perimeter
G1 Z144.343 X134.329 Y102.688 E26.86085 ; perimeter
G1 Z144.355 X138.452 Y99.854 E27.07610 ; perimeter
G1 Z144.368 X142.721 Y97.238 E27.09618 ; perimeter
G1 Z144.379 X146.854 Y94.989 E25.46681 ; perimeter
G1 Z144.401 X154.701 Y91.395 E46.70722 ; perimeter
G1 Z144.413 X159.390 Y89.642 E27.09189 ; perimeter
G1 Z144.425 X163.877 Y88.222 E25.47007 ; perimeter
G1 Z144.447 X172.266 Y86.192 E46.71081 ; perimeter
G1 Z144.459 X177.200 Y85.367 E27.07287 ; perimeter
G1 Z144.472 X182.171 Y84.800 E27.07707 ; perimeter
G1 Z144.484 X187.167 Y84.495 E27.08817 ; perimeter
G1 Z144.505 X195.487 Y84.567 E45.02870 ; perimeter
G1 Z144.518 X200.489 Y84.960 E27.15366 ; perimeter
G1 Z144.530 X205.449 Y85.613 E27.07475 ; perimeter
G1 Z144.543 X210.369 Y86.525 E27.08022 ; perimeter
G1 Z144.555 X215.234 Y87.693 E27.07698 ; perimeter
G1 Z144.567 X219.993 Y89.103 E26.86181 ; perimeter
G1 Z144.588 X227.875 Y92.050 E45.54074 ; perimeter
G1 Z144.601 X232.395 Y94.109 E26.88033 ; perimeter
G1 Z144.613 X236.571 Y96.278 E25.46664 ; perimeter
G1 Z144.634 X243.938 Y100.774 E46.70781 ; perimeter
G1 Z144.647 X248.011 Y103.680 E27.07799 ; perimeter
G1 Z144.659 X251.927 Y106.794 E27.07680 ; perimeter
G1 Z144.672 X255.674 Y110.109 E27.07523 ; perimeter
G1 Z144.684 X259.214 Y113.589 E26.86512 ; perimeter
G1 Z144.705 X264.791 Y119.891 E45.54307 ; perimeter
G1 Z144.718 X267.812 Y123.829 E26.86082 ; perimeter
G1 Z144.730 X270.646 Y127.952 E27.07610 ; perimeter
G1 Z144.743 X273.260 Y132.218 E27.07675 ; perimeter
G1 Z144.755 X275.648 Y136.615 E27.07899 ; perimeter
G1 Z144.768 X277.801 Y141.131 E27.07555 ; perimeter
G1 Z144.780 X279.701 Y145.717 E26.86473 ; perimeter
G1 Z144.801 X282.371 Y153.697 E45.54020 ; perimeter
G1 Z144.813 X283.614 Y158.503 E26.86543 ; perimeter
G1 Z144.826 X284.611 Y163.406 E27.07758 ; perimeter
G1 Z144.838 X285.351 Y168.354 E27.07590 ; perimeter
G1 Z144.851 X285.827 Y173.295 E26.86400 ; perimeter
G1 Z144.872 X286.047 Y181.707 E45.54047 ; perimeter
G1 Z144.884 X285.830 Y186.666 E26.86330 ; perimeter
G1 Z144.897 X285.355 Y191.607 E26.86348 ; perimeter
G1 Z144.918 X283.972 Y199.868 E45.32990 ; perimeter
G1 Z144.938 X281.875 Y207.977 E45.32883 ; perimeter
G1 Z144.951 X280.300 Y212.685 E26.86710 ; perimeter
G1 Z144.963 X278.466 Y217.340 E27.07713 ; perimeter
G1 Z144.976 X276.392 Y221.892 E27.07150 ; perimeter
G1 Z144.988 X274.100 Y226.295 E26.86372 ; perimeter
G1 Z145.009 X269.703 Y233.470 E45.54187 ; perimeter
G1 Z145.022 X266.820 Y237.511 E26.86471 ; perimeter
G1 Z145.034 X263.706 Y241.427 E27.07684 ; perimeter
G1 Z145.047 X260.391 Y245.174 E27.07532 ; perimeter
G1 Z145.059 X256.884 Y248.742 E27.07556 ; perimeter
G1 Z145.072 X253.195 Y252.123 E27.08113 ; perimeter
G1 Z145.084 X249.365 Y255.280 E26.86149 ; perimeter
G1 Z145.105 X242.514 Y260.167 E45.54331 ; perimeter
G1 Z145.118 X238.282 Y262.760 E26.86043 ; perimeter
G1 Z145.130 X233.909 Y265.110 E26.86657 ; perimeter
G1 Z145.151 X226.298 Y268.602 E45.31907 ; perimeter
G1 Z145.172 X218.402 Y271.398 E45.33230 ; perimeter
G1 Z145.184 X213.619 Y272.725 E26.86289 ; perimeter
G1 Z145.197 X208.734 Y273.808 E27.07904 ; perimeter
G1 Z145.209 X203.800 Y274.633 E27.07302 ; perimeter
G1 Z145.222 X198.829 Y275.200 E27.07699 ; perimeter
G1 Z145.234 X193.835 Y275.505 E27.07739 ; perimeter
G1 Z145.247 X188.832 Y275.549 E27.07679 ; perimeter
G1 Z145.259 X183.834 Y275.331 E27.07440 ; perimeter
G1 Z145.272 X178.893 Y274.855 E26.86400 ; perimeter
G1 Z145.293 X170.593 Y273.466 E45.54342 ; perimeter
G1 Z145.305 X165.766 Y272.307 E26.86572 ; perimeter
G1 Z145.317 X161.007 Y270.897 E26.86189 ; perimeter
G1 Z145.338 X153.125 Y267.950 E45.54066 ; perimeter
G1 Z145.351 X148.608 Y265.892 E26.86323 ; perimeter
G1 Z145.363 X144.205 Y263.600 E26.86379 ; perimeter
G1 Z145.384 X137.030 Y259.203 E45.54179 ; perimeter
G1 Z145.397 X132.989 Y256.320 E26.86471 ; perimeter
G1 Z145.409 X129.073 Y253.206 E27.07684 ; perimeter
G1 Z145.422 X125.326 Y249.891 E27.07532 ; perimeter
G1 Z145.434 X121.786 Y246.411 E26.86506 ; perimeter
G1 Z145.455 X116.209 Y240.109 E45.54304 ; perimeter
G1 Z145.468 X113.188 Y236.171 E26.86085 ; perimeter
G1 Z145.480 X110.354 Y232.048 E27.07610 ; perimeter
G1 Z145.493 X107.740 Y227.782 E27.07668 ; perimeter
G1 Z145.500 X106.315 Y225.158 E16.15976 ; perimeter
;LAYER_CHANGE
;Z:147
;HEIGHT:1.5
G1 Z145.500 F960 ; simple layer change
G1 F2400
G1 Z145.505 X105.371 Y223.419 E10.70853 ; perimeter
G1 Z145.526 X101.882 Y215.762 E45.53812 ; perimeter
G1 Z145.538 X100.143 Y211.112 E26.86757 ; perimeter
G1 Z145.551 X98.639 Y206.341 E27.07273 ; perimeter
G1 Z145.563 X97.385 Y201.495 E27.08992 ; perimeter
G1 Z145.575 X96.440 Y196.870 E25.54793 ; perimeter
G1 Z145.597 X95.300 Y188.329 E46.63218 ; perimeter
G1 Z145.609 X94.995 Y183.335 E27.07748 ; perimeter
G1 Z145.622 X94.951 Y178.332 E27.07671 ; perimeter
G1 Z145.634 X95.170 Y173.331 E27.09085 ; perimeter
G1 Z145.655 X96.111 Y165.065 E45.02371 ; perimeter
G1 Z145.668 X97.025 Y160.131 E27.15661 ; perimeter
G1 Z145.680 X98.193 Y155.266 E27.07706 ; perimeter
G1 Z145.692 X99.603 Y150.507 E26.86189 ; perimeter
G1 Z145.713 X102.550 Y142.625 E45.54066 ; perimeter
G1 Z145.726 X104.608 Y138.108 E26.86323 ; perimeter
G1 Z145.738 X106.918 Y133.670 E27.07676 ; perimeter
G1 Z145.751 X109.459 Y129.357 E27.09124 ; perimeter
G1 Z145.772 X114.171 Y122.500 E45.02668 ; perimeter
G1 Z145.784 X117.294 Y118.573 E27.15375 ; perimeter
G1 Z145.797 X120.609 Y114.826 E27.07529 ; perimeter
G1 Z145.809 X124.089 Y111.286 E26.86512 ; perimeter
G1 Z145.830 X130.391 Y105.709 E45.54301 ; perimeter
G1 Z145.843 X134.329 Y102.688 E26.86085 ; perimeter
G1 Z145.855 X138.452 Y99.854 E27.07612 ; perimeter
G1 Z145.868 X142.720 Y97.238 E27.09159 ; perimeter
G1 Z145.879 X146.867 Y94.982 E25.55134 ; perimeter
G1 Z145.901 X154.701 Y91.395 E46.62756 ; perimeter
G1 Z145.913 X159.390 Y89.642 E27.09179 ; perimeter
G1 Z145.925 X163.891 Y88.218 E25.54878 ; perimeter
G1 Z145.947 X172.266 Y86.192 E46.63206 ; perimeter
G1 Z145.959 X177.200 Y85.367 E27.07302 ; perimeter
G1 Z145.972 X182.171 Y84.800 E27.07699 ; perimeter
G1 Z145.984 X187.167 Y84.495 E27.08819 ; perimeter
G1 Z146.005 X195.487 Y84.567 E45.02870 ; perimeter
G1 Z146.018 X200.489 Y84.960 E27.15375 ; perimeter
G1 Z146.030 X205.449 Y85.613 E27.07466 ; perimeter
G1 Z146.043 X210.369 Y86.525 E27.08014 ; perimeter
G1 Z146.055 X215.234 Y87.693 E27.07698 ; perimeter
G1 Z146.067 X219.993 Y89.103 E26.86197 ; perimeter
G1 Z146.088 X227.875 Y92.050 E45.54066 ; perimeter
G1 Z146.101 X232.394 Y94.109 E26.87527 ; perimeter
G1 Z146.113 X236.584 Y96.285 E25.55132 ; perimeter
G1 Z146.134 X243.938 Y100.774 E46.62807 ; perimeter
G1 Z146.147 X248.011 Y103.680 E27.07806 ; perimeter
G1 Z146.159 X251.927 Y106.794 E27.07677 ; perimeter
G1 Z146.172 X255.674 Y110.109 E27.07523 ; perimeter
G1 Z146.184 X259.214 Y113.589 E26.86518 ; perimeter
G1 Z146.205 X264.791 Y119.891 E45.54301 ; perimeter
G1 Z146.218 X267.812 Y123.829 E26.86088 ; perimeter
G1 Z146.230 X270.646 Y127.952 E27.07603 ; perimeter
G1 Z146.243 X273.260 Y132.218 E27.07672 ; perimeter
G1 Z146.255 X275.648 Y136.615 E27.07906 ; perimeter
G1 Z146.268 X277.801 Y141.131 E27.07555 ; perimeter
G1 Z146.280 X279.701 Y145.717 E26.86473 ; perimeter
G1 Z146.301 X282.371 Y153.697 E45.54020 ; perimeter
G1 Z146.313 X283.614 Y158.503 E26.86543 ; perimeter
G1 Z146.326 X284.611 Y163.406 E27.07758 ; perimeter
G1 Z146.338 X285.351 Y168.354 E27.07590 ; perimeter
G1 Z146.351 X285.827 Y173.295 E26.86400 ; perimeter
G1 Z146.372 X286.047 Y181.707 E45.54047 ; perimeter
G1 Z146.384 X285.830 Y186.666 E26.86330 ; perimeter
G1 Z146.397 X285.355 Y191.607 E26.86348 ; perimeter
G1 Z146.418 X283.972 Y199.868 E45.32990 ; perimeter
G1 Z146.438 X281.875 Y207.977 E45.32868 ; perimeter
G1 Z146.451 X280.300 Y212.685 E26.86726 ; perimeter
G1 Z146.463 X278.466 Y217.340 E27.07713 ; perimeter
G1 Z146.476 X276.392 Y221.892 E27.07150 ; perimeter
G1 Z146.488 X274.100 Y226.295 E26.86372 ; perimeter
G1 Z146.509 X269.703 Y233.470 E45.54187 ; perimeter
G1 Z146.522 X266.820 Y237.511 E26.86471 ; perimeter
G1 Z146.534 X263.706 Y241.427 E27.07684 ; perimeter
G1 Z146.547 X260.391 Y245.174 E27.07532 ; perimeter
G1 Z146.559 X256.884 Y248.742 E27.07556 ; perimeter
G1 Z146.572 X253.195 Y252.123 E27.08113 ; perimeter
G1 Z146.584 X249.365 Y255.280 E26.86149 ; perimeter
G1 Z146.605 X242.514 Y260.167 E45.54331 ; perimeter
G1 Z146.618 X238.282 Y262.760 E26.86041 ; perimeter
G1 Z146.630 X233.919 Y265.129 E26.86829 ; perimeter
G1 Z146.651 X226.298 Y268.602 E45.32491 ; perimeter
G1 Z146.672 X218.402 Y271.398 E45.33236 ; perimeter
G1 Z146.684 X213.619 Y272.725 E26.86289 ; perimeter
G1 Z146.697 X208.734 Y273.808 E27.07904 ; perimeter
G1 Z146.709 X203.800 Y274.633 E27.07310 ; perimeter
G1 Z146.722 X198.829 Y275.200 E27.07691 ; perimeter
G1 Z146.734 X193.835 Y275.505 E27.07747 ; perimeter
G1 Z146.747 X188.832 Y275.549 E27.07671 ; perimeter
G1 Z146.759 X183.834 Y275.331 E27.07440 ; perimeter
G1 Z146.772 X178.893 Y274.855 E26.86400 ; perimeter
G1 Z146.793 X170.593 Y273.466 E45.54342 ; perimeter
G1 Z146.805 X165.766 Y272.307 E26.86572 ; perimeter
G1 Z146.817 X161.007 Y270.897 E26.86189 ; perimeter
G1 Z146.838 X153.125 Y267.950 E45.54066 ; perimeter
G1 Z146.851 X148.608 Y265.892 E26.86323 ; perimeter
G1 Z146.863 X144.205 Y263.600 E26.86379 ; perimeter
G1 Z146.884 X137.030 Y259.203 E45.54179 ; perimeter
G1 Z146.897 X132.989 Y256.320 E26.86471 ; perimeter
G1 Z146.909 X129.073 Y253.206 E27.07684 ; perimeter
G1 Z146.922 X125.326 Y249.891 E27.07532 ; perimeter
G1 Z146.934 X121.786 Y246.411 E26.86506 ; perimeter
G1 Z146.955 X116.209 Y240.109 E45.54304 ; perimeter
G1 Z146.968 X113.188 Y236.171 E26.86085 ; perimeter
G1 Z146.980 X110.354 Y232.048 E27.07610 ; perimeter
G1 Z146.993 X107.740 Y227.782 E27.07668 ; perimeter
G1 Z147.000 X106.315 Y225.158 E16.15976 ; perimeter
;LAYER_CHANGE
;Z:148.5
;HEIGHT:1.5
G1 Z147.000 F960 ; simple layer change
G1 F2400
G1 Z147.005 X105.371 Y223.419 E10.70853 ; perimeter
G1 Z147.026 X101.882 Y215.762 E45.53810 ; perimeter
G1 Z147.038 X100.143 Y211.112 E26.86758 ; perimeter
G1 Z147.051 X98.639 Y206.341 E27.07273 ; perimeter
G1 Z147.063 X97.385 Y201.495 E27.08992 ; perimeter
G1 Z147.075 X96.437 Y196.856 E25.62460 ; perimeter
G1 Z147.097 X95.300 Y188.329 E46.55573 ; perimeter
G1 Z147.109 X94.995 Y183.335 E27.07739 ; perimeter
G1 Z147.122 X94.951 Y178.332 E27.07679 ; perimeter
G1 Z147.134 X95.170 Y173.332 E27.08544 ; perimeter
G1 Z147.155 X96.111 Y165.065 E45.02903 ; perimeter
G1 Z147.168 X97.025 Y160.131 E27.15660 ; perimeter
G1 Z147.180 X98.193 Y155.266 E27.07714 ; perimeter
G1 Z147.192 X99.603 Y150.507 E26.86181 ; perimeter
G1 Z147.213 X102.550 Y142.625 E45.54074 ; perimeter
G1 Z147.226 X104.608 Y138.108 E26.86323 ; perimeter
G1 Z147.238 X106.918 Y133.670 E27.07678 ; perimeter
G1 Z147.251 X109.459 Y129.357 E27.09122 ; perimeter
G1 Z147.272 X114.171 Y122.500 E45.02365 ; perimeter
G1 Z147.284 X117.294 Y118.573 E27.15686 ; perimeter
G1 Z147.297 X120.609 Y114.826 E27.07526 ; perimeter
G1 Z147.309 X124.089 Y111.286 E26.86509 ; perimeter
G1 Z147.330 X130.391 Y105.709 E45.54304 ; perimeter
G1 Z147.343 X134.329 Y102.688 E26.86085 ; perimeter
G1 Z147.355 X138.452 Y99.854 E27.07610 ; perimeter
G1 Z147.368 X142.720 Y97.238 E27.08875 ; perimeter
G1 Z147.379 X146.879 Y94.975 E25.62701 ; perimeter
G1 Z147.401 X154.701 Y91.395 E46.55498 ; perimeter
G1 Z147.413 X159.390 Y89.642 E27.09173 ; perimeter
G1 Z147.425 X163.904 Y88.215 E25.62233 ; perimeter
G1 Z147.447 X172.266 Y86.192 E46.55857 ; perimeter
G1 Z147.459 X177.200 Y85.367 E27.07302 ; perimeter
G1 Z147.472 X182.171 Y84.800 E27.07699 ; perimeter
G1 Z147.484 X187.167 Y84.495 E27.08819 ; perimeter
G1 Z147.505 X195.486 Y84.567 E45.02327 ; perimeter
G1 Z147.518 X200.489 Y84.960 E27.15929 ; perimeter
G1 Z147.530 X205.449 Y85.613 E27.07466 ; perimeter
G1 Z147.543 X210.369 Y86.525 E27.08022 ; perimeter
G1 Z147.555 X215.234 Y87.693 E27.07707 ; perimeter
G1 Z147.567 X219.993 Y89.103 E26.86172 ; perimeter
G1 Z147.588 X227.875 Y92.050 E45.54074 ; perimeter
G1 Z147.601 X232.392 Y94.108 E26.86318 ; perimeter
G1 Z147.613 X236.791 Y96.406 E26.86134 ; perimeter
G1 Z147.634 X243.970 Y100.797 E45.54173 ; perimeter
G1 Z147.647 X248.011 Y103.680 E26.86479 ; perimeter
G1 Z147.659 X251.927 Y106.794 E27.07672 ; perimeter
G1 Z147.672 X255.674 Y110.109 E27.07528 ; perimeter
G1 Z147.684 X259.214 Y113.589 E26.86512 ; perimeter
G1 Z147.705 X264.791 Y119.891 E45.54290 ; perimeter
G1 Z147.718 X267.812 Y123.829 E26.86098 ; perimeter
G1 Z147.730 X270.646 Y127.952 E27.07614 ; perimeter
G1 Z147.743 X273.260 Y132.218 E27.07664 ; perimeter
G1 Z147.755 X275.648 Y136.615 E27.07906 ; perimeter
G1 Z147.768 X277.802 Y141.133 E27.08765 ; perimeter
G1 Z147.788 X280.811 Y148.887 E45.01139 ; perimeter
G1 Z147.801 X282.360 Y153.659 E27.15534 ; perimeter
G1 Z147.813 X283.614 Y158.503 E27.07761 ; perimeter
G1 Z147.826 X284.611 Y163.406 E27.07758 ; perimeter
G1 Z147.838 X285.351 Y168.354 E27.07590 ; perimeter
G1 Z147.851 X285.827 Y173.295 E26.86400 ; perimeter
G1 Z147.872 X286.047 Y181.707 E45.54047 ; perimeter
G1 Z147.884 X285.830 Y186.666 E26.86330 ; perimeter
G1 Z147.897 X285.355 Y191.607 E26.86348 ; perimeter
G1 Z147.918 X283.972 Y199.868 E45.32990 ; perimeter
G1 Z147.938 X281.875 Y207.977 E45.32868 ; perimeter
G1 Z147.951 X280.300 Y212.685 E26.86726 ; perimeter
G1 Z147.963 X278.466 Y217.340 E27.07713 ; perimeter
G1 Z147.976 X276.392 Y221.892 E27.07150 ; perimeter
G1 Z147.988 X274.100 Y226.295 E26.86379 ; perimeter
G1 Z148.009 X269.703 Y233.470 E45.54179 ; perimeter
G1 Z148.022 X266.820 Y237.511 E26.86464 ; perimeter
G1 Z148.034 X263.706 Y241.427 E27.07690 ; perimeter
G1 Z148.047 X260.391 Y245.174 E27.07532 ; perimeter
G1 Z148.059 X256.884 Y248.742 E27.07556 ; perimeter
G1 Z148.072 X253.195 Y252.123 E27.08113 ; perimeter
G1 Z148.084 X249.365 Y255.280 E26.86149 ; perimeter
G1 Z148.105 X242.514 Y260.167 E45.54331 ; perimeter
G1 Z148.118 X238.282 Y262.760 E26.86041 ; perimeter
G1 Z148.130 X233.919 Y265.129 E26.86829 ; perimeter
G1 Z148.151 X226.298 Y268.602 E45.32491 ; perimeter
G1 Z148.172 X218.402 Y271.398 E45.33236 ; perimeter
G1 Z148.184 X213.619 Y272.725 E26.86289 ; perimeter
G1 Z148.197 X208.734 Y273.808 E27.07896 ; perimeter
G1 Z148.209 X203.800 Y274.633 E27.07310 ; perimeter
G1 Z148.222 X198.829 Y275.200 E27.07699 ; perimeter
G1 Z148.234 X193.835 Y275.505 E27.07739 ; perimeter
G1 Z148.247 X188.832 Y275.549 E27.07679 ; perimeter
G1 Z148.259 X183.834 Y275.331 E27.07440 ; perimeter
G1 Z148.272 X178.893 Y274.855 E26.86400 ; perimeter
G1 Z148.293 X170.593 Y273.466 E45.54342 ; perimeter
G1 Z148.305 X165.766 Y272.307 E26.86572 ; perimeter
G1 Z148.317 X161.007 Y270.897 E26.86189 ; perimeter
G1 Z148.338 X153.125 Y267.950 E45.54066 ; perimeter
G1 Z148.351 X148.608 Y265.892 E26.86323 ; perimeter
G1 Z148.363 X144.205 Y263.600 E26.86379 ; perimeter
G1 Z148.384 X137.030 Y259.203 E45.54179 ; perimeter
G1 Z148.397 X132.989 Y256.320 E26.86471 ; perimeter
G1 Z148.409 X129.073 Y253.206 E27.07684 ; perimeter
G1 Z148.422 X125.326 Y249.891 E27.07532 ; perimeter
G1 Z148.434 X121.786 Y246.411 E26.86506 ; perimeter
G1 Z148.455 X116.209 Y240.109 E45.54304 ; perimeter
G1 Z148.468 X113.188 Y236.171 E26.86085 ; perimeter
G1 Z148.480 X110.354 Y232.048 E27.07610 ; perimeter
G1 Z148.493 X107.740 Y227.782 E27.07668 ; perimeter
G1 Z148.500 X106.315 Y225.158 E16.15976 ; perimeter
;LAYER_CHANGE
;Z:150
;HEIGHT:1.5
G1 Z148.500 F960 ; simple layer change
G1 F2400
G1 Z148.505 X105.371 Y223.419 E10.70846 ; perimeter
G1 Z148.526 X101.882 Y215.762 E45.53817 ; perimeter
G1 Z148.538 X100.143 Y211.112 E26.86758 ; perimeter
G1 Z148.551 X98.639 Y206.341 E27.07282 ; perimeter
G1 Z148.563 X97.385 Y201.495 E27.08975 ; perimeter
G1 Z148.575 X96.446 Y196.900 E25.38171 ; perimeter
G1 Z148.597 X95.297 Y188.286 E47.03053 ; perimeter
G1 Z148.609 X94.995 Y183.335 E26.84442 ; perimeter
G1 Z148.622 X94.951 Y178.332 E27.07687 ; perimeter
G1 Z148.634 X95.170 Y173.332 E27.08537 ; perimeter
G1 Z148.646 X95.692 Y168.672 E25.37851 ; perimeter
G1 Z148.668 X97.035 Y160.090 E47.00892 ; perimeter
G1 Z148.680 X98.193 Y155.266 E26.84867 ; perimeter
G1 Z148.692 X99.603 Y150.507 E26.86190 ; perimeter
G1 Z148.713 X102.550 Y142.625 E45.54065 ; perimeter
G1 Z148.726 X104.608 Y138.108 E26.86323 ; perimeter
G1 Z148.738 X106.918 Y133.670 E27.07676 ; perimeter
G1 Z148.751 X109.459 Y129.357 E27.09124 ; perimeter
G1 Z148.763 X112.102 Y125.484 E25.37645 ; perimeter
G1 Z148.784 X117.323 Y118.541 E47.01273 ; perimeter
G1 Z148.797 X120.609 Y114.826 E26.84162 ; perimeter
G1 Z148.809 X124.089 Y111.286 E26.86503 ; perimeter
G1 Z148.830 X130.391 Y105.709 E45.54307 ; perimeter
G1 Z148.843 X134.329 Y102.688 E26.86085 ; perimeter
G1 Z148.855 X138.452 Y99.854 E27.07612 ; perimeter
G1 Z148.868 X142.720 Y97.239 E27.08872 ; perimeter
G1 Z148.879 X146.840 Y94.997 E25.38462 ; perimeter
G1 Z148.901 X154.742 Y91.380 E47.03229 ; perimeter
G1 Z148.913 X159.390 Y89.642 E26.85557 ; perimeter
G1 Z148.925 X163.861 Y88.228 E25.37780 ; perimeter
G1 Z148.947 X172.308 Y86.185 E47.03248 ; perimeter
G1 Z148.959 X177.200 Y85.367 E26.84257 ; perimeter
G1 Z148.972 X182.171 Y84.800 E27.07699 ; perimeter
G1 Z148.984 X187.167 Y84.495 E27.08819 ; perimeter
G1 Z148.996 X191.857 Y84.507 E25.37925 ; perimeter
G1 Z149.018 X200.532 Y84.966 E47.01677 ; perimeter
G1 Z149.030 X205.449 Y85.613 E26.83961 ; perimeter
G1 Z149.043 X210.369 Y86.525 E27.08023 ; perimeter
G1 Z149.055 X215.234 Y87.693 E27.07698 ; perimeter
G1 Z149.067 X219.993 Y89.103 E26.86197 ; perimeter
G1 Z149.088 X227.875 Y92.050 E45.54058 ; perimeter
G1 Z149.101 X232.394 Y94.109 E26.87538 ; perimeter
G1 Z149.113 X236.556 Y96.273 E25.38686 ; perimeter
G1 Z149.134 X243.973 Y100.799 E47.02328 ; perimeter
G1 Z149.147 X248.011 Y103.680 E26.84515 ; perimeter
G1 Z149.159 X251.927 Y106.794 E27.07693 ; perimeter
G1 Z149.172 X255.674 Y110.109 E27.07526 ; perimeter
G1 Z149.184 X259.214 Y113.589 E26.86512 ; perimeter
G1 Z149.205 X264.791 Y119.891 E45.54301 ; perimeter
G1 Z149.218 X267.812 Y123.829 E26.86092 ; perimeter
G1 Z149.230 X270.646 Y127.952 E27.07610 ; perimeter
G1 Z149.243 X273.260 Y132.218 E27.07664 ; perimeter
G1 Z149.255 X275.648 Y136.615 E27.07906 ; perimeter
G1 Z149.268 X277.801 Y141.131 E27.07555 ; perimeter
G1 Z149.280 X279.662 Y145.732 E26.86174 ; perimeter
G1 Z149.301 X282.371 Y153.697 E45.52896 ; perimeter
G1 Z149.313 X283.614 Y158.503 E26.86547 ; perimeter
G1 Z149.326 X284.611 Y163.406 E27.07758 ; perimeter
G1 Z149.338 X285.351 Y168.354 E27.07590 ; perimeter
G1 Z149.351 X285.827 Y173.295 E26.86400 ; perimeter
G1 Z149.372 X286.047 Y181.707 E45.54047 ; perimeter
G1 Z149.384 X285.830 Y186.666 E26.86330 ; perimeter
G1 Z149.397 X285.355 Y191.607 E26.86348 ; perimeter
G1 Z149.418 X283.972 Y199.868 E45.32990 ; perimeter
G1 Z149.438 X281.875 Y207.977 E45.32883 ; perimeter
G1 Z149.451 X280.300 Y212.685 E26.86710 ; perimeter
G1 Z149.463 X278.466 Y217.340 E27.07713 ; perimeter
G1 Z149.476 X276.392 Y221.892 E27.07150 ; perimeter
G1 Z149.488 X274.100 Y226.295 E26.86379 ; perimeter
G1 Z149.509 X269.703 Y233.470 E45.54179 ; perimeter
G1 Z149.522 X266.820 Y237.511 E26.86464 ; perimeter
G1 Z149.534 X263.706 Y241.427 E27.07690 ; perimeter
G1 Z149.547 X260.391 Y245.174 E27.07532 ; perimeter
G1 Z149.559 X256.884 Y248.742 E27.07556 ; perimeter
G1 Z149.572 X253.195 Y252.123 E27.08108 ; perimeter
G1 Z149.584 X249.365 Y255.280 E26.86161 ; perimeter
G1 Z149.605 X242.514 Y260.167 E45.54324 ; perimeter
G1 Z149.618 X238.282 Y262.760 E26.86041 ; perimeter
G1 Z149.630 X233.919 Y265.129 E26.86829 ; perimeter
G1 Z149.651 X226.298 Y268.602 E45.32491 ; perimeter
G1 Z149.672 X218.402 Y271.398 E45.33244 ; perimeter
G1 Z149.684 X213.619 Y272.725 E26.86281 ; perimeter
G1 Z149.697 X208.734 Y273.808 E27.07904 ; perimeter
G1 Z149.709 X203.800 Y274.633 E27.07310 ; perimeter
G1 Z149.722 X198.829 Y275.200 E27.07699 ; perimeter
G1 Z149.734 X193.835 Y275.505 E27.07731 ; perimeter
G1 Z149.747 X188.832 Y275.549 E27.07679 ; perimeter
G1 Z149.759 X183.834 Y275.331 E27.07440 ; perimeter
G1 Z149.772 X178.893 Y274.855 E26.86400 ; perimeter
G1 Z149.793 X170.593 Y273.466 E45.54342 ; perimeter
G1 Z149.805 X165.766 Y272.307 E26.86572 ; perimeter
G1 Z149.817 X161.007 Y270.897 E26.86189 ; perimeter
G1 Z149.838 X153.125 Y267.950 E45.54066 ; perimeter
G1 Z149.851 X148.608 Y265.892 E26.86323 ; perimeter
G1 Z149.863 X144.205 Y263.600 E26.86379 ; perimeter
G1 Z149.884 X137.030 Y259.203 E45.54179 ; perimeter
G1 Z149.897 X132.989 Y256.320 E26.86471 ; perimeter
G1 Z149.909 X129.073 Y253.206 E27.07684 ; perimeter
G1 Z149.922 X125.326 Y249.891 E27.07532 ; perimeter
G1 Z149.934 X121.786 Y246.411 E26.86506 ; perimeter
G1 Z149.955 X116.209 Y240.109 E45.54304 ; perimeter
G1 Z149.968 X113.188 Y236.171 E26.86085 ; perimeter
G1 Z149.980 X110.354 Y232.048 E27.07610 ; perimeter
G1 Z149.993 X107.740 Y227.782 E27.07668 ; perimeter
G1 Z150.000 X106.315 Y225.158 E16.15976 ; perimeter
;LAYER_CHANGE
;Z:151.5
;HEIGHT:1.5
G1 Z150.000 F960 ; simple layer change
G1 F2400
G1 Z150.005 X105.371 Y223.419 E10.70846 ; perimeter
G1 Z150.026 X101.882 Y215.762 E45.53817 ; perimeter
G1 Z150.038 X100.143 Y211.112 E26.86758 ; perimeter
G1 Z150.051 X98.639 Y206.341 E27.07273 ; perimeter
G1 Z150.063 X97.385 Y201.495 E27.08992 ; perimeter
G1 Z150.075 X96.444 Y196.886 E25.45876 ; perimeter
G1 Z150.097 X95.298 Y188.286 E46.95298 ; perimeter
G1 Z150.109 X94.995 Y183.335 E26.84445 ; perimeter
G1 Z150.122 X94.951 Y178.332 E27.07679 ; perimeter
G1 Z150.134 X95.170 Y173.332 E27.08545 ; perimeter
G1 Z150.146 X95.617 Y168.648 E25.46344 ; perimeter
G1 Z150.168 X97.035 Y160.090 E46.94746 ; perimeter
G1 Z150.180 X98.193 Y155.266 E26.84867 ; perimeter
G1 Z150.192 X99.603 Y150.507 E26.86189 ; perimeter
G1 Z150.213 X102.550 Y142.625 E45.54066 ; perimeter
G1 Z150.226 X104.608 Y138.108 E26.86323 ; perimeter
G1 Z150.238 X106.918 Y133.670 E27.07678 ; perimeter
G1 Z150.251 X109.459 Y129.357 E27.09122 ; perimeter
G1 Z150.263 X112.053 Y125.432 E25.45822 ; perimeter
G1 Z150.284 X117.323 Y118.541 E46.95251 ; perimeter
G1 Z150.297 X120.609 Y114.826 E26.84165 ; perimeter
G1 Z150.309 X124.089 Y111.286 E26.86503 ; perimeter
G1 Z150.330 X130.391 Y105.709 E45.54308 ; perimeter
G1 Z150.343 X134.329 Y102.688 E26.86085 ; perimeter
G1 Z150.355 X138.452 Y99.854 E27.07608 ; perimeter
G1 Z150.368 X142.720 Y97.239 E27.08874 ; perimeter
G1 Z150.379 X146.853 Y94.991 E25.46431 ; perimeter
G1 Z150.401 X154.741 Y91.380 E46.94725 ; perimeter
G1 Z150.413 X159.390 Y89.642 E26.86051 ; perimeter
G1 Z150.425 X163.875 Y88.224 E25.45650 ; perimeter
G1 Z150.447 X172.308 Y86.185 E46.95371 ; perimeter
G1 Z150.459 X177.200 Y85.367 E26.84250 ; perimeter
G1 Z150.472 X182.171 Y84.800 E27.07699 ; perimeter
G1 Z150.484 X187.167 Y84.495 E27.08819 ; perimeter
G1 Z150.496 X191.872 Y84.450 E25.46401 ; perimeter
G1 Z150.518 X200.531 Y84.966 E46.94505 ; perimeter
G1 Z150.530 X205.449 Y85.613 E26.84509 ; perimeter
G1 Z150.543 X210.369 Y86.525 E27.08014 ; perimeter
G1 Z150.555 X215.234 Y87.693 E27.07697 ; perimeter
G1 Z150.567 X219.993 Y89.103 E26.86190 ; perimeter
G1 Z150.588 X227.875 Y92.050 E45.54074 ; perimeter
G1 Z150.601 X232.394 Y94.109 E26.87526 ; perimeter
G1 Z150.613 X236.569 Y96.278 E25.46190 ; perimeter
G1 Z150.634 X243.973 Y100.799 E46.94912 ; perimeter
G1 Z150.647 X248.011 Y103.680 E26.84523 ; perimeter
G1 Z150.659 X251.927 Y106.794 E27.07690 ; perimeter
G1 Z150.672 X255.674 Y110.109 E27.07526 ; perimeter
G1 Z150.684 X259.214 Y113.589 E26.86515 ; perimeter
G1 Z150.705 X264.791 Y119.891 E45.54301 ; perimeter
G1 Z150.718 X267.812 Y123.829 E26.86085 ; perimeter
G1 Z150.730 X270.646 Y127.952 E27.07610 ; perimeter
G1 Z150.743 X273.260 Y132.218 E27.07668 ; perimeter
G1 Z150.755 X275.648 Y136.615 E27.07906 ; perimeter
G1 Z150.768 X277.801 Y141.131 E27.07555 ; perimeter
G1 Z150.780 X279.701 Y145.717 E26.86473 ; perimeter
G1 Z150.801 X282.371 Y153.697 E45.54020 ; perimeter
G1 Z150.813 X283.614 Y158.503 E26.86543 ; perimeter
G1 Z150.826 X284.611 Y163.406 E27.07758 ; perimeter
G1 Z150.838 X285.351 Y168.354 E27.07590 ; perimeter
G1 Z150.851 X285.827 Y173.295 E26.86400 ; perimeter
G1 Z150.872 X286.047 Y181.707 E45.54047 ; perimeter
G1 Z150.884 X285.830 Y186.666 E26.86330 ; perimeter
G1 Z150.897 X285.355 Y191.607 E26.86348 ; perimeter
G1 Z150.918 X283.972 Y199.868 E45.32990 ; perimeter
G1 Z150.938 X281.875 Y207.977 E45.32876 ; perimeter
G1 Z150.951 X280.300 Y212.685 E26.86718 ; perimeter
G1 Z150.963 X278.466 Y217.340 E27.07713 ; perimeter
G1 Z150.976 X276.392 Y221.892 E27.07150 ; perimeter
G1 Z150.988 X274.100 Y226.295 E26.86379 ; perimeter
G1 Z151.009 X269.703 Y233.470 E45.54179 ; perimeter
G1 Z151.022 X266.820 Y237.511 E26.86464 ; perimeter
G1 Z151.034 X263.706 Y241.427 E27.07690 ; perimeter
G1 Z151.047 X260.391 Y245.174 E27.07532 ; perimeter
G1 Z151.059 X256.884 Y248.742 E27.07556 ; perimeter
G1 Z151.072 X253.195 Y252.123 E27.08108 ; perimeter
G1 Z151.084 X249.365 Y255.280 E26.86161 ; perimeter
G1 Z151.105 X242.514 Y260.167 E45.54324 ; perimeter
G1 Z151.118 X238.282 Y262.760 E26.86041 ; perimeter
G1 Z151.130 X233.919 Y265.129 E26.86829 ; perimeter
G1 Z151.151 X226.298 Y268.602 E45.32491 ; perimeter
G1 Z151.172 X218.402 Y271.398 E45.33236 ; perimeter
G1 Z151.184 X213.619 Y272.725 E26.86289 ; perimeter
G1 Z151.197 X208.734 Y273.808 E27.07896 ; perimeter
G1 Z151.209 X203.800 Y274.633 E27.07310 ; perimeter
G1 Z151.222 X198.829 Y275.200 E27.07699 ; perimeter
G1 Z151.234 X193.835 Y275.505 E27.07739 ; perimeter
G1 Z151.247 X188.832 Y275.549 E27.07679 ; perimeter
G1 Z151.259 X183.834 Y275.331 E27.07440 ; perimeter
G1 Z151.272 X178.893 Y274.855 E26.86400 ; perimeter
G1 Z151.293 X170.593 Y273.466 E45.54342 ; perimeter
G1 Z151.305 X165.766 Y272.307 E26.86572 ; perimeter
G1 Z151.317 X161.007 Y270.897 E26.86189 ; perimeter
G1 Z151.338 X153.125 Y267.950 E45.54066 ; perimeter
G1 Z151.351 X148.608 Y265.892 E26.86323 ; perimeter
G1 Z151.363 X144.205 Y263.600 E26.86379 ; perimeter
G1 Z151.384 X137.030 Y259.203 E45.54179 ; perimeter
G1 Z151.397 X132.989 Y256.320 E26.86471 ; perimeter
G1 Z151.409 X129.073 Y253.206 E27.07684 ; perimeter
G1 Z151.422 X125.326 Y249.891 E27.07532 ; perimeter
G1 Z151.434 X121.786 Y246.411 E26.86506 ; perimeter
G1 Z151.455 X116.209 Y240.109 E45.54304 ; perimeter
G1 Z151.468 X113.188 Y236.171 E26.86085 ; perimeter
G1 Z151.480 X110.354 Y232.048 E27.07610 ; perimeter
G1 Z151.493 X107.740 Y227.782 E27.07668 ; perimeter
G1 Z151.500 X106.315 Y225.158 E16.15976 ; perimeter
;LAYER_CHANGE
;Z:153
;HEIGHT:1.5
G1 Z151.500 F960 ; simple layer change
G1 F2400
G1 Z151.505 X105.371 Y223.419 E10.70846 ; perimeter
G1 Z151.526 X101.882 Y215.762 E45.53817 ; perimeter
G1 Z151.538 X100.143 Y211.112 E26.86758 ; perimeter
G1 Z151.551 X98.639 Y206.341 E27.07282 ; perimeter
G1 Z151.563 X97.385 Y201.495 E27.08848 ; perimeter
G1 Z151.575 X96.441 Y196.871 E25.54212 ; perimeter
G1 Z151.597 X95.298 Y188.286 E46.87114 ; perimeter
G1 Z151.609 X94.995 Y183.335 E26.84445 ; perimeter
G1 Z151.622 X94.951 Y178.332 E27.07679 ; perimeter
G1 Z151.634 X95.170 Y173.332 E27.08545 ; perimeter
G1 Z151.646 X95.618 Y168.634 E25.54043 ; perimeter
G1 Z151.668 X97.035 Y160.090 E46.87079 ; perimeter
G1 Z151.680 X98.193 Y155.266 E26.84867 ; perimeter
G1 Z151.692 X99.603 Y150.507 E26.86189 ; perimeter
G1 Z151.713 X102.550 Y142.625 E45.54066 ; perimeter
G1 Z151.726 X104.608 Y138.108 E26.86323 ; perimeter
G1 Z151.738 X106.918 Y133.670 E27.07678 ; perimeter
G1 Z151.751 X109.459 Y129.358 E27.08655 ; perimeter
G1 Z151.763 X112.061 Y125.420 E25.54096 ; perimeter
G1 Z151.784 X117.323 Y118.541 E46.87128 ; perimeter
G1 Z151.797 X120.609 Y114.826 E26.84499 ; perimeter
G1 Z151.809 X124.089 Y111.286 E26.86506 ; perimeter
G1 Z151.830 X130.391 Y105.709 E45.54304 ; perimeter
G1 Z151.843 X134.329 Y102.688 E26.86085 ; perimeter
G1 Z151.855 X138.452 Y99.854 E27.07608 ; perimeter
G1 Z151.868 X142.720 Y97.239 E27.08876 ; perimeter
G1 Z151.879 X146.865 Y94.984 E25.53923 ; perimeter
G1 Z151.901 X154.741 Y91.380 E46.87257 ; perimeter
G1 Z151.913 X159.389 Y89.642 E26.85554 ; perimeter
G1 Z151.925 X163.889 Y88.220 E25.54173 ; perimeter
G1 Z151.947 X172.308 Y86.185 E46.87360 ; perimeter
G1 Z151.959 X177.200 Y85.367 E26.84258 ; perimeter
G1 Z151.972 X182.171 Y84.800 E27.07699 ; perimeter
G1 Z151.984 X187.167 Y84.495 E27.08811 ; perimeter
G1 Z151.996 X191.886 Y84.450 E25.54009 ; perimeter
G1 Z152.018 X200.531 Y84.966 E46.86909 ; perimeter
G1 Z152.030 X205.449 Y85.613 E26.84506 ; perimeter
G1 Z152.043 X210.369 Y86.525 E27.08014 ; perimeter
G1 Z152.055 X215.234 Y87.693 E27.07697 ; perimeter
G1 Z152.067 X219.993 Y89.103 E26.86190 ; perimeter
G1 Z152.088 X227.875 Y92.050 E45.54074 ; perimeter
G1 Z152.101 X232.394 Y94.109 E26.87533 ; perimeter
G1 Z152.113 X236.582 Y96.285 E25.54167 ; perimeter
G1 Z152.134 X243.973 Y100.799 E46.86945 ; perimeter
G1 Z152.147 X248.011 Y103.680 E26.84521 ; perimeter
G1 Z152.159 X251.927 Y106.794 E27.07668 ; perimeter
G1 Z152.172 X255.674 Y110.109 E27.07535 ; perimeter
G1 Z152.184 X259.214 Y113.589 E26.86509 ; perimeter
G1 Z152.205 X264.791 Y119.891 E45.54307 ; perimeter
G1 Z152.218 X267.812 Y123.829 E26.86085 ; perimeter
G1 Z152.230 X270.646 Y127.952 E27.07610 ; perimeter
G1 Z152.243 X273.260 Y132.218 E27.07668 ; perimeter
G1 Z152.255 X275.648 Y136.615 E27.07906 ; perimeter
G1 Z152.268 X277.802 Y141.133 E27.08765 ; perimeter
G1 Z152.279 X279.610 Y145.492 E25.53838 ; perimeter
G1 Z152.301 X282.372 Y153.700 E46.86922 ; perimeter
G1 Z152.313 X283.614 Y158.503 E26.84837 ; perimeter
G1 Z152.326 X284.611 Y163.406 E27.07758 ; perimeter
G1 Z152.338 X285.351 Y168.354 E27.07590 ; perimeter
G1 Z152.351 X285.827 Y173.295 E26.86400 ; perimeter
G1 Z152.372 X286.047 Y181.707 E45.54047 ; perimeter
G1 Z152.384 X285.830 Y186.666 E26.86330 ; perimeter
G1 Z152.397 X285.355 Y191.607 E26.86348 ; perimeter
G1 Z152.418 X283.972 Y199.868 E45.32990 ; perimeter
G1 Z152.438 X281.875 Y207.977 E45.32883 ; perimeter
G1 Z152.451 X280.300 Y212.685 E26.86710 ; perimeter
G1 Z152.463 X278.466 Y217.340 E27.07713 ; perimeter
G1 Z152.476 X276.392 Y221.892 E27.07150 ; perimeter
G1 Z152.488 X274.100 Y226.295 E26.86379 ; perimeter
G1 Z152.509 X269.703 Y233.470 E45.54179 ; perimeter
G1 Z152.522 X266.820 Y237.511 E26.86464 ; perimeter
G1 Z152.534 X263.706 Y241.427 E27.07690 ; perimeter
G1 Z152.547 X260.391 Y245.174 E27.07532 ; perimeter
G1 Z152.559 X256.884 Y248.742 E27.07556 ; perimeter
G1 Z152.572 X253.195 Y252.123 E27.08108 ; perimeter
G1 Z152.584 X249.365 Y255.280 E26.86161 ; perimeter
G1 Z152.605 X242.514 Y260.167 E45.54324 ; perimeter
G1 Z152.618 X238.282 Y262.760 E26.86041 ; perimeter
G1 Z152.630 X233.919 Y265.129 E26.86829 ; perimeter
G1 Z152.651 X226.298 Y268.602 E45.32491 ; perimeter
G1 Z152.672 X218.402 Y271.398 E45.33244 ; perimeter
G1 Z152.684 X213.619 Y272.725 E26.86281 ; perimeter
G1 Z152.697 X208.734 Y273.808 E27.07904 ; perimeter
G1 Z152.709 X203.800 Y274.633 E27.07310 ; perimeter
G1 Z152.722 X198.829 Y275.200 E27.07699 ; perimeter
G1 Z152.734 X193.835 Y275.505 E27.07731 ; perimeter
G1 Z152.747 X188.832 Y275.549 E27.07679 ; perimeter
G1 Z152.759 X183.834 Y275.331 E27.07440 ; perimeter
G1 Z152.772 X178.893 Y274.855 E26.86400 ; perimeter
G1 Z152.793 X170.593 Y273.466 E45.54342 ; perimeter
G1 Z152.805 X165.766 Y272.307 E26.86572 ; perimeter
G1 Z152.817 X161.007 Y270.897 E26.86189 ; perimeter
G1 Z152.838 X153.125 Y267.950 E45.54066 ; perimeter
G1 Z152.851 X148.608 Y265.892 E26.86323 ; perimeter
G1 Z152.863 X144.205 Y263.600 E26.86379 ; perimeter
G1 Z152.884 X137.030 Y259.203 E45.54179 ; perimeter
G1 Z152.897 X132.989 Y256.320 E26.86471 ; perimeter
G1 Z152.909 X129.073 Y253.206 E27.07684 ; perimeter
G1 Z152.922 X125.326 Y249.891 E27.07532 ; perimeter
G1 Z152.934 X121.786 Y246.411 E26.86506 ; perimeter
G1 Z152.955 X116.209 Y240.109 E45.54304 ; perimeter
G1 Z152.968 X113.188 Y236.171 E26.86085 ; perimeter
G1 Z152.980 X110.354 Y232.048 E27.07610 ; perimeter
G1 Z152.993 X107.740 Y227.782 E27.07668 ; perimeter
G1 Z153.000 X106.315 Y225.158 E16.15976 ; perimeter
;LAYER_CHANGE
;Z:154.5
;HEIGHT:1.5
G1 Z153.000 F960 ; simple layer change
G1 F2400
G1 Z153.004 X105.371 Y223.420 E10.70488 ; perimeter
G1 Z153.026 X101.881 Y215.759 E45.56076 ; perimeter
G1 Z153.038 X100.143 Y211.112 E26.84856 ; perimeter
G1 Z153.051 X98.639 Y206.341 E27.07273 ; perimeter
G1 Z153.063 X97.386 Y201.495 E27.08856 ; perimeter
G1 Z153.075 X96.439 Y196.857 E25.61894 ; perimeter
G1 Z153.097 X95.298 Y188.287 E46.78855 ; perimeter
G1 Z153.109 X94.995 Y183.335 E26.84972 ; perimeter
G1 Z153.122 X94.951 Y178.332 E27.07687 ; perimeter
G1 Z153.134 X95.170 Y173.334 E27.07435 ; perimeter
G1 Z153.147 X95.656 Y168.395 E26.85968 ; perimeter
G1 Z153.168 X97.034 Y160.093 E45.54330 ; perimeter
G1 Z153.180 X98.193 Y155.266 E26.86556 ; perimeter
G1 Z153.192 X99.603 Y150.507 E26.86181 ; perimeter
G1 Z153.213 X102.550 Y142.625 E45.54074 ; perimeter
G1 Z153.226 X104.609 Y138.106 E26.87531 ; perimeter
G1 Z153.238 X106.794 Y133.906 E25.62174 ; perimeter
G1 Z153.259 X111.316 Y126.538 E46.78479 ; perimeter
G1 Z153.272 X114.243 Y122.537 E26.82875 ; perimeter
G1 Z153.284 X117.296 Y118.574 E27.07219 ; perimeter
G1 Z153.297 X120.609 Y114.826 E27.07446 ; perimeter
G1 Z153.309 X124.089 Y111.286 E26.86506 ; perimeter
G1 Z153.330 X130.391 Y105.709 E45.54304 ; perimeter
G1 Z153.343 X134.329 Y102.688 E26.86085 ; perimeter
G1 Z153.355 X138.452 Y99.854 E27.07610 ; perimeter
G1 Z153.368 X142.720 Y97.239 E27.08874 ; perimeter
G1 Z153.379 X146.878 Y94.977 E25.61696 ; perimeter
G1 Z153.401 X154.741 Y91.380 E46.79499 ; perimeter
G1 Z153.413 X159.389 Y89.642 E26.85555 ; perimeter
G1 Z153.425 X163.903 Y88.215 E25.62082 ; perimeter
G1 Z153.447 X172.307 Y86.185 E46.78967 ; perimeter
G1 Z153.459 X177.200 Y85.367 E26.84774 ; perimeter
G1 Z153.472 X182.171 Y84.800 E27.07707 ; perimeter
G1 Z153.484 X187.167 Y84.495 E27.08819 ; perimeter
G1 Z153.496 X191.900 Y84.451 E25.61548 ; perimeter
G1 Z153.518 X200.531 Y84.966 E46.79349 ; perimeter
G1 Z153.530 X205.449 Y85.613 E26.84505 ; perimeter
G1 Z153.543 X210.369 Y86.525 E27.08006 ; perimeter
G1 Z153.555 X215.234 Y87.693 E27.07706 ; perimeter
G1 Z153.567 X219.993 Y89.103 E26.86205 ; perimeter
G1 Z153.588 X227.875 Y92.050 E45.54058 ; perimeter
G1 Z153.601 X232.394 Y94.109 E26.87533 ; perimeter
G1 Z153.613 X236.595 Y96.292 E25.62149 ; perimeter
G1 Z153.634 X243.973 Y100.799 E46.78960 ; perimeter
G1 Z153.647 X248.011 Y103.680 E26.84537 ; perimeter
G1 Z153.659 X251.927 Y106.794 E27.07677 ; perimeter
G1 Z153.672 X255.674 Y110.109 E27.07532 ; perimeter
G1 Z153.684 X259.214 Y113.589 E26.86503 ; perimeter
G1 Z153.705 X264.791 Y119.891 E45.54304 ; perimeter
G1 Z153.718 X267.812 Y123.829 E26.86082 ; perimeter
G1 Z153.730 X270.646 Y127.952 E27.07614 ; perimeter
G1 Z153.743 X273.260 Y132.218 E27.07668 ; perimeter
G1 Z153.755 X275.648 Y136.615 E27.07906 ; perimeter
G1 Z153.768 X277.801 Y141.131 E27.07555 ; perimeter
G1 Z153.780 X279.695 Y145.719 E26.86251 ; perimeter
G1 Z153.801 X282.371 Y153.697 E45.54022 ; perimeter
G1 Z153.813 X283.614 Y158.503 E26.86543 ; perimeter
G1 Z153.826 X284.611 Y163.406 E27.07758 ; perimeter
G1 Z153.838 X285.351 Y168.354 E27.07590 ; perimeter
G1 Z153.851 X285.827 Y173.295 E26.86400 ; perimeter
G1 Z153.872 X286.047 Y181.707 E45.54047 ; perimeter
G1 Z153.884 X285.830 Y186.666 E26.86330 ; perimeter
G1 Z153.897 X285.355 Y191.607 E26.86348 ; perimeter
G1 Z153.918 X283.972 Y199.868 E45.32990 ; perimeter
G1 Z153.938 X281.875 Y207.977 E45.32868 ; perimeter
G1 Z153.951 X280.300 Y212.685 E26.86726 ; perimeter
G1 Z153.963 X278.466 Y217.340 E27.07713 ; perimeter
G1 Z153.976 X276.392 Y221.892 E27.07150 ; perimeter
G1 Z153.988 X274.100 Y226.295 E26.86379 ; perimeter
G1 Z154.009 X269.703 Y233.470 E45.54179 ; perimeter
G1 Z154.022 X266.820 Y237.511 E26.86464 ; perimeter
G1 Z154.034 X263.706 Y241.427 E27.07690 ; perimeter
G1 Z154.047 X260.391 Y245.174 E27.07532 ; perimeter
G1 Z154.059 X256.884 Y248.742 E27.07556 ; perimeter
G1 Z154.072 X253.195 Y252.123 E27.08108 ; perimeter
G1 Z154.084 X249.365 Y255.280 E26.86161 ; perimeter
G1 Z154.105 X242.514 Y260.167 E45.54324 ; perimeter
G1 Z154.118 X238.282 Y262.760 E26.86041 ; perimeter
G1 Z154.130 X233.919 Y265.129 E26.86829 ; perimeter
G1 Z154.151 X226.298 Y268.602 E45.32491 ; perimeter
G1 Z154.172 X218.402 Y271.398 E45.33244 ; perimeter
G1 Z154.184 X213.619 Y272.725 E26.86281 ; perimeter
G1 Z154.197 X208.734 Y273.808 E27.07904 ; perimeter
G1 Z154.209 X203.800 Y274.633 E27.07310 ; perimeter
G1 Z154.222 X198.829 Y275.200 E27.07691 ; perimeter
G1 Z154.234 X193.835 Y275.505 E27.07739 ; perimeter
G1 Z154.247 X188.832 Y275.549 E27.07679 ; perimeter
G1 Z154.259 X183.834 Y275.331 E27.07448 ; perimeter
G1 Z154.272 X178.893 Y274.855 E26.86392 ; perimeter
G1 Z154.293 X170.593 Y273.466 E45.54342 ; perimeter
G1 Z154.305 X165.766 Y272.307 E26.86572 ; perimeter
G1 Z154.317 X161.007 Y270.897 E26.86189 ; perimeter
G1 Z154.338 X153.125 Y267.950 E45.54066 ; perimeter
G1 Z154.351 X148.608 Y265.892 E26.86323 ; perimeter
G1 Z154.363 X144.205 Y263.600 E26.86379 ; perimeter
G1 Z154.384 X137.030 Y259.203 E45.54179 ; perimeter
G1 Z154.397 X132.989 Y256.320 E26.86471 ; perimeter
G1 Z154.409 X129.073 Y253.206 E27.07684 ; perimeter
G1 Z154.422 X125.326 Y249.891 E27.07532 ; perimeter
G1 Z154.434 X121.786 Y246.411 E26.86506 ; perimeter
G1 Z154.455 X116.209 Y240.109 E45.54304 ; perimeter
G1 Z154.468 X113.188 Y236.171 E26.86085 ; perimeter
G1 Z154.480 X110.354 Y232.048 E27.07610 ; perimeter
G1 Z154.493 X107.739 Y227.780 E27.08874 ; perimeter
G1 Z154.500 X106.313 Y225.159 E16.14808 ; perimeter
;LAYER_CHANGE
;Z:156
;HEIGHT:1.5
G1 Z154.500 F960 ; simple layer change
G1 F2400
G1 Z154.504 X105.471 Y223.609 E9.54846 ; perimeter
G1 Z154.526 X101.880 Y215.759 E46.71297 ; perimeter
G1 Z154.538 X100.143 Y211.112 E26.85078 ; perimeter
G1 Z154.551 X98.639 Y206.341 E27.07282 ; perimeter
G1 Z154.563 X97.386 Y201.495 E27.08857 ; perimeter
G1 Z154.575 X96.436 Y196.843 E25.69640 ; perimeter
G1 Z154.597 X95.298 Y188.287 E46.71131 ; perimeter
G1 Z154.609 X94.995 Y183.335 E26.84993 ; perimeter
G1 Z154.622 X94.951 Y178.332 E27.07679 ; perimeter
G1 Z154.634 X95.169 Y173.332 E27.08561 ; perimeter
G1 Z154.646 X95.624 Y168.605 E25.69820 ; perimeter
G1 Z154.668 X97.035 Y160.090 E46.71223 ; perimeter
G1 Z154.680 X98.193 Y155.265 E26.85398 ; perimeter
G1 Z154.692 X99.542 Y150.712 E25.69980 ; perimeter
G1 Z154.713 X102.551 Y142.622 E46.71191 ; perimeter
G1 Z154.726 X104.608 Y138.108 E26.84620 ; perimeter
G1 Z154.738 X106.929 Y133.677 E27.07217 ; perimeter
G1 Z154.751 X109.526 Y129.399 E27.08327 ; perimeter
G1 Z154.763 X112.092 Y125.408 E25.68024 ; perimeter
G1 Z154.784 X117.322 Y118.542 E46.70782 ; perimeter
G1 Z154.797 X120.609 Y114.826 E26.84926 ; perimeter
G1 Z154.809 X124.089 Y111.286 E26.86506 ; perimeter
G1 Z154.830 X130.391 Y105.709 E45.54304 ; perimeter
G1 Z154.843 X134.329 Y102.688 E26.86085 ; perimeter
G1 Z154.855 X138.452 Y99.854 E27.07608 ; perimeter
G1 Z154.868 X142.720 Y97.239 E27.08876 ; perimeter
G1 Z154.879 X146.891 Y94.971 E25.69660 ; perimeter
G1 Z154.901 X154.741 Y91.380 E46.71530 ; perimeter
G1 Z154.913 X159.389 Y89.642 E26.85369 ; perimeter
G1 Z154.925 X163.917 Y88.211 E25.70130 ; perimeter
G1 Z154.947 X172.307 Y86.185 E46.70974 ; perimeter
G1 Z154.959 X177.200 Y85.367 E26.84903 ; perimeter
G1 Z154.972 X182.171 Y84.800 E27.07699 ; perimeter
G1 Z154.984 X187.167 Y84.495 E27.08827 ; perimeter
G1 Z154.996 X191.915 Y84.451 E25.69650 ; perimeter
G1 Z155.018 X200.531 Y84.966 E46.71253 ; perimeter
G1 Z155.030 X205.449 Y85.613 E26.84497 ; perimeter
G1 Z155.043 X210.369 Y86.525 E27.08023 ; perimeter
G1 Z155.055 X215.234 Y87.693 E27.07698 ; perimeter
G1 Z155.067 X219.993 Y89.103 E26.86197 ; perimeter
G1 Z155.088 X227.875 Y92.050 E45.54066 ; perimeter
G1 Z155.101 X232.394 Y94.109 E26.87533 ; perimeter
G1 Z155.113 X236.607 Y96.299 E25.69400 ; perimeter
G1 Z155.134 X243.973 Y100.799 E46.71735 ; perimeter
G1 Z155.147 X248.011 Y103.680 E26.84512 ; perimeter
G1 Z155.159 X251.927 Y106.794 E27.07690 ; perimeter
G1 Z155.172 X255.674 Y110.109 E27.07526 ; perimeter
G1 Z155.184 X259.214 Y113.589 E26.86512 ; perimeter
G1 Z155.205 X264.791 Y119.891 E45.54318 ; perimeter
G1 Z155.218 X267.812 Y123.829 E26.86072 ; perimeter
G1 Z155.230 X270.646 Y127.952 E27.07607 ; perimeter
G1 Z155.243 X273.260 Y132.218 E27.07679 ; perimeter
G1 Z155.255 X275.648 Y136.615 E27.07899 ; perimeter
G1 Z155.268 X277.802 Y141.132 E27.08272 ; perimeter
G1 Z155.279 X279.621 Y145.519 E25.70113 ; perimeter
G1 Z155.301 X282.372 Y153.700 E46.71180 ; perimeter
G1 Z155.313 X283.614 Y158.503 E26.84837 ; perimeter
G1 Z155.326 X284.611 Y163.406 E27.07758 ; perimeter
G1 Z155.338 X285.351 Y168.354 E27.07590 ; perimeter
G1 Z155.351 X285.827 Y173.295 E26.86400 ; perimeter
G1 Z155.372 X286.047 Y181.707 E45.54047 ; perimeter
G1 Z155.384 X285.830 Y186.666 E26.86330 ; perimeter
G1 Z155.397 X285.355 Y191.607 E26.86348 ; perimeter
G1 Z155.418 X283.972 Y199.868 E45.32990 ; perimeter
G1 Z155.438 X281.875 Y207.977 E45.32876 ; perimeter
G1 Z155.451 X280.300 Y212.685 E26.86718 ; perimeter
G1 Z155.463 X278.466 Y217.340 E27.07713 ; perimeter
G1 Z155.476 X276.392 Y221.892 E27.07150 ; perimeter
G1 Z155.488 X274.100 Y226.295 E26.86372 ; perimeter
G1 Z155.509 X269.703 Y233.470 E45.54187 ; perimeter
G1 Z155.522 X266.820 Y237.511 E26.86464 ; perimeter
G1 Z155.534 X263.706 Y241.427 E27.07690 ; perimeter
G1 Z155.547 X260.391 Y245.174 E27.07532 ; perimeter
G1 Z155.559 X256.884 Y248.742 E27.07556 ; perimeter
G1 Z155.572 X253.195 Y252.123 E27.08108 ; perimeter
G1 Z155.584 X249.365 Y255.280 E26.86161 ; perimeter
G1 Z155.605 X242.514 Y260.167 E45.54324 ; perimeter
G1 Z155.618 X238.280 Y262.761 E26.87247 ; perimeter
G1 Z155.629 X234.109 Y265.029 E25.69688 ; perimeter
G1 Z155.651 X226.295 Y268.603 E46.49950 ; perimeter
G1 Z155.672 X218.402 Y271.398 E45.31527 ; perimeter
G1 Z155.684 X213.619 Y272.725 E26.86297 ; perimeter
G1 Z155.697 X208.734 Y273.808 E27.07896 ; perimeter
G1 Z155.709 X203.800 Y274.633 E27.07302 ; perimeter
G1 Z155.722 X198.829 Y275.200 E27.07699 ; perimeter
G1 Z155.734 X193.835 Y275.505 E27.07739 ; perimeter
G1 Z155.747 X188.832 Y275.549 E27.07679 ; perimeter
G1 Z155.759 X183.834 Y275.331 E27.07440 ; perimeter
G1 Z155.772 X178.893 Y274.855 E26.86400 ; perimeter
G1 Z155.793 X170.593 Y273.466 E45.54342 ; perimeter
G1 Z155.805 X165.766 Y272.307 E26.86580 ; perimeter
G1 Z155.817 X161.007 Y270.897 E26.86181 ; perimeter
G1 Z155.838 X153.125 Y267.950 E45.54066 ; perimeter
G1 Z155.851 X148.608 Y265.892 E26.86323 ; perimeter
G1 Z155.863 X144.205 Y263.600 E26.86379 ; perimeter
G1 Z155.884 X137.030 Y259.203 E45.54179 ; perimeter
G1 Z155.897 X132.989 Y256.320 E26.86471 ; perimeter
G1 Z155.909 X129.073 Y253.206 E27.07684 ; perimeter
G1 Z155.922 X125.326 Y249.891 E27.07532 ; perimeter
G1 Z155.934 X121.786 Y246.411 E26.86506 ; perimeter
G1 Z155.955 X116.209 Y240.109 E45.54304 ; perimeter
G1 Z155.968 X113.188 Y236.171 E26.86085 ; perimeter
G1 Z155.980 X110.354 Y232.048 E27.07610 ; perimeter
G1 Z155.993 X107.739 Y227.780 E27.08874 ; perimeter
G1 Z156.000 X106.313 Y225.159 E16.14808 ; perimeter
;LAYER_CHANGE
;Z:157.5
;HEIGHT:1.5
G1 Z156.000 F960 ; simple layer change
G1 F2400
G1 Z156.004 X105.464 Y223.596 E9.62837 ; perimeter
G1 Z156.026 X101.881 Y215.759 E46.63329 ; perimeter
G1 Z156.038 X100.143 Y211.112 E26.85047 ; perimeter
G1 Z156.051 X98.639 Y206.341 E27.07273 ; perimeter
G1 Z156.063 X97.386 Y201.496 E27.08332 ; perimeter
G1 Z156.075 X96.433 Y196.829 E25.77842 ; perimeter
G1 Z156.097 X95.298 Y188.287 E46.63476 ; perimeter
G1 Z156.109 X94.995 Y183.335 E26.84993 ; perimeter
G1 Z156.122 X94.951 Y178.332 E27.07679 ; perimeter
G1 Z156.134 X95.170 Y173.332 E27.08537 ; perimeter
G1 Z156.146 X95.623 Y168.591 E25.77466 ; perimeter
G1 Z156.168 X97.035 Y160.090 E46.63679 ; perimeter
G1 Z156.180 X98.193 Y155.265 E26.85392 ; perimeter
G1 Z156.192 X99.544 Y150.697 E25.77826 ; perimeter
G1 Z156.213 X102.551 Y142.622 E46.63462 ; perimeter
G1 Z156.226 X104.608 Y138.108 E26.84620 ; perimeter
G1 Z156.238 X106.918 Y133.670 E27.07678 ; perimeter
G1 Z156.251 X109.459 Y129.358 E27.08656 ; perimeter
G1 Z156.263 X112.085 Y125.384 E25.77817 ; perimeter
G1 Z156.284 X117.322 Y118.542 E46.63011 ; perimeter
G1 Z156.297 X120.609 Y114.826 E26.84929 ; perimeter
G1 Z156.309 X124.089 Y111.286 E26.86503 ; perimeter
G1 Z156.330 X130.391 Y105.709 E45.54304 ; perimeter
G1 Z156.343 X134.329 Y102.688 E26.86085 ; perimeter
G1 Z156.355 X138.452 Y99.854 E27.07610 ; perimeter
G1 Z156.368 X142.720 Y97.239 E27.08874 ; perimeter
G1 Z156.379 X146.904 Y94.964 E25.77656 ; perimeter
G1 Z156.401 X154.741 Y91.380 E46.63326 ; perimeter
G1 Z156.413 X159.389 Y89.643 E26.85579 ; perimeter
G1 Z156.425 X163.931 Y88.207 E25.77990 ; perimeter
G1 Z156.447 X172.307 Y86.186 E46.63099 ; perimeter
G1 Z156.459 X177.200 Y85.367 E26.84881 ; perimeter
G1 Z156.472 X182.171 Y84.800 E27.07691 ; perimeter
G1 Z156.484 X187.166 Y84.495 E27.08286 ; perimeter
G1 Z156.496 X191.929 Y84.451 E25.77784 ; perimeter
G1 Z156.518 X200.531 Y84.966 E46.63691 ; perimeter
G1 Z156.530 X205.449 Y85.613 E26.84498 ; perimeter
G1 Z156.543 X210.369 Y86.525 E27.08023 ; perimeter
G1 Z156.555 X215.234 Y87.693 E27.07697 ; perimeter
G1 Z156.567 X219.993 Y89.103 E26.86189 ; perimeter
G1 Z156.588 X227.875 Y92.050 E45.54066 ; perimeter
G1 Z156.601 X232.392 Y94.108 E26.86326 ; perimeter
G1 Z156.613 X236.792 Y96.406 E26.86145 ; perimeter
G1 Z156.634 X243.970 Y100.797 E45.54168 ; perimeter
G1 Z156.647 X248.011 Y103.680 E26.86474 ; perimeter
G1 Z156.659 X251.927 Y106.794 E27.07680 ; perimeter
G1 Z156.672 X255.674 Y110.109 E27.07523 ; perimeter
G1 Z156.684 X259.214 Y113.589 E26.86512 ; perimeter
G1 Z156.705 X264.791 Y119.891 E45.54304 ; perimeter
G1 Z156.718 X267.812 Y123.829 E26.86085 ; perimeter
G1 Z156.730 X270.646 Y127.952 E27.07610 ; perimeter
G1 Z156.743 X273.260 Y132.218 E27.07668 ; perimeter
G1 Z156.755 X275.648 Y136.615 E27.07906 ; perimeter
G1 Z156.768 X277.801 Y141.131 E27.07552 ; perimeter
G1 Z156.780 X279.696 Y145.719 E26.86300 ; perimeter
G1 Z156.801 X282.371 Y153.697 E45.54013 ; perimeter
G1 Z156.813 X283.614 Y158.503 E26.86543 ; perimeter
G1 Z156.826 X284.611 Y163.406 E27.07758 ; perimeter
G1 Z156.838 X285.351 Y168.354 E27.07590 ; perimeter
G1 Z156.851 X285.827 Y173.295 E26.86400 ; perimeter
G1 Z156.872 X286.047 Y181.707 E45.54047 ; perimeter
G1 Z156.884 X285.830 Y186.666 E26.86330 ; perimeter
G1 Z156.897 X285.355 Y191.607 E26.86348 ; perimeter
G1 Z156.918 X283.972 Y199.868 E45.32990 ; perimeter
G1 Z156.938 X281.875 Y207.977 E45.32876 ; perimeter
G1 Z156.951 X280.300 Y212.685 E26.86718 ; perimeter
G1 Z156.963 X278.466 Y217.340 E27.07713 ; perimeter
G1 Z156.976 X276.391 Y221.894 E27.08360 ; perimeter
G1 Z156.988 X274.194 Y226.119 E25.77417 ; perimeter
G1 Z157.009 X269.701 Y233.473 E46.63709 ; perimeter
G1 Z157.022 X266.820 Y237.511 E26.84511 ; perimeter
G1 Z157.034 X263.706 Y241.427 E27.07690 ; perimeter
G1 Z157.047 X260.391 Y245.174 E27.07532 ; perimeter
G1 Z157.059 X256.884 Y248.742 E27.07556 ; perimeter
G1 Z157.072 X253.195 Y252.123 E27.08108 ; perimeter
G1 Z157.084 X249.365 Y255.280 E26.86161 ; perimeter
G1 Z157.105 X242.514 Y260.167 E45.54324 ; perimeter
G1 Z157.118 X238.280 Y262.761 E26.87247 ; perimeter
G1 Z157.129 X234.096 Y265.037 E25.77669 ; perimeter
G1 Z157.151 X226.295 Y268.603 E46.42004 ; perimeter
G1 Z157.172 X218.402 Y271.398 E45.31533 ; perimeter
G1 Z157.184 X213.619 Y272.725 E26.86289 ; perimeter
G1 Z157.197 X208.734 Y273.808 E27.07904 ; perimeter
G1 Z157.209 X203.800 Y274.633 E27.07302 ; perimeter
G1 Z157.222 X198.829 Y275.200 E27.07699 ; perimeter
G1 Z157.234 X193.835 Y275.505 E27.07739 ; perimeter
G1 Z157.247 X188.832 Y275.549 E27.07679 ; perimeter
G1 Z157.259 X183.834 Y275.331 E27.07440 ; perimeter
G1 Z157.272 X178.893 Y274.855 E26.86400 ; perimeter
G1 Z157.293 X170.593 Y273.466 E45.54342 ; perimeter
G1 Z157.305 X165.766 Y272.307 E26.86572 ; perimeter
G1 Z157.317 X161.007 Y270.897 E26.86189 ; perimeter
G1 Z157.338 X153.125 Y267.950 E45.54066 ; perimeter
G1 Z157.351 X148.608 Y265.892 E26.86323 ; perimeter
G1 Z157.363 X144.205 Y263.600 E26.86379 ; perimeter
G1 Z157.384 X137.030 Y259.203 E45.54179 ; perimeter
G1 Z157.397 X132.989 Y256.320 E26.86471 ; perimeter
G1 Z157.409 X129.073 Y253.206 E27.07684 ; perimeter
G1 Z157.422 X125.326 Y249.891 E27.07532 ; perimeter
G1 Z157.434 X121.786 Y246.411 E26.86506 ; perimeter
G1 Z157.455 X116.209 Y240.109 E45.54304 ; perimeter
G1 Z157.468 X113.188 Y236.171 E26.86085 ; perimeter
G1 Z157.480 X110.354 Y232.048 E27.07610 ; perimeter
G1 Z157.493 X107.739 Y227.780 E27.08874 ; perimeter
G1 Z157.500 X106.313 Y225.159 E16.14808 ; perimeter
;LAYER_CHANGE
;Z:159
;HEIGHT:1.5
G1 Z157.500 F960 ; simple layer change
G1 F2400
G1 Z157.504 X105.457 Y223.583 E9.70602 ; perimeter
G1 Z157.526 X101.881 Y215.760 E46.55088 ; perimeter
G1 Z157.538 X100.143 Y211.112 E26.85538 ; perimeter
G1 Z157.551 X98.639 Y206.341 E27.07273 ; perimeter
G1 Z157.563 X97.386 Y201.496 E27.08331 ; perimeter
G1 Z157.575 X96.431 Y196.815 E25.85569 ; perimeter
G1 Z157.597 X95.298 Y188.287 E46.55745 ; perimeter
G1 Z157.609 X94.995 Y183.335 E26.84993 ; perimeter
G1 Z157.622 X94.951 Y178.332 E27.07679 ; perimeter
G1 Z157.634 X95.170 Y173.332 E27.08537 ; perimeter
G1 Z157.646 X95.625 Y168.576 E25.85553 ; perimeter
G1 Z157.668 X97.035 Y160.091 E46.55059 ; perimeter
G1 Z157.680 X98.193 Y155.265 E26.85928 ; perimeter
G1 Z157.692 X99.548 Y150.683 E25.85690 ; perimeter
G1 Z157.713 X102.551 Y142.622 E46.55611 ; perimeter
G1 Z157.726 X104.608 Y138.108 E26.84620 ; perimeter
G1 Z157.738 X106.918 Y133.670 E27.07680 ; perimeter
G1 Z157.751 X109.459 Y129.358 E27.08380 ; perimeter
G1 Z157.763 X112.094 Y125.372 E25.85882 ; perimeter
G1 Z157.784 X117.322 Y118.542 E46.55214 ; perimeter
G1 Z157.797 X120.609 Y114.826 E26.84928 ; perimeter
G1 Z157.809 X124.089 Y111.286 E26.86509 ; perimeter
G1 Z157.830 X130.391 Y105.709 E45.54301 ; perimeter
G1 Z157.843 X134.329 Y102.688 E26.86085 ; perimeter
G1 Z157.855 X138.452 Y99.854 E27.07612 ; perimeter
G1 Z157.868 X142.720 Y97.239 E27.08872 ; perimeter
G1 Z157.879 X146.917 Y94.957 E25.85409 ; perimeter
G1 Z157.901 X154.741 Y91.381 E46.55580 ; perimeter
G1 Z157.913 X159.389 Y89.643 E26.85554 ; perimeter
G1 Z157.925 X163.945 Y88.203 E25.85867 ; perimeter
G1 Z157.947 X172.307 Y86.186 E46.55225 ; perimeter
G1 Z157.959 X177.200 Y85.367 E26.84881 ; perimeter
G1 Z157.972 X182.171 Y84.800 E27.07699 ; perimeter
G1 Z157.984 X187.166 Y84.495 E27.08279 ; perimeter
G1 Z157.996 X191.944 Y84.451 E25.85901 ; perimeter
G1 Z158.018 X200.531 Y84.966 E46.55579 ; perimeter
G1 Z158.030 X205.449 Y85.613 E26.84497 ; perimeter
G1 Z158.043 X210.369 Y86.525 E27.08023 ; perimeter
G1 Z158.055 X215.234 Y87.693 E27.07698 ; perimeter
G1 Z158.067 X219.993 Y89.103 E26.86197 ; perimeter
G1 Z158.088 X227.875 Y92.050 E45.54058 ; perimeter
G1 Z158.101 X232.394 Y94.109 E26.87537 ; perimeter
G1 Z158.113 X236.632 Y96.314 E25.85417 ; perimeter
G1 Z158.134 X243.972 Y100.799 E46.55248 ; perimeter
G1 Z158.147 X248.011 Y103.680 E26.84960 ; perimeter
G1 Z158.159 X251.927 Y106.794 E27.07684 ; perimeter
G1 Z158.172 X255.674 Y110.109 E27.07532 ; perimeter
G1 Z158.184 X259.214 Y113.589 E26.86503 ; perimeter
G1 Z158.205 X264.791 Y119.891 E45.54307 ; perimeter
G1 Z158.218 X267.812 Y123.829 E26.86078 ; perimeter
G1 Z158.230 X270.646 Y127.952 E27.07614 ; perimeter
G1 Z158.243 X273.260 Y132.218 E27.07668 ; perimeter
G1 Z158.255 X275.648 Y136.615 E27.07906 ; perimeter
G1 Z158.268 X277.801 Y141.131 E27.07555 ; perimeter
G1 Z158.280 X279.701 Y145.717 E26.86473 ; perimeter
G1 Z158.301 X282.371 Y153.697 E45.54020 ; perimeter
G1 Z158.313 X283.614 Y158.503 E26.86543 ; perimeter
G1 Z158.326 X284.611 Y163.406 E27.07758 ; perimeter
G1 Z158.338 X285.351 Y168.354 E27.07590 ; perimeter
G1 Z158.351 X285.827 Y173.295 E26.86400 ; perimeter
G1 Z158.372 X286.047 Y181.707 E45.54047 ; perimeter
G1 Z158.384 X285.830 Y186.666 E26.86330 ; perimeter
G1 Z158.397 X285.355 Y191.607 E26.86348 ; perimeter
G1 Z158.418 X283.972 Y199.868 E45.32990 ; perimeter
G1 Z158.438 X281.875 Y207.977 E45.32876 ; perimeter
G1 Z158.451 X280.300 Y212.685 E26.86718 ; perimeter
G1 Z158.463 X278.466 Y217.340 E27.07713 ; perimeter
G1 Z158.476 X276.392 Y221.892 E27.07149 ; perimeter
G1 Z158.488 X274.097 Y226.293 E26.86247 ; perimeter
G1 Z158.509 X269.703 Y233.470 E45.54184 ; perimeter
G1 Z158.522 X266.820 Y237.511 E26.86472 ; perimeter
G1 Z158.534 X263.706 Y241.427 E27.07677 ; perimeter
G1 Z158.547 X260.391 Y245.174 E27.07532 ; perimeter
G1 Z158.559 X256.884 Y248.742 E27.07556 ; perimeter
G1 Z158.572 X253.195 Y252.123 E27.08108 ; perimeter
G1 Z158.584 X249.365 Y255.280 E26.86161 ; perimeter
G1 Z158.605 X242.514 Y260.167 E45.54324 ; perimeter
G1 Z158.618 X238.282 Y262.760 E26.86038 ; perimeter
G1 Z158.630 X233.918 Y265.127 E26.86741 ; perimeter
G1 Z158.651 X226.298 Y268.602 E45.32488 ; perimeter
G1 Z158.672 X218.402 Y271.398 E45.33224 ; perimeter
G1 Z158.684 X213.619 Y272.725 E26.86297 ; perimeter
G1 Z158.697 X208.734 Y273.808 E27.07904 ; perimeter
G1 Z158.709 X203.800 Y274.633 E27.07302 ; perimeter
G1 Z158.722 X198.829 Y275.200 E27.07699 ; perimeter
G1 Z158.734 X193.835 Y275.505 E27.07739 ; perimeter
G1 Z158.747 X188.832 Y275.549 E27.07679 ; perimeter
G1 Z158.759 X183.834 Y275.331 E27.07440 ; perimeter
G1 Z158.772 X178.893 Y274.855 E26.86400 ; perimeter
G1 Z158.793 X170.593 Y273.466 E45.54342 ; perimeter
G1 Z158.805 X165.766 Y272.307 E26.86572 ; perimeter
G1 Z158.817 X161.007 Y270.897 E26.86189 ; perimeter
G1 Z158.838 X153.125 Y267.950 E45.54066 ; perimeter
G1 Z158.851 X148.608 Y265.892 E26.86323 ; perimeter
G1 Z158.863 X144.205 Y263.600 E26.86379 ; perimeter
G1 Z158.884 X137.030 Y259.203 E45.54179 ; perimeter
G1 Z158.897 X132.989 Y256.320 E26.86471 ; perimeter
G1 Z158.909 X129.073 Y253.206 E27.07684 ; perimeter
G1 Z158.922 X125.326 Y249.891 E27.07532 ; perimeter
G1 Z158.934 X121.786 Y246.411 E26.86506 ; perimeter
G1 Z158.955 X116.209 Y240.109 E45.54304 ; perimeter
G1 Z158.968 X113.188 Y236.171 E26.86085 ; perimeter
G1 Z158.980 X110.354 Y232.048 E27.07610 ; perimeter
G1 Z158.993 X107.739 Y227.780 E27.08874 ; perimeter
G1 Z159.000 X106.313 Y225.159 E16.14808 ; perimeter
;LAYER_CHANGE
;Z:160.5
;HEIGHT:1.5
G1 Z159.000 F960 ; simple layer change
G1 F2400
G1 Z159.005 X105.451 Y223.570 E9.78557 ; perimeter
G1 Z159.026 X101.881 Y215.760 E46.47116 ; perimeter
G1 Z159.038 X100.143 Y211.112 E26.85545 ; perimeter
G1 Z159.051 X98.639 Y206.341 E27.07282 ; perimeter
G1 Z159.063 X97.386 Y201.496 E27.08332 ; perimeter
G1 Z159.075 X96.428 Y196.800 E25.93852 ; perimeter
G1 Z159.097 X95.298 Y188.287 E46.47484 ; perimeter
G1 Z159.109 X94.995 Y183.335 E26.84977 ; perimeter
G1 Z159.122 X94.951 Y178.332 E27.07687 ; perimeter
G1 Z159.134 X95.170 Y173.332 E27.08545 ; perimeter
G1 Z159.146 X95.626 Y168.562 E25.93228 ; perimeter
G1 Z159.168 X97.035 Y160.091 E46.47419 ; perimeter
G1 Z159.180 X98.193 Y155.266 E26.85393 ; perimeter
G1 Z159.192 X99.610 Y150.510 E26.85895 ; perimeter
G1 Z159.213 X102.550 Y142.625 E45.54075 ; perimeter
G1 Z159.226 X104.608 Y138.108 E26.86320 ; perimeter
G1 Z159.238 X106.918 Y133.670 E27.07682 ; perimeter
G1 Z159.251 X109.458 Y129.358 E27.08377 ; perimeter
G1 Z159.263 X112.102 Y125.360 E25.93709 ; perimeter
G1 Z159.284 X117.322 Y118.542 E46.47429 ; perimeter
G1 Z159.297 X120.609 Y114.826 E26.84926 ; perimeter
G1 Z159.309 X124.089 Y111.286 E26.86506 ; perimeter
G1 Z159.330 X130.391 Y105.709 E45.54304 ; perimeter
G1 Z159.343 X134.329 Y102.688 E26.86085 ; perimeter
G1 Z159.355 X138.452 Y99.854 E27.07612 ; perimeter
G1 Z159.368 X142.720 Y97.239 E27.08872 ; perimeter
G1 Z159.380 X146.930 Y94.951 E25.93377 ; perimeter
G1 Z159.401 X154.740 Y91.381 E46.47106 ; perimeter
G1 Z159.413 X159.389 Y89.643 E26.86057 ; perimeter
G1 Z159.425 X163.958 Y88.200 E25.93224 ; perimeter
G1 Z159.447 X172.307 Y86.186 E46.47876 ; perimeter
G1 Z159.459 X177.200 Y85.367 E26.84872 ; perimeter
G1 Z159.472 X182.171 Y84.800 E27.07707 ; perimeter
G1 Z159.484 X187.166 Y84.495 E27.08287 ; perimeter
G1 Z159.496 X191.958 Y84.451 E25.93469 ; perimeter
G1 Z159.518 X200.530 Y84.966 E46.47467 ; perimeter
G1 Z159.530 X205.449 Y85.613 E26.85062 ; perimeter
G1 Z159.543 X210.369 Y86.525 E27.08005 ; perimeter
G1 Z159.555 X215.234 Y87.693 E27.07715 ; perimeter
G1 Z159.567 X219.993 Y89.103 E26.86181 ; perimeter
G1 Z159.588 X227.875 Y92.050 E45.54066 ; perimeter
G1 Z159.601 X232.393 Y94.109 E26.87035 ; perimeter
G1 Z159.613 X236.645 Y96.319 E25.93415 ; perimeter
G1 Z159.634 X243.972 Y100.799 E46.47785 ; perimeter
G1 Z159.647 X248.011 Y103.680 E26.84966 ; perimeter
G1 Z159.659 X251.927 Y106.794 E27.07680 ; perimeter
G1 Z159.672 X255.674 Y110.109 E27.07523 ; perimeter
G1 Z159.684 X259.214 Y113.589 E26.86512 ; perimeter
G1 Z159.705 X264.791 Y119.891 E45.54318 ; perimeter
G1 Z159.718 X267.812 Y123.829 E26.86072 ; perimeter
G1 Z159.730 X270.646 Y127.952 E27.07607 ; perimeter
G1 Z159.743 X273.260 Y132.218 E27.07672 ; perimeter
G1 Z159.755 X275.648 Y136.615 E27.07906 ; perimeter
G1 Z159.768 X277.802 Y141.132 E27.08272 ; perimeter
G1 Z159.780 X279.637 Y145.559 E25.93417 ; perimeter
G1 Z159.801 X282.372 Y153.699 E46.47406 ; perimeter
G1 Z159.813 X283.614 Y158.503 E26.85357 ; perimeter
G1 Z159.826 X284.611 Y163.406 E27.07758 ; perimeter
G1 Z159.838 X285.351 Y168.354 E27.07590 ; perimeter
G1 Z159.851 X285.827 Y173.295 E26.86400 ; perimeter
G1 Z159.872 X286.047 Y181.707 E45.54047 ; perimeter
G1 Z159.884 X285.830 Y186.666 E26.86330 ; perimeter
G1 Z159.897 X285.355 Y191.607 E26.86348 ; perimeter
G1 Z159.918 X283.972 Y199.868 E45.32990 ; perimeter
G1 Z159.938 X281.875 Y207.977 E45.32868 ; perimeter
G1 Z159.951 X280.300 Y212.685 E26.86726 ; perimeter
G1 Z159.963 X278.466 Y217.340 E27.07713 ; perimeter
G1 Z159.976 X276.392 Y221.892 E27.07150 ; perimeter
G1 Z159.988 X274.100 Y226.295 E26.86379 ; perimeter
G1 Z160.009 X269.703 Y233.470 E45.54179 ; perimeter
G1 Z160.022 X266.820 Y237.511 E26.86464 ; perimeter
G1 Z160.034 X263.706 Y241.427 E27.07690 ; perimeter
G1 Z160.047 X260.391 Y245.174 E27.07532 ; perimeter
G1 Z160.059 X256.884 Y248.742 E27.07556 ; perimeter
G1 Z160.072 X253.195 Y252.123 E27.08108 ; perimeter
G1 Z160.084 X249.365 Y255.280 E26.86161 ; perimeter
G1 Z160.105 X242.514 Y260.167 E45.54324 ; perimeter
G1 Z160.118 X238.282 Y262.760 E26.86041 ; perimeter
G1 Z160.130 X233.919 Y265.129 E26.86829 ; perimeter
G1 Z160.151 X226.298 Y268.602 E45.32491 ; perimeter
G1 Z160.172 X218.402 Y271.398 E45.33244 ; perimeter
G1 Z160.184 X213.619 Y272.725 E26.86289 ; perimeter
G1 Z160.197 X208.734 Y273.808 E27.07896 ; perimeter
G1 Z160.209 X203.800 Y274.633 E27.07302 ; perimeter
G1 Z160.222 X198.829 Y275.200 E27.07699 ; perimeter
G1 Z160.234 X193.835 Y275.505 E27.07739 ; perimeter
G1 Z160.247 X188.832 Y275.549 E27.07679 ; perimeter
G1 Z160.259 X183.834 Y275.331 E27.07448 ; perimeter
G1 Z160.272 X178.893 Y274.855 E26.86392 ; perimeter
G1 Z160.293 X170.593 Y273.466 E45.54342 ; perimeter
G1 Z160.305 X165.766 Y272.307 E26.86572 ; perimeter
G1 Z160.317 X161.007 Y270.897 E26.86189 ; perimeter
G1 Z160.338 X153.125 Y267.950 E45.54066 ; perimeter
G1 Z160.351 X148.608 Y265.892 E26.86323 ; perimeter
G1 Z160.363 X144.205 Y263.600 E26.86379 ; perimeter
G1 Z160.384 X137.030 Y259.203 E45.54179 ; perimeter
G1 Z160.397 X132.989 Y256.320 E26.86471 ; perimeter
G1 Z160.409 X129.073 Y253.206 E27.07684 ; perimeter
G1 Z160.422 X125.326 Y249.891 E27.07532 ; perimeter
G1 Z160.434 X121.786 Y246.411 E26.86506 ; perimeter
G1 Z160.455 X116.209 Y240.109 E45.54304 ; perimeter
G1 Z160.468 X113.188 Y236.171 E26.86085 ; perimeter
G1 Z160.480 X110.354 Y232.048 E27.07610 ; perimeter
G1 Z160.493 X107.739 Y227.780 E27.08874 ; perimeter
G1 Z160.500 X106.313 Y225.159 E16.14808 ; perimeter
;LAYER_CHANGE
;Z:162
;HEIGHT:1.5
G1 Z160.500 F960 ; simple layer change
G1 F2400
G1 Z160.505 X105.444 Y223.557 E9.85840 ; perimeter
G1 Z160.526 X101.881 Y215.760 E46.39634 ; perimeter
G1 Z160.538 X100.143 Y211.112 E26.85555 ; perimeter
G1 Z160.551 X98.639 Y206.341 E27.07273 ; perimeter
G1 Z160.563 X97.386 Y201.496 E27.08331 ; perimeter
G1 Z160.575 X96.425 Y196.786 E26.01515 ; perimeter
G1 Z160.597 X95.298 Y188.288 E46.39301 ; perimeter
G1 Z160.609 X94.995 Y183.335 E26.85521 ; perimeter
G1 Z160.622 X94.951 Y178.332 E27.07679 ; perimeter
G1 Z160.634 X95.170 Y173.333 E27.08003 ; perimeter
G1 Z160.646 X95.628 Y168.548 E26.01423 ; perimeter
G1 Z160.668 X97.035 Y160.091 E46.39752 ; perimeter
G1 Z160.680 X98.193 Y155.266 E26.85401 ; perimeter
G1 Z160.692 X99.603 Y150.507 E26.86181 ; perimeter
G1 Z160.713 X102.550 Y142.625 E45.54068 ; perimeter
G1 Z160.726 X104.608 Y138.108 E26.86321 ; perimeter
G1 Z160.738 X106.918 Y133.670 E27.07678 ; perimeter
G1 Z160.751 X109.458 Y129.358 E27.08381 ; perimeter
G1 Z160.763 X112.110 Y125.348 E26.01508 ; perimeter
G1 Z160.784 X117.322 Y118.542 E46.39643 ; perimeter
G1 Z160.797 X120.609 Y114.826 E26.84926 ; perimeter
G1 Z160.809 X124.089 Y111.286 E26.86503 ; perimeter
G1 Z160.830 X130.391 Y105.709 E45.54308 ; perimeter
G1 Z160.843 X134.329 Y102.688 E26.86085 ; perimeter
G1 Z160.855 X138.452 Y99.854 E27.07610 ; perimeter
G1 Z160.868 X142.719 Y97.239 E27.08415 ; perimeter
G1 Z160.880 X146.942 Y94.944 E26.01341 ; perimeter
G1 Z160.901 X154.740 Y91.381 E46.39639 ; perimeter
G1 Z160.913 X159.389 Y89.643 E26.86053 ; perimeter
G1 Z160.925 X163.972 Y88.195 E26.01113 ; perimeter
G1 Z160.947 X172.307 Y86.186 E46.39997 ; perimeter
G1 Z160.959 X177.200 Y85.367 E26.84889 ; perimeter
G1 Z160.972 X182.171 Y84.800 E27.07699 ; perimeter
G1 Z160.984 X187.166 Y84.495 E27.08271 ; perimeter
G1 Z160.996 X191.973 Y84.451 E26.01587 ; perimeter
G1 Z161.018 X200.530 Y84.966 E46.39380 ; perimeter
G1 Z161.030 X205.449 Y85.613 E26.85042 ; perimeter
G1 Z161.043 X210.369 Y86.525 E27.08006 ; perimeter
G1 Z161.055 X215.234 Y87.693 E27.07714 ; perimeter
G1 Z161.067 X219.993 Y89.103 E26.86197 ; perimeter
G1 Z161.088 X227.875 Y92.050 E45.54058 ; perimeter
G1 Z161.101 X232.393 Y94.109 E26.87040 ; perimeter
G1 Z161.113 X236.658 Y96.326 E26.01370 ; perimeter
G1 Z161.134 X243.972 Y100.798 E46.39531 ; perimeter
G1 Z161.147 X248.011 Y103.680 E26.85265 ; perimeter
G1 Z161.159 X251.927 Y106.794 E27.07677 ; perimeter
G1 Z161.172 X255.674 Y110.109 E27.07526 ; perimeter
G1 Z161.184 X259.214 Y113.589 E26.86509 ; perimeter
G1 Z161.205 X264.791 Y119.891 E45.54304 ; perimeter
G1 Z161.218 X267.812 Y123.829 E26.86092 ; perimeter
G1 Z161.230 X270.646 Y127.952 E27.07607 ; perimeter
G1 Z161.243 X273.260 Y132.218 E27.07675 ; perimeter
G1 Z161.255 X275.648 Y136.615 E27.07899 ; perimeter
G1 Z161.268 X277.801 Y141.131 E27.07552 ; perimeter
G1 Z161.280 X279.697 Y145.718 E26.86338 ; perimeter
G1 Z161.301 X282.371 Y153.697 E45.54020 ; perimeter
G1 Z161.313 X283.614 Y158.503 E26.86546 ; perimeter
G1 Z161.326 X284.611 Y163.406 E27.07758 ; perimeter
G1 Z161.338 X285.351 Y168.354 E27.07590 ; perimeter
G1 Z161.351 X285.827 Y173.295 E26.86400 ; perimeter
G1 Z161.372 X286.047 Y181.707 E45.54047 ; perimeter
G1 Z161.384 X285.830 Y186.666 E26.86330 ; perimeter
G1 Z161.397 X285.355 Y191.607 E26.86348 ; perimeter
G1 Z161.418 X283.972 Y199.868 E45.32990 ; perimeter
G1 Z161.438 X281.875 Y207.977 E45.32868 ; perimeter
G1 Z161.451 X280.300 Y212.685 E26.86726 ; perimeter
G1 Z161.463 X278.466 Y217.340 E27.07713 ; perimeter
G1 Z161.476 X276.392 Y221.892 E27.07150 ; perimeter
G1 Z161.488 X274.100 Y226.295 E26.86379 ; perimeter
G1 Z161.509 X269.703 Y233.470 E45.54179 ; perimeter
G1 Z161.522 X266.820 Y237.511 E26.86478 ; perimeter
G1 Z161.534 X263.706 Y241.427 E27.07677 ; perimeter
G1 Z161.547 X260.391 Y245.174 E27.07532 ; perimeter
G1 Z161.559 X256.884 Y248.742 E27.07556 ; perimeter
G1 Z161.572 X253.195 Y252.123 E27.08108 ; perimeter
G1 Z161.584 X249.365 Y255.280 E26.86161 ; perimeter
G1 Z161.605 X242.514 Y260.167 E45.54324 ; perimeter
G1 Z161.618 X238.281 Y262.761 E26.86787 ; perimeter
G1 Z161.630 X234.058 Y265.056 E26.01388 ; perimeter
G1 Z161.651 X226.296 Y268.603 E46.18285 ; perimeter
G1 Z161.672 X218.402 Y271.398 E45.32030 ; perimeter
G1 Z161.684 X213.619 Y272.725 E26.86297 ; perimeter
G1 Z161.697 X208.734 Y273.808 E27.07896 ; perimeter
G1 Z161.709 X203.800 Y274.633 E27.07302 ; perimeter
G1 Z161.722 X198.829 Y275.200 E27.07699 ; perimeter
G1 Z161.734 X193.835 Y275.505 E27.07739 ; perimeter
G1 Z161.747 X188.832 Y275.549 E27.07679 ; perimeter
G1 Z161.759 X183.834 Y275.331 E27.07448 ; perimeter
G1 Z161.772 X178.893 Y274.855 E26.86392 ; perimeter
G1 Z161.793 X170.593 Y273.466 E45.54342 ; perimeter
G1 Z161.805 X165.766 Y272.307 E26.86572 ; perimeter
G1 Z161.817 X161.007 Y270.897 E26.86189 ; perimeter
G1 Z161.838 X153.125 Y267.950 E45.54066 ; perimeter
G1 Z161.851 X148.608 Y265.892 E26.86323 ; perimeter
G1 Z161.863 X144.205 Y263.600 E26.86379 ; perimeter
G1 Z161.884 X137.030 Y259.203 E45.54179 ; perimeter
G1 Z161.897 X132.989 Y256.320 E26.86471 ; perimeter
G1 Z161.909 X129.073 Y253.206 E27.07684 ; perimeter
G1 Z161.922 X125.326 Y249.891 E27.07532 ; perimeter
G1 Z161.934 X121.786 Y246.411 E26.86506 ; perimeter
G1 Z161.955 X116.209 Y240.109 E45.54304 ; perimeter
G1 Z161.968 X113.188 Y236.171 E26.86085 ; perimeter
G1 Z161.980 X110.354 Y232.048 E27.07610 ; perimeter
G1 Z161.993 X107.739 Y227.781 E27.08412 ; perimeter
G1 Z162.000 X106.314 Y225.158 E16.15500 ; perimeter
;LAYER_CHANGE
;Z:163.5
;HEIGHT:1.5
G1 Z162.000 F960 ; simple layer change
G1 F2400
G1 Z162.005 X105.437 Y223.545 E9.93626 ; perimeter
G1 Z162.026 X101.881 Y215.760 E46.31879 ; perimeter
G1 Z162.038 X100.143 Y211.112 E26.85555 ; perimeter
G1 Z162.051 X98.639 Y206.341 E27.07272 ; perimeter
G1 Z162.063 X97.386 Y201.496 E27.08341 ; perimeter
G1 Z162.075 X96.423 Y196.772 E26.09218 ; perimeter
G1 Z162.097 X95.298 Y188.288 E46.31579 ; perimeter
G1 Z162.109 X94.995 Y183.335 E26.85525 ; perimeter
G1 Z162.122 X94.951 Y178.332 E27.07679 ; perimeter
G1 Z162.134 X95.170 Y173.333 E27.08004 ; perimeter
G1 Z162.146 X95.630 Y168.533 E26.09515 ; perimeter
G1 Z162.168 X97.035 Y160.091 E46.31647 ; perimeter
G1 Z162.180 X98.193 Y155.266 E26.85401 ; perimeter
G1 Z162.192 X99.603 Y150.507 E26.86197 ; perimeter
G1 Z162.213 X102.550 Y142.625 E45.54058 ; perimeter
G1 Z162.226 X104.608 Y138.108 E26.86323 ; perimeter
G1 Z162.238 X106.918 Y133.670 E27.07678 ; perimeter
G1 Z162.251 X109.458 Y129.358 E27.08383 ; perimeter
G1 Z162.263 X112.118 Y125.336 E26.09310 ; perimeter
G1 Z162.284 X117.322 Y118.542 E46.31852 ; perimeter
G1 Z162.297 X120.609 Y114.826 E26.84929 ; perimeter
G1 Z162.309 X124.089 Y111.286 E26.86506 ; perimeter
G1 Z162.330 X130.391 Y105.709 E45.54304 ; perimeter
G1 Z162.343 X134.329 Y102.688 E26.86085 ; perimeter
G1 Z162.355 X138.452 Y99.854 E27.07612 ; perimeter
G1 Z162.368 X142.719 Y97.239 E27.08410 ; perimeter
G1 Z162.380 X146.955 Y94.937 E26.09122 ; perimeter
G1 Z162.401 X154.740 Y91.381 E46.31885 ; perimeter
G1 Z162.413 X159.389 Y89.643 E26.86062 ; perimeter
G1 Z162.425 X163.986 Y88.191 E26.08980 ; perimeter
G1 Z162.447 X172.306 Y86.186 E46.31611 ; perimeter
G1 Z162.459 X177.200 Y85.367 E26.85405 ; perimeter
G1 Z162.472 X182.171 Y84.800 E27.07699 ; perimeter
G1 Z162.484 X187.166 Y84.495 E27.08271 ; perimeter
G1 Z162.496 X191.987 Y84.451 E26.09180 ; perimeter
G1 Z162.518 X200.530 Y84.966 E46.31810 ; perimeter
G1 Z162.530 X205.449 Y85.613 E26.85043 ; perimeter
G1 Z162.543 X210.369 Y86.525 E27.08006 ; perimeter
G1 Z162.555 X215.234 Y87.693 E27.07713 ; perimeter
G1 Z162.567 X219.993 Y89.103 E26.86182 ; perimeter
G1 Z162.588 X227.875 Y92.050 E45.54066 ; perimeter
G1 Z162.601 X232.393 Y94.109 E26.87046 ; perimeter
G1 Z162.613 X236.671 Y96.333 E26.09366 ; perimeter
G1 Z162.634 X243.972 Y100.798 E46.31540 ; perimeter
G1 Z162.647 X248.011 Y103.680 E26.85288 ; perimeter
G1 Z162.659 X251.927 Y106.794 E27.07681 ; perimeter
G1 Z162.672 X255.674 Y110.109 E27.07526 ; perimeter
G1 Z162.684 X259.214 Y113.589 E26.86512 ; perimeter
G1 Z162.705 X264.791 Y119.891 E45.54304 ; perimeter
G1 Z162.718 X267.812 Y123.829 E26.86085 ; perimeter
G1 Z162.730 X270.646 Y127.952 E27.07614 ; perimeter
G1 Z162.743 X273.260 Y132.218 E27.07664 ; perimeter
G1 Z162.755 X275.648 Y136.615 E27.07906 ; perimeter
G1 Z162.768 X277.801 Y141.131 E27.07555 ; perimeter
G1 Z162.780 X279.701 Y145.717 E26.86473 ; perimeter
G1 Z162.801 X282.371 Y153.697 E45.54020 ; perimeter
G1 Z162.813 X283.614 Y158.503 E26.86543 ; perimeter
G1 Z162.826 X284.611 Y163.406 E27.07758 ; perimeter
G1 Z162.838 X285.351 Y168.354 E27.07590 ; perimeter
G1 Z162.851 X285.827 Y173.295 E26.86400 ; perimeter
G1 Z162.872 X286.047 Y181.707 E45.54047 ; perimeter
G1 Z162.884 X285.830 Y186.666 E26.86330 ; perimeter
G1 Z162.897 X285.355 Y191.607 E26.86348 ; perimeter
G1 Z162.918 X283.972 Y199.868 E45.32990 ; perimeter
G1 Z162.938 X281.875 Y207.977 E45.32876 ; perimeter
G1 Z162.951 X280.300 Y212.685 E26.86718 ; perimeter
G1 Z162.963 X278.466 Y217.340 E27.07713 ; perimeter
G1 Z162.976 X276.392 Y221.892 E27.07150 ; perimeter
G1 Z162.988 X274.100 Y226.295 E26.86386 ; perimeter
G1 Z163.009 X269.703 Y233.470 E45.54172 ; perimeter
G1 Z163.022 X266.820 Y237.511 E26.86478 ; perimeter
G1 Z163.034 X263.706 Y241.427 E27.07677 ; perimeter
G1 Z163.047 X260.391 Y245.174 E27.07532 ; perimeter
G1 Z163.059 X256.884 Y248.742 E27.07556 ; perimeter
G1 Z163.072 X253.195 Y252.123 E27.08108 ; perimeter
G1 Z163.084 X249.365 Y255.280 E26.86148 ; perimeter
G1 Z163.105 X242.514 Y260.167 E45.54337 ; perimeter
G1 Z163.118 X238.281 Y262.761 E26.86785 ; perimeter
G1 Z163.130 X234.045 Y265.063 E26.09125 ; perimeter
G1 Z163.151 X226.296 Y268.603 E46.10557 ; perimeter
G1 Z163.172 X218.402 Y271.398 E45.32043 ; perimeter
G1 Z163.184 X213.619 Y272.725 E26.86289 ; perimeter
G1 Z163.197 X208.734 Y273.808 E27.07912 ; perimeter
G1 Z163.209 X203.800 Y274.633 E27.07294 ; perimeter
G1 Z163.222 X198.829 Y275.200 E27.07699 ; perimeter
G1 Z163.234 X193.835 Y275.505 E27.07739 ; perimeter
G1 Z163.247 X188.832 Y275.549 E27.07679 ; perimeter
G1 Z163.259 X183.834 Y275.331 E27.07440 ; perimeter
G1 Z163.272 X178.893 Y274.855 E26.86400 ; perimeter
G1 Z163.293 X170.593 Y273.466 E45.54342 ; perimeter
G1 Z163.305 X165.766 Y272.307 E26.86572 ; perimeter
G1 Z163.317 X161.007 Y270.897 E26.86189 ; perimeter
G1 Z163.338 X153.125 Y267.950 E45.54066 ; perimeter
G1 Z163.351 X148.608 Y265.892 E26.86323 ; perimeter
G1 Z163.363 X144.205 Y263.600 E26.86379 ; perimeter
G1 Z163.384 X137.030 Y259.203 E45.54179 ; perimeter
G1 Z163.397 X132.989 Y256.320 E26.86471 ; perimeter
G1 Z163.409 X129.073 Y253.206 E27.07684 ; perimeter
G1 Z163.422 X125.326 Y249.891 E27.07532 ; perimeter
G1 Z163.434 X121.786 Y246.411 E26.86506 ; perimeter
G1 Z163.455 X116.209 Y240.109 E45.54304 ; perimeter
G1 Z163.468 X113.188 Y236.171 E26.86085 ; perimeter
G1 Z163.480 X110.354 Y232.048 E27.07610 ; perimeter
G1 Z163.493 X107.739 Y227.781 E27.08412 ; perimeter
G1 Z163.500 X106.314 Y225.158 E16.15500 ; perimeter
;LAYER_CHANGE
;Z:165
;HEIGHT:1.5
G1 Z163.500 F960 ; simple layer change
G1 F2400
G1 Z163.505 X105.431 Y223.532 E10.01578 ; perimeter
G1 Z163.526 X101.881 Y215.760 E46.23912 ; perimeter
G1 Z163.538 X100.143 Y211.112 E26.85554 ; perimeter
G1 Z163.551 X98.639 Y206.341 E27.07265 ; perimeter
G1 Z163.563 X97.386 Y201.496 E27.08339 ; perimeter
G1 Z163.575 X96.420 Y196.758 E26.16905 ; perimeter
G1 Z163.597 X95.298 Y188.288 E46.23924 ; perimeter
G1 Z163.609 X94.995 Y183.335 E26.85534 ; perimeter
G1 Z163.622 X94.951 Y178.332 E27.07671 ; perimeter
G1 Z163.634 X95.170 Y173.333 E27.08004 ; perimeter
G1 Z163.646 X95.631 Y168.519 E26.17198 ; perimeter
G1 Z163.668 X97.035 Y160.091 E46.24003 ; perimeter
G1 Z163.680 X98.193 Y155.266 E26.85393 ; perimeter
G1 Z163.692 X99.603 Y150.507 E26.86197 ; perimeter
G1 Z163.713 X102.550 Y142.625 E45.54058 ; perimeter
G1 Z163.726 X104.608 Y138.108 E26.86323 ; perimeter
G1 Z163.738 X106.918 Y133.670 E27.07678 ; perimeter
G1 Z163.751 X109.458 Y129.358 E27.08383 ; perimeter
G1 Z163.763 X112.126 Y125.325 E26.17007 ; perimeter
G1 Z163.784 X117.322 Y118.542 E46.23841 ; perimeter
G1 Z163.797 X120.609 Y114.826 E26.85258 ; perimeter
G1 Z163.809 X124.089 Y111.286 E26.86503 ; perimeter
G1 Z163.830 X130.391 Y105.709 E45.54301 ; perimeter
G1 Z163.843 X134.329 Y102.688 E26.86089 ; perimeter
G1 Z163.855 X138.452 Y99.854 E27.07612 ; perimeter
G1 Z163.868 X142.719 Y97.239 E27.08410 ; perimeter
G1 Z163.880 X146.968 Y94.931 E26.17084 ; perimeter
G1 Z163.901 X154.740 Y91.381 E46.23915 ; perimeter
G1 Z163.913 X159.389 Y89.643 E26.86061 ; perimeter
G1 Z163.925 X164.000 Y88.187 E26.16866 ; perimeter
G1 Z163.947 X172.306 Y86.186 E46.23727 ; perimeter
G1 Z163.959 X177.200 Y85.367 E26.85406 ; perimeter
G1 Z163.972 X182.171 Y84.800 E27.07707 ; perimeter
G1 Z163.984 X187.166 Y84.495 E27.08279 ; perimeter
G1 Z163.996 X192.002 Y84.451 E26.17303 ; perimeter
G1 Z164.018 X200.530 Y84.966 E46.23679 ; perimeter
G1 Z164.030 X205.449 Y85.613 E26.85043 ; perimeter
G1 Z164.043 X210.369 Y86.525 E27.08006 ; perimeter
G1 Z164.055 X215.234 Y87.693 E27.07713 ; perimeter
G1 Z164.067 X219.993 Y89.103 E26.86190 ; perimeter
G1 Z164.088 X227.875 Y92.050 E45.54058 ; perimeter
G1 Z164.101 X232.393 Y94.109 E26.87047 ; perimeter
G1 Z164.113 X236.684 Y96.340 E26.17349 ; perimeter
G1 Z164.134 X243.972 Y100.798 E46.23569 ; perimeter
G1 Z164.147 X248.011 Y103.680 E26.85285 ; perimeter
G1 Z164.159 X251.927 Y106.794 E27.07681 ; perimeter
G1 Z164.172 X255.674 Y110.109 E27.07526 ; perimeter
G1 Z164.184 X259.214 Y113.589 E26.86512 ; perimeter
G1 Z164.205 X264.791 Y119.891 E45.54304 ; perimeter
G1 Z164.218 X267.812 Y123.829 E26.86085 ; perimeter
G1 Z164.230 X270.646 Y127.952 E27.07614 ; perimeter
G1 Z164.243 X273.260 Y132.218 E27.07664 ; perimeter
G1 Z164.255 X275.648 Y136.615 E27.07906 ; perimeter
G1 Z164.268 X277.802 Y141.132 E27.08272 ; perimeter
G1 Z164.280 X279.653 Y145.599 E26.17026 ; perimeter
G1 Z164.301 X282.372 Y153.699 E46.23818 ; perimeter
G1 Z164.313 X283.614 Y158.503 E26.85357 ; perimeter
G1 Z164.326 X284.611 Y163.406 E27.07758 ; perimeter
G1 Z164.338 X285.351 Y168.354 E27.07590 ; perimeter
G1 Z164.351 X285.827 Y173.295 E26.86400 ; perimeter
G1 Z164.372 X286.047 Y181.707 E45.54047 ; perimeter
G1 Z164.384 X285.830 Y186.666 E26.86330 ; perimeter
G1 Z164.397 X285.355 Y191.607 E26.86348 ; perimeter
G1 Z164.418 X283.972 Y199.868 E45.32990 ; perimeter
G1 Z164.438 X281.875 Y207.977 E45.32883 ; perimeter
G1 Z164.451 X280.300 Y212.685 E26.86710 ; perimeter
G1 Z164.463 X278.466 Y217.340 E27.07713 ; perimeter
G1 Z164.476 X276.392 Y221.892 E27.07150 ; perimeter
G1 Z164.488 X274.100 Y226.295 E26.86379 ; perimeter
G1 Z164.509 X269.703 Y233.470 E45.54179 ; perimeter
G1 Z164.522 X266.820 Y237.511 E26.86471 ; perimeter
G1 Z164.534 X263.706 Y241.427 E27.07684 ; perimeter
G1 Z164.547 X260.391 Y245.174 E27.07526 ; perimeter
G1 Z164.559 X256.884 Y248.742 E27.07562 ; perimeter
G1 Z164.572 X253.195 Y252.123 E27.08108 ; perimeter
G1 Z164.584 X249.365 Y255.280 E26.86148 ; perimeter
G1 Z164.605 X242.514 Y260.167 E45.54337 ; perimeter
G1 Z164.618 X238.282 Y262.760 E26.86037 ; perimeter
G1 Z164.630 X233.918 Y265.127 E26.86771 ; perimeter
G1 Z164.651 X226.298 Y268.602 E45.32491 ; perimeter
G1 Z164.672 X218.402 Y271.398 E45.33230 ; perimeter
G1 Z164.684 X213.619 Y272.725 E26.86289 ; perimeter
G1 Z164.697 X208.734 Y273.808 E27.07896 ; perimeter
G1 Z164.709 X203.800 Y274.633 E27.07310 ; perimeter
G1 Z164.722 X198.829 Y275.200 E27.07699 ; perimeter
G1 Z164.734 X193.835 Y275.505 E27.07739 ; perimeter
G1 Z164.747 X188.832 Y275.549 E27.07679 ; perimeter
G1 Z164.759 X183.834 Y275.331 E27.07440 ; perimeter
G1 Z164.772 X178.893 Y274.855 E26.86400 ; perimeter
G1 Z164.793 X170.593 Y273.466 E45.54342 ; perimeter
G1 Z164.805 X165.766 Y272.307 E26.86572 ; perimeter
G1 Z164.817 X161.007 Y270.897 E26.86189 ; perimeter
G1 Z164.838 X153.125 Y267.950 E45.54066 ; perimeter
G1 Z164.851 X148.608 Y265.892 E26.86323 ; perimeter
G1 Z164.863 X144.205 Y263.600 E26.86379 ; perimeter
G1 Z164.884 X137.030 Y259.203 E45.54179 ; perimeter
G1 Z164.897 X132.989 Y256.320 E26.86471 ; perimeter
G1 Z164.909 X129.073 Y253.206 E27.07684 ; perimeter
G1 Z164.922 X125.326 Y249.891 E27.07532 ; perimeter
G1 Z164.934 X121.786 Y246.411 E26.86506 ; perimeter
G1 Z164.955 X116.209 Y240.109 E45.54304 ; perimeter
G1 Z164.968 X113.188 Y236.171 E26.86085 ; perimeter
G1 Z164.980 X110.354 Y232.047 E27.08056 ; perimeter
G1 Z164.993 X107.739 Y227.781 E27.07951 ; perimeter
G1 Z165.000 X106.314 Y225.158 E16.15500 ; perimeter
;LAYER_CHANGE
;Z:166.5
;HEIGHT:1.5
G1 Z165.000 F960 ; simple layer change
G1 F2400
G1 Z165.005 X105.424 Y223.519 E10.09566 ; perimeter
G1 Z165.026 X101.881 Y215.760 E46.15940 ; perimeter
G1 Z165.038 X100.143 Y211.112 E26.85562 ; perimeter
G1 Z165.051 X98.639 Y206.341 E27.07265 ; perimeter
G1 Z165.063 X97.386 Y201.496 E27.08324 ; perimeter
G1 Z165.076 X96.418 Y196.743 E26.25167 ; perimeter
G1 Z165.097 X95.298 Y188.288 E46.15655 ; perimeter
G1 Z165.109 X94.995 Y183.335 E26.85525 ; perimeter
G1 Z165.122 X94.951 Y178.332 E27.07679 ; perimeter
G1 Z165.134 X95.170 Y173.333 E27.08004 ; perimeter
G1 Z165.146 X95.633 Y168.505 E26.24843 ; perimeter
G1 Z165.168 X97.035 Y160.092 E46.15815 ; perimeter
G1 Z165.180 X98.193 Y155.266 E26.85928 ; perimeter
G1 Z165.192 X99.571 Y150.615 E26.25438 ; perimeter
G1 Z165.213 X102.551 Y142.623 E46.15662 ; perimeter
G1 Z165.226 X104.608 Y138.108 E26.85345 ; perimeter
G1 Z165.238 X106.918 Y133.670 E27.07678 ; perimeter
G1 Z165.251 X109.458 Y129.358 E27.08381 ; perimeter
G1 Z165.263 X112.135 Y125.313 E26.24771 ; perimeter
G1 Z165.284 X117.321 Y118.543 E46.15622 ; perimeter
G1 Z165.297 X120.609 Y114.826 E26.85700 ; perimeter
G1 Z165.309 X124.089 Y111.286 E26.86512 ; perimeter
G1 Z165.330 X130.391 Y105.709 E45.54304 ; perimeter
G1 Z165.343 X134.329 Y102.688 E26.86085 ; perimeter
G1 Z165.355 X138.452 Y99.854 E27.07612 ; perimeter
G1 Z165.368 X142.719 Y97.239 E27.08410 ; perimeter
G1 Z165.380 X146.981 Y94.924 E26.25075 ; perimeter
G1 Z165.401 X154.740 Y91.381 E46.15942 ; perimeter
G1 Z165.413 X159.388 Y89.643 E26.85556 ; perimeter
G1 Z165.425 X164.014 Y88.183 E26.25381 ; perimeter
G1 Z165.447 X172.306 Y86.186 E46.15732 ; perimeter
G1 Z165.459 X177.200 Y85.367 E26.85415 ; perimeter
G1 Z165.472 X182.171 Y84.800 E27.07707 ; perimeter
G1 Z165.484 X187.166 Y84.495 E27.08279 ; perimeter
G1 Z165.496 X192.016 Y84.452 E26.24861 ; perimeter
G1 Z165.518 X200.530 Y84.966 E46.16112 ; perimeter
G1 Z165.530 X205.449 Y85.613 E26.85035 ; perimeter
G1 Z165.543 X210.369 Y86.525 E27.08014 ; perimeter
G1 Z165.555 X215.234 Y87.693 E27.07715 ; perimeter
G1 Z165.567 X219.993 Y89.103 E26.86188 ; perimeter
G1 Z165.588 X227.875 Y92.050 E45.54066 ; perimeter
G1 Z165.601 X232.393 Y94.109 E26.87034 ; perimeter
G1 Z165.613 X236.696 Y96.347 E26.24869 ; perimeter
G1 Z165.634 X243.972 Y100.798 E46.16068 ; perimeter
G1 Z165.647 X248.011 Y103.680 E26.85274 ; perimeter
G1 Z165.659 X251.927 Y106.794 E27.07677 ; perimeter
G1 Z165.672 X255.674 Y110.109 E27.07526 ; perimeter
G1 Z165.684 X259.214 Y113.589 E26.86512 ; perimeter
G1 Z165.705 X264.791 Y119.891 E45.54318 ; perimeter
G1 Z165.718 X267.812 Y123.829 E26.86069 ; perimeter
G1 Z165.730 X270.646 Y127.952 E27.07614 ; perimeter
G1 Z165.743 X273.260 Y132.218 E27.07668 ; perimeter
G1 Z165.755 X275.648 Y136.615 E27.07906 ; perimeter
G1 Z165.768 X277.801 Y141.131 E27.07552 ; perimeter
G1 Z165.780 X279.698 Y145.718 E26.86367 ; perimeter
G1 Z165.801 X282.371 Y153.697 E45.54012 ; perimeter
G1 Z165.813 X283.614 Y158.503 E26.86546 ; perimeter
G1 Z165.826 X284.611 Y163.406 E27.07758 ; perimeter
G1 Z165.838 X285.351 Y168.354 E27.07590 ; perimeter
G1 Z165.851 X285.827 Y173.295 E26.86400 ; perimeter
G1 Z165.872 X286.047 Y181.707 E45.54047 ; perimeter
G1 Z165.884 X285.830 Y186.666 E26.86330 ; perimeter
G1 Z165.897 X285.355 Y191.607 E26.86348 ; perimeter
G1 Z165.918 X283.972 Y199.868 E45.32990 ; perimeter
G1 Z165.938 X281.875 Y207.977 E45.32868 ; perimeter
G1 Z165.951 X280.300 Y212.685 E26.86726 ; perimeter
G1 Z165.963 X278.466 Y217.340 E27.07713 ; perimeter
G1 Z165.976 X276.391 Y221.893 E27.07870 ; perimeter
G1 Z165.988 X274.153 Y226.196 E26.24886 ; perimeter
G1 Z166.009 X269.702 Y233.472 E46.16025 ; perimeter
G1 Z166.022 X266.820 Y237.511 E26.85281 ; perimeter
G1 Z166.034 X263.706 Y241.427 E27.07684 ; perimeter
G1 Z166.047 X260.391 Y245.174 E27.07526 ; perimeter
G1 Z166.059 X256.884 Y248.742 E27.07562 ; perimeter
G1 Z166.072 X253.195 Y252.123 E27.08108 ; perimeter
G1 Z166.084 X249.365 Y255.280 E26.86148 ; perimeter
G1 Z166.105 X242.514 Y260.167 E45.54337 ; perimeter
G1 Z166.118 X238.282 Y262.760 E26.86041 ; perimeter
G1 Z166.130 X233.919 Y265.129 E26.86829 ; perimeter
G1 Z166.151 X226.298 Y268.602 E45.32491 ; perimeter
G1 Z166.172 X218.402 Y271.398 E45.33236 ; perimeter
G1 Z166.184 X213.619 Y272.725 E26.86289 ; perimeter
G1 Z166.197 X208.734 Y273.808 E27.07912 ; perimeter
G1 Z166.209 X203.800 Y274.633 E27.07294 ; perimeter
G1 Z166.222 X198.829 Y275.200 E27.07699 ; perimeter
G1 Z166.234 X193.835 Y275.505 E27.07739 ; perimeter
G1 Z166.247 X188.832 Y275.549 E27.07679 ; perimeter
G1 Z166.259 X183.834 Y275.331 E27.07440 ; perimeter
G1 Z166.272 X178.893 Y274.855 E26.86400 ; perimeter
G1 Z166.293 X170.593 Y273.466 E45.54342 ; perimeter
G1 Z166.305 X165.766 Y272.307 E26.86572 ; perimeter
G1 Z166.317 X161.007 Y270.897 E26.86189 ; perimeter
G1 Z166.338 X153.125 Y267.950 E45.54066 ; perimeter
G1 Z166.351 X148.608 Y265.892 E26.86323 ; perimeter
G1 Z166.363 X144.205 Y263.600 E26.86379 ; perimeter
G1 Z166.384 X137.030 Y259.203 E45.54179 ; perimeter
G1 Z166.397 X132.989 Y256.320 E26.86471 ; perimeter
G1 Z166.409 X129.073 Y253.206 E27.07684 ; perimeter
G1 Z166.422 X125.326 Y249.891 E27.07532 ; perimeter
G1 Z166.434 X121.786 Y246.411 E26.86506 ; perimeter
G1 Z166.455 X116.209 Y240.109 E45.54304 ; perimeter
G1 Z166.468 X113.188 Y236.171 E26.86085 ; perimeter
G1 Z166.480 X110.354 Y232.048 E27.07608 ; perimeter
G1 Z166.493 X107.739 Y227.781 E27.08414 ; perimeter
G1 Z166.500 X106.314 Y225.158 E16.15500 ; perimeter
;LAYER_CHANGE
;Z:168
;HEIGHT:1.5
G1 Z166.500 F960 ; simple layer change
G1 F2400
G1 Z166.505 X105.417 Y223.506 E10.17339 ; perimeter
G1 Z166.526 X101.881 Y215.761 E46.07683 ; perimeter
G1 Z166.538 X100.143 Y211.112 E26.86056 ; perimeter
G1 Z166.551 X98.639 Y206.341 E27.07274 ; perimeter
G1 Z166.563 X97.386 Y201.496 E27.08331 ; perimeter
G1 Z166.576 X96.415 Y196.729 E26.32895 ; perimeter
G1 Z166.597 X95.298 Y188.288 E46.07940 ; perimeter
G1 Z166.609 X94.995 Y183.335 E26.85525 ; perimeter
G1 Z166.622 X94.951 Y178.332 E27.07679 ; perimeter
G1 Z166.634 X95.170 Y173.333 E27.08004 ; perimeter
G1 Z166.646 X95.635 Y168.490 E26.32938 ; perimeter
G1 Z166.668 X97.035 Y160.092 E46.07636 ; perimeter
G1 Z166.680 X98.193 Y155.266 E26.86007 ; perimeter
G1 Z166.692 X99.608 Y150.509 E26.86008 ; perimeter
G1 Z166.713 X102.549 Y142.625 E45.54060 ; perimeter
G1 Z166.726 X104.608 Y138.108 E26.86352 ; perimeter
G1 Z166.738 X106.918 Y133.670 E27.07678 ; perimeter
G1 Z166.751 X109.458 Y129.359 E27.07923 ; perimeter
G1 Z166.763 X112.143 Y125.301 E26.33030 ; perimeter
G1 Z166.784 X117.321 Y118.543 E46.07832 ; perimeter
G1 Z166.797 X120.609 Y114.826 E26.85693 ; perimeter
G1 Z166.809 X124.089 Y111.286 E26.86503 ; perimeter
G1 Z166.830 X130.391 Y105.709 E45.54304 ; perimeter
G1 Z166.843 X134.329 Y102.688 E26.86085 ; perimeter
G1 Z166.855 X138.452 Y99.854 E27.07610 ; perimeter
G1 Z166.868 X142.719 Y97.239 E27.08412 ; perimeter
G1 Z166.880 X146.994 Y94.917 E26.32836 ; perimeter
G1 Z166.901 X154.739 Y91.381 E46.07696 ; perimeter
G1 Z166.913 X159.388 Y89.643 E26.86051 ; perimeter
G1 Z166.926 X164.028 Y88.178 E26.33298 ; perimeter
G1 Z166.947 X172.306 Y86.186 E46.07853 ; perimeter
G1 Z166.959 X177.200 Y85.367 E26.85416 ; perimeter
G1 Z166.972 X182.171 Y84.800 E27.07707 ; perimeter
G1 Z166.984 X187.166 Y84.495 E27.08279 ; perimeter
G1 Z166.996 X192.030 Y84.452 E26.32429 ; perimeter
G1 Z167.018 X200.529 Y84.966 E46.08016 ; perimeter
G1 Z167.030 X205.449 Y85.613 E26.85573 ; perimeter
G1 Z167.043 X210.369 Y86.525 E27.08006 ; perimeter
G1 Z167.055 X215.234 Y87.693 E27.07714 ; perimeter
G1 Z167.067 X219.993 Y89.103 E26.86189 ; perimeter
G1 Z167.088 X227.875 Y92.050 E45.54066 ; perimeter
G1 Z167.101 X232.392 Y94.108 E26.86325 ; perimeter
G1 Z167.113 X236.793 Y96.403 E26.86221 ; perimeter
G1 Z167.134 X243.970 Y100.797 E45.54187 ; perimeter
G1 Z167.147 X248.011 Y103.680 E26.86479 ; perimeter
G1 Z167.159 X251.927 Y106.794 E27.07677 ; perimeter
G1 Z167.172 X255.674 Y110.109 E27.07535 ; perimeter
G1 Z167.184 X259.214 Y113.589 E26.86503 ; perimeter
G1 Z167.205 X264.791 Y119.891 E45.54304 ; perimeter
G1 Z167.218 X267.812 Y123.829 E26.86085 ; perimeter
G1 Z167.230 X270.646 Y127.952 E27.07610 ; perimeter
G1 Z167.243 X273.260 Y132.218 E27.07668 ; perimeter
G1 Z167.255 X275.648 Y136.615 E27.07906 ; perimeter
G1 Z167.268 X277.802 Y141.132 E27.08272 ; perimeter
G1 Z167.280 X279.664 Y145.626 E26.32815 ; perimeter
G1 Z167.301 X282.372 Y153.699 E46.08065 ; perimeter
G1 Z167.313 X283.614 Y158.503 E26.85357 ; perimeter
G1 Z167.326 X284.611 Y163.406 E27.07758 ; perimeter
G1 Z167.338 X285.351 Y168.354 E27.07590 ; perimeter
G1 Z167.351 X285.827 Y173.295 E26.86400 ; perimeter
G1 Z167.372 X286.047 Y181.707 E45.54047 ; perimeter
G1 Z167.384 X285.830 Y186.666 E26.86330 ; perimeter
G1 Z167.397 X285.355 Y191.607 E26.86348 ; perimeter
G1 Z167.418 X283.972 Y199.868 E45.32990 ; perimeter
G1 Z167.438 X281.875 Y207.977 E45.32868 ; perimeter
G1 Z167.451 X280.300 Y212.685 E26.86726 ; perimeter
G1 Z167.463 X278.466 Y217.340 E27.07713 ; perimeter
G1 Z167.476 X276.392 Y221.892 E27.07147 ; perimeter
G1 Z167.488 X274.098 Y226.294 E26.86293 ; perimeter
G1 Z167.509 X269.703 Y233.470 E45.54178 ; perimeter
G1 Z167.522 X266.820 Y237.511 E26.86470 ; perimeter
G1 Z167.534 X263.706 Y241.427 E27.07690 ; perimeter
G1 Z167.547 X260.391 Y245.174 E27.07532 ; perimeter
G1 Z167.559 X256.884 Y248.742 E27.07556 ; perimeter
G1 Z167.572 X253.195 Y252.123 E27.08108 ; perimeter
G1 Z167.584 X249.365 Y255.280 E26.86161 ; perimeter
G1 Z167.605 X242.514 Y260.167 E45.54324 ; perimeter
G1 Z167.618 X238.281 Y262.761 E26.86787 ; perimeter
G1 Z167.630 X234.006 Y265.083 E26.32829 ; perimeter
G1 Z167.651 X226.296 Y268.603 E45.86865 ; perimeter
G1 Z167.672 X218.402 Y271.398 E45.32030 ; perimeter
G1 Z167.684 X213.619 Y272.725 E26.86297 ; perimeter
G1 Z167.697 X208.734 Y273.808 E27.07896 ; perimeter
G1 Z167.709 X203.800 Y274.633 E27.07302 ; perimeter
G1 Z167.722 X198.829 Y275.200 E27.07699 ; perimeter
G1 Z167.734 X193.835 Y275.505 E27.07747 ; perimeter
G1 Z167.747 X188.832 Y275.549 E27.07671 ; perimeter
G1 Z167.759 X183.834 Y275.331 E27.07448 ; perimeter
G1 Z167.772 X178.893 Y274.855 E26.86392 ; perimeter
G1 Z167.793 X170.593 Y273.466 E45.54342 ; perimeter
G1 Z167.805 X165.766 Y272.307 E26.86572 ; perimeter
G1 Z167.817 X161.007 Y270.897 E26.86189 ; perimeter
G1 Z167.838 X153.125 Y267.950 E45.54066 ; perimeter
G1 Z167.851 X148.608 Y265.892 E26.86323 ; perimeter
G1 Z167.863 X144.205 Y263.600 E26.86379 ; perimeter
G1 Z167.884 X137.030 Y259.203 E45.54179 ; perimeter
G1 Z167.897 X132.989 Y256.320 E26.86471 ; perimeter
G1 Z167.909 X129.073 Y253.206 E27.07684 ; perimeter
G1 Z167.922 X125.326 Y249.891 E27.07532 ; perimeter
G1 Z167.934 X121.786 Y246.411 E26.86506 ; perimeter
G1 Z167.955 X116.209 Y240.109 E45.54304 ; perimeter
G1 Z167.968 X113.188 Y236.171 E26.86085 ; perimeter
G1 Z167.980 X110.354 Y232.048 E27.07610 ; perimeter
G1 Z167.993 X107.739 Y227.781 E27.08412 ; perimeter
G1 Z168.000 X106.314 Y225.158 E16.15500 ; perimeter
;LAYER_CHANGE
;Z:169.5
;HEIGHT:1.5
G1 Z168.000 F960 ; simple layer change
G1 F2400
G1 Z168.005 X105.411 Y223.493 E10.25301 ; perimeter
G1 Z168.026 X101.881 Y215.761 E45.99716 ; perimeter
G1 Z168.038 X100.143 Y211.112 E26.86061 ; perimeter
G1 Z168.051 X98.639 Y206.341 E27.07274 ; perimeter
G1 Z168.063 X97.386 Y201.496 E27.08331 ; perimeter
G1 Z168.076 X96.412 Y196.715 E26.40570 ; perimeter
G1 Z168.097 X95.298 Y188.289 E45.99749 ; perimeter
G1 Z168.109 X94.995 Y183.335 E26.86062 ; perimeter
G1 Z168.122 X94.951 Y178.332 E27.07679 ; perimeter
G1 Z168.134 X95.170 Y173.333 E27.08004 ; perimeter
G1 Z168.146 X95.636 Y168.476 E26.40613 ; perimeter
G1 Z168.168 X97.034 Y160.092 E45.99990 ; perimeter
G1 Z168.180 X98.193 Y155.266 E26.86053 ; perimeter
G1 Z168.192 X99.579 Y150.587 E26.40827 ; perimeter
G1 Z168.213 X102.550 Y142.624 E45.99811 ; perimeter
G1 Z168.226 X104.608 Y138.108 E26.85831 ; perimeter
G1 Z168.238 X106.918 Y133.670 E27.07678 ; perimeter
G1 Z168.251 X109.458 Y129.359 E27.07917 ; perimeter
G1 Z168.263 X112.151 Y125.289 E26.40826 ; perimeter
G1 Z168.284 X117.321 Y118.543 E46.00047 ; perimeter
G1 Z168.297 X120.609 Y114.826 E26.85690 ; perimeter
G1 Z168.309 X124.089 Y111.286 E26.86506 ; perimeter
G1 Z168.330 X130.391 Y105.709 E45.54301 ; perimeter
G1 Z168.343 X134.329 Y102.688 E26.86087 ; perimeter
G1 Z168.355 X138.452 Y99.854 E27.07610 ; perimeter
G1 Z168.368 X142.719 Y97.239 E27.08412 ; perimeter
G1 Z168.380 X147.007 Y94.911 E26.40800 ; perimeter
G1 Z168.401 X154.739 Y91.381 E45.99726 ; perimeter
G1 Z168.413 X159.388 Y89.643 E26.86061 ; perimeter
G1 Z168.426 X164.042 Y88.174 E26.41167 ; perimeter
G1 Z168.447 X172.306 Y86.186 E45.99989 ; perimeter
G1 Z168.459 X177.200 Y85.367 E26.85423 ; perimeter
G1 Z168.472 X182.171 Y84.800 E27.07691 ; perimeter
G1 Z168.484 X187.166 Y84.495 E27.08279 ; perimeter
G1 Z168.496 X192.045 Y84.452 E26.40554 ; perimeter
G1 Z168.518 X200.529 Y84.966 E45.99904 ; perimeter
G1 Z168.530 X205.449 Y85.613 E26.85579 ; perimeter
G1 Z168.543 X210.369 Y86.525 E27.08013 ; perimeter
G1 Z168.555 X215.234 Y87.693 E27.07715 ; perimeter
G1 Z168.567 X219.993 Y89.103 E26.86173 ; perimeter
G1 Z168.588 X227.875 Y92.050 E45.54074 ; perimeter
G1 Z168.601 X232.393 Y94.109 E26.87050 ; perimeter
G1 Z168.613 X236.722 Y96.361 E26.40605 ; perimeter
G1 Z168.634 X243.971 Y100.798 E45.99891 ; perimeter
G1 Z168.647 X248.011 Y103.680 E26.85719 ; perimeter
G1 Z168.659 X251.927 Y106.794 E27.07668 ; perimeter
G1 Z168.672 X255.674 Y110.109 E27.07532 ; perimeter
G1 Z168.684 X259.214 Y113.589 E26.86515 ; perimeter
G1 Z168.705 X264.791 Y119.891 E45.54304 ; perimeter
G1 Z168.718 X267.812 Y123.829 E26.86085 ; perimeter
G1 Z168.730 X270.646 Y127.952 E27.07607 ; perimeter
G1 Z168.743 X273.260 Y132.218 E27.07672 ; perimeter
G1 Z168.755 X275.648 Y136.615 E27.07906 ; perimeter
G1 Z168.768 X277.802 Y141.131 E27.07790 ; perimeter
G1 Z168.780 X279.670 Y145.639 E26.40827 ; perimeter
G1 Z168.801 X282.371 Y153.698 E45.99890 ; perimeter
G1 Z168.813 X283.614 Y158.503 E26.86030 ; perimeter
G1 Z168.826 X284.611 Y163.406 E27.07758 ; perimeter
G1 Z168.838 X285.351 Y168.354 E27.07590 ; perimeter
G1 Z168.851 X285.827 Y173.295 E26.86400 ; perimeter
G1 Z168.872 X286.047 Y181.707 E45.54047 ; perimeter
G1 Z168.884 X285.830 Y186.666 E26.86330 ; perimeter
G1 Z168.897 X285.355 Y191.607 E26.86348 ; perimeter
G1 Z168.918 X283.972 Y199.868 E45.32990 ; perimeter
G1 Z168.938 X281.875 Y207.977 E45.32868 ; perimeter
G1 Z168.951 X280.300 Y212.685 E26.86726 ; perimeter
G1 Z168.963 X278.466 Y217.340 E27.07713 ; perimeter
G1 Z168.976 X276.392 Y221.892 E27.07150 ; perimeter
G1 Z168.988 X274.100 Y226.295 E26.86372 ; perimeter
G1 Z169.009 X269.703 Y233.470 E45.54187 ; perimeter
G1 Z169.022 X266.820 Y237.511 E26.86478 ; perimeter
G1 Z169.034 X263.706 Y241.427 E27.07677 ; perimeter
G1 Z169.047 X260.391 Y245.174 E27.07532 ; perimeter
G1 Z169.059 X256.884 Y248.743 E27.07941 ; perimeter
G1 Z169.072 X253.195 Y252.123 E27.07737 ; perimeter
G1 Z169.084 X249.365 Y255.280 E26.86161 ; perimeter
G1 Z169.105 X242.514 Y260.167 E45.54324 ; perimeter
G1 Z169.118 X238.282 Y262.760 E26.86037 ; perimeter
G1 Z169.130 X233.918 Y265.128 E26.86780 ; perimeter
G1 Z169.151 X226.262 Y268.617 E45.53781 ; perimeter
G1 Z169.163 X221.605 Y270.338 E26.86595 ; perimeter
G1 Z169.176 X216.839 Y271.855 E27.06781 ; perimeter
G1 Z169.188 X211.995 Y273.108 E27.08161 ; perimeter
G1 Z169.201 X207.214 Y274.083 E26.40425 ; perimeter
G1 Z169.222 X198.789 Y275.202 E45.99662 ; perimeter
G1 Z169.234 X193.835 Y275.505 E26.86063 ; perimeter
G1 Z169.247 X188.832 Y275.549 E27.07679 ; perimeter
G1 Z169.259 X183.834 Y275.331 E27.07440 ; perimeter
G1 Z169.272 X178.893 Y274.855 E26.86400 ; perimeter
G1 Z169.293 X170.593 Y273.466 E45.54342 ; perimeter
G1 Z169.305 X165.766 Y272.307 E26.86572 ; perimeter
G1 Z169.317 X161.007 Y270.897 E26.86189 ; perimeter
G1 Z169.338 X153.125 Y267.950 E45.54066 ; perimeter
G1 Z169.351 X148.608 Y265.892 E26.86323 ; perimeter
G1 Z169.363 X144.205 Y263.600 E26.86379 ; perimeter
G1 Z169.384 X137.030 Y259.203 E45.54179 ; perimeter
G1 Z169.397 X132.989 Y256.320 E26.86471 ; perimeter
G1 Z169.409 X129.073 Y253.206 E27.07684 ; perimeter
G1 Z169.422 X125.326 Y249.891 E27.07532 ; perimeter
G1 Z169.434 X121.786 Y246.411 E26.86506 ; perimeter
G1 Z169.455 X116.209 Y240.109 E45.54304 ; perimeter
G1 Z169.468 X113.188 Y236.171 E26.86085 ; perimeter
G1 Z169.480 X110.354 Y232.048 E27.07610 ; perimeter
G1 Z169.493 X107.739 Y227.781 E27.08412 ; perimeter
G1 Z169.500 X106.314 Y225.158 E16.15500 ; perimeter
;LAYER_CHANGE
;Z:171
;HEIGHT:1.5
G1 Z169.500 F960 ; simple layer change
G1 F2400
G1 Z169.505 X105.404 Y223.480 E10.32795 ; perimeter
G1 Z169.526 X101.881 Y215.761 E45.92240 ; perimeter
G1 Z169.538 X100.143 Y211.112 E26.86061 ; perimeter
G1 Z169.551 X98.639 Y206.341 E27.07273 ; perimeter
G1 Z169.563 X97.386 Y201.497 E27.07809 ; perimeter
G1 Z169.576 X96.410 Y196.701 E26.48804 ; perimeter
G1 Z169.597 X95.298 Y188.289 E45.92027 ; perimeter
G1 Z169.609 X94.995 Y183.335 E26.86066 ; perimeter
G1 Z169.622 X94.951 Y178.332 E27.07679 ; perimeter
G1 Z169.634 X95.170 Y173.333 E27.08004 ; perimeter
G1 Z169.646 X95.638 Y168.462 E26.48178 ; perimeter
G1 Z169.668 X97.034 Y160.092 E45.92422 ; perimeter
G1 Z169.680 X98.193 Y155.266 E26.86053 ; perimeter
G1 Z169.692 X99.583 Y150.573 E26.48668 ; perimeter
G1 Z169.713 X102.550 Y142.624 E45.92009 ; perimeter
G1 Z169.726 X104.608 Y138.108 E26.85831 ; perimeter
G1 Z169.738 X106.918 Y133.670 E27.07678 ; perimeter
G1 Z169.751 X109.458 Y129.359 E27.07915 ; perimeter
G1 Z169.763 X112.159 Y125.277 E26.48636 ; perimeter
G1 Z169.784 X117.321 Y118.543 E45.92257 ; perimeter
G1 Z169.797 X120.609 Y114.826 E26.85693 ; perimeter
G1 Z169.809 X124.089 Y111.286 E26.86500 ; perimeter
G1 Z169.830 X130.391 Y105.709 E45.54310 ; perimeter
G1 Z169.843 X134.329 Y102.688 E26.86078 ; perimeter
G1 Z169.855 X138.452 Y99.854 E27.07612 ; perimeter
G1 Z169.868 X142.719 Y97.239 E27.08412 ; perimeter
G1 Z169.880 X147.019 Y94.904 E26.48305 ; perimeter
G1 Z169.901 X154.739 Y91.381 E45.92244 ; perimeter
G1 Z169.913 X159.388 Y89.643 E26.86061 ; perimeter
G1 Z169.926 X164.055 Y88.171 E26.48524 ; perimeter
G1 Z169.947 X172.305 Y86.186 E45.92117 ; perimeter
G1 Z169.959 X177.200 Y85.367 E26.85939 ; perimeter
G1 Z169.972 X182.171 Y84.800 E27.07691 ; perimeter
G1 Z169.984 X187.165 Y84.495 E27.07738 ; perimeter
G1 Z169.996 X192.059 Y84.452 E26.48680 ; perimeter
G1 Z170.018 X200.529 Y84.966 E45.92306 ; perimeter
G1 Z170.030 X205.449 Y85.613 E26.85628 ; perimeter
G1 Z170.043 X210.369 Y86.525 E27.08014 ; perimeter
G1 Z170.055 X215.234 Y87.693 E27.07706 ; perimeter
G1 Z170.067 X219.993 Y89.103 E26.86181 ; perimeter
G1 Z170.088 X227.875 Y92.050 E45.54074 ; perimeter
G1 Z170.101 X232.392 Y94.108 E26.86325 ; perimeter
G1 Z170.113 X236.794 Y96.402 E26.86281 ; perimeter
G1 Z170.134 X243.970 Y100.797 E45.54182 ; perimeter
G1 Z170.147 X248.011 Y103.680 E26.86468 ; perimeter
G1 Z170.159 X251.927 Y106.794 E27.07675 ; perimeter
G1 Z170.172 X255.674 Y110.109 E27.07526 ; perimeter
G1 Z170.184 X259.214 Y113.589 E26.86512 ; perimeter
G1 Z170.205 X264.791 Y119.891 E45.54304 ; perimeter
G1 Z170.218 X267.812 Y123.829 E26.86082 ; perimeter
G1 Z170.230 X270.646 Y127.952 E27.07614 ; perimeter
G1 Z170.243 X273.260 Y132.218 E27.07661 ; perimeter
G1 Z170.255 X275.648 Y136.615 E27.07913 ; perimeter
G1 Z170.268 X277.801 Y141.131 E27.07550 ; perimeter
G1 Z170.280 X279.699 Y145.718 E26.86405 ; perimeter
G1 Z170.301 X282.371 Y153.697 E45.54019 ; perimeter
G1 Z170.313 X283.614 Y158.503 E26.86540 ; perimeter
G1 Z170.326 X284.611 Y163.406 E27.07758 ; perimeter
G1 Z170.338 X285.351 Y168.354 E27.07590 ; perimeter
G1 Z170.351 X285.827 Y173.295 E26.86400 ; perimeter
G1 Z170.372 X286.047 Y181.707 E45.54047 ; perimeter
G1 Z170.384 X285.830 Y186.666 E26.86330 ; perimeter
G1 Z170.397 X285.355 Y191.607 E26.86348 ; perimeter
G1 Z170.418 X283.972 Y199.868 E45.32990 ; perimeter
G1 Z170.438 X281.875 Y207.977 E45.32883 ; perimeter
G1 Z170.451 X280.300 Y212.685 E26.86710 ; perimeter
G1 Z170.463 X278.466 Y217.340 E27.07713 ; perimeter
G1 Z170.476 X276.391 Y221.893 E27.07870 ; perimeter
G1 Z170.488 X274.133 Y226.234 E26.48124 ; perimeter
G1 Z170.509 X269.702 Y233.471 E45.92389 ; perimeter
G1 Z170.522 X266.820 Y237.511 E26.85709 ; perimeter
G1 Z170.534 X263.706 Y241.427 E27.07690 ; perimeter
G1 Z170.547 X260.391 Y245.174 E27.07532 ; perimeter
G1 Z170.559 X256.884 Y248.742 E27.07551 ; perimeter
G1 Z170.572 X253.195 Y252.123 E27.08118 ; perimeter
G1 Z170.584 X249.365 Y255.280 E26.86161 ; perimeter
G1 Z170.605 X242.514 Y260.167 E45.54324 ; perimeter
G1 Z170.618 X238.281 Y262.761 E26.86780 ; perimeter
G1 Z170.630 X233.981 Y265.097 E26.48347 ; perimeter
G1 Z170.651 X226.297 Y268.602 E45.70684 ; perimeter
G1 Z170.672 X218.400 Y271.392 E45.32606 ; perimeter
G1 Z170.684 X213.617 Y272.719 E26.86122 ; perimeter
G1 Z170.697 X208.733 Y273.802 E27.07737 ; perimeter
G1 Z170.709 X203.798 Y274.615 E27.06864 ; perimeter
G1 Z170.722 X198.829 Y275.199 E27.07540 ; perimeter
G1 Z170.734 X193.835 Y275.505 E27.07718 ; perimeter
G1 Z170.747 X188.832 Y275.549 E27.07679 ; perimeter
G1 Z170.759 X183.834 Y275.331 E27.07440 ; perimeter
G1 Z170.772 X178.893 Y274.855 E26.86400 ; perimeter
G1 Z170.793 X170.593 Y273.466 E45.54342 ; perimeter
G1 Z170.805 X165.766 Y272.307 E26.86572 ; perimeter
G1 Z170.817 X161.007 Y270.897 E26.86189 ; perimeter
G1 Z170.838 X153.125 Y267.950 E45.54066 ; perimeter
G1 Z170.851 X148.608 Y265.892 E26.86323 ; perimeter
G1 Z170.863 X144.205 Y263.600 E26.86379 ; perimeter
G1 Z170.884 X137.030 Y259.203 E45.54179 ; perimeter
G1 Z170.897 X132.989 Y256.320 E26.86471 ; perimeter
G1 Z170.909 X129.073 Y253.206 E27.07684 ; perimeter
G1 Z170.922 X125.326 Y249.891 E27.07532 ; perimeter
G1 Z170.934 X121.786 Y246.411 E26.86506 ; perimeter
G1 Z170.955 X116.209 Y240.109 E45.54304 ; perimeter
G1 Z170.968 X113.188 Y236.171 E26.86085 ; perimeter
G1 Z170.980 X110.354 Y232.048 E27.07610 ; perimeter
G1 Z170.993 X107.739 Y227.781 E27.08412 ; perimeter
G1 Z171.000 X106.314 Y225.158 E16.15500 ; perimeter
;LAYER_CHANGE
;Z:172.5
;HEIGHT:1.5
G1 Z171.000 F960 ; simple layer change
G1 F2400
G1 Z171.005 X105.397 Y223.468 E10.41053 ; perimeter
G1 Z171.026 X101.881 Y215.761 E45.84272 ; perimeter
G1 Z171.038 X100.143 Y211.112 E26.86061 ; perimeter
G1 Z171.051 X98.639 Y206.341 E27.07273 ; perimeter
G1 Z171.063 X97.386 Y201.497 E27.07800 ; perimeter
G1 Z171.076 X96.407 Y196.687 E26.56569 ; perimeter
G1 Z171.097 X95.298 Y188.289 E45.84301 ; perimeter
G1 Z171.109 X94.995 Y183.335 E26.86066 ; perimeter
G1 Z171.122 X94.951 Y178.332 E27.07679 ; perimeter
G1 Z171.134 X95.170 Y173.333 E27.08004 ; perimeter
G1 Z171.146 X95.639 Y168.447 E26.56390 ; perimeter
G1 Z171.168 X97.034 Y160.092 E45.84238 ; perimeter
G1 Z171.180 X98.193 Y155.266 E26.86036 ; perimeter
G1 Z171.192 X99.587 Y150.559 E26.56569 ; perimeter
G1 Z171.213 X102.550 Y142.624 E45.84149 ; perimeter
G1 Z171.226 X104.608 Y138.108 E26.85833 ; perimeter
G1 Z171.238 X106.918 Y133.670 E27.07676 ; perimeter
G1 Z171.251 X109.458 Y129.359 E27.07915 ; perimeter
G1 Z171.263 X112.167 Y125.265 E26.56765 ; perimeter
G1 Z171.284 X117.321 Y118.543 E45.84138 ; perimeter
G1 Z171.297 X120.609 Y114.826 E26.85690 ; perimeter
G1 Z171.309 X124.089 Y111.286 E26.86506 ; perimeter
G1 Z171.330 X130.391 Y105.709 E45.54304 ; perimeter
G1 Z171.343 X134.329 Y102.688 E26.86085 ; perimeter
G1 Z171.355 X138.452 Y99.854 E27.07608 ; perimeter
G1 Z171.368 X142.719 Y97.239 E27.08131 ; perimeter
G1 Z171.380 X147.032 Y94.897 E26.56581 ; perimeter
G1 Z171.401 X154.739 Y91.381 E45.84274 ; perimeter
G1 Z171.413 X159.388 Y89.643 E26.86059 ; perimeter
G1 Z171.426 X164.069 Y88.166 E26.56406 ; perimeter
G1 Z171.447 X172.305 Y86.186 E45.84243 ; perimeter
G1 Z171.459 X177.200 Y85.367 E26.85949 ; perimeter
G1 Z171.472 X182.171 Y84.800 E27.07699 ; perimeter
G1 Z171.484 X187.165 Y84.495 E27.07739 ; perimeter
G1 Z171.496 X192.074 Y84.452 E26.56782 ; perimeter
G1 Z171.518 X200.529 Y84.965 E45.84206 ; perimeter
G1 Z171.530 X205.449 Y85.613 E26.85658 ; perimeter
G1 Z171.543 X210.369 Y86.525 E27.08022 ; perimeter
G1 Z171.555 X215.234 Y87.693 E27.07698 ; perimeter
G1 Z171.567 X219.993 Y89.103 E26.86197 ; perimeter
G1 Z171.588 X227.875 Y92.050 E45.54066 ; perimeter
G1 Z171.601 X232.393 Y94.108 E26.86805 ; perimeter
G1 Z171.613 X236.747 Y96.374 E26.56355 ; perimeter
G1 Z171.634 X243.971 Y100.798 E45.84408 ; perimeter
G1 Z171.647 X248.011 Y103.680 E26.85728 ; perimeter
G1 Z171.659 X251.927 Y106.794 E27.07675 ; perimeter
G1 Z171.672 X255.674 Y110.109 E27.07526 ; perimeter
G1 Z171.684 X259.214 Y113.589 E26.86509 ; perimeter
G1 Z171.705 X264.791 Y119.891 E45.54304 ; perimeter
G1 Z171.718 X267.812 Y123.829 E26.86092 ; perimeter
G1 Z171.730 X270.646 Y127.952 E27.07603 ; perimeter
G1 Z171.743 X273.260 Y132.218 E27.07672 ; perimeter
G1 Z171.755 X275.648 Y136.615 E27.07906 ; perimeter
G1 Z171.768 X277.802 Y141.131 E27.07771 ; perimeter
G1 Z171.780 X279.681 Y145.666 E26.56633 ; perimeter
G1 Z171.801 X282.371 Y153.698 E45.84124 ; perimeter
G1 Z171.813 X283.614 Y158.503 E26.86018 ; perimeter
G1 Z171.826 X284.611 Y163.406 E27.07758 ; perimeter
G1 Z171.838 X285.351 Y168.354 E27.07590 ; perimeter
G1 Z171.851 X285.822 Y173.240 E26.56513 ; perimeter
G1 Z171.872 X286.047 Y181.708 E45.84409 ; perimeter
G1 Z171.884 X285.830 Y186.666 E26.85789 ; perimeter
G1 Z171.897 X285.355 Y191.607 E26.86348 ; perimeter
G1 Z171.918 X283.972 Y199.868 E45.32990 ; perimeter
G1 Z171.938 X281.875 Y207.977 E45.32883 ; perimeter
G1 Z171.951 X280.300 Y212.685 E26.86710 ; perimeter
G1 Z171.963 X278.466 Y217.340 E27.07713 ; perimeter
G1 Z171.976 X276.392 Y221.892 E27.07147 ; perimeter
G1 Z171.988 X274.099 Y226.294 E26.86330 ; perimeter
G1 Z172.009 X269.703 Y233.470 E45.54178 ; perimeter
G1 Z172.022 X266.820 Y237.511 E26.86476 ; perimeter
G1 Z172.034 X263.706 Y241.427 E27.07677 ; perimeter
G1 Z172.047 X260.391 Y245.174 E27.07526 ; perimeter
G1 Z172.059 X256.884 Y248.742 E27.07562 ; perimeter
G1 Z172.072 X253.195 Y252.123 E27.08113 ; perimeter
G1 Z172.084 X249.365 Y255.280 E26.86149 ; perimeter
G1 Z172.105 X242.514 Y260.167 E45.54331 ; perimeter
G1 Z172.118 X238.281 Y262.760 E26.86505 ; perimeter
G1 Z172.130 X233.968 Y265.104 E26.56592 ; perimeter
G1 Z172.151 X226.297 Y268.602 E45.62720 ; perimeter
G1 Z172.172 X218.402 Y271.398 E45.32726 ; perimeter
G1 Z172.184 X213.619 Y272.725 E26.86289 ; perimeter
G1 Z172.197 X208.734 Y273.808 E27.07912 ; perimeter
G1 Z172.209 X203.800 Y274.633 E27.07294 ; perimeter
G1 Z172.222 X198.829 Y275.200 E27.07699 ; perimeter
G1 Z172.234 X193.835 Y275.505 E27.07739 ; perimeter
G1 Z172.247 X188.832 Y275.549 E27.07679 ; perimeter
G1 Z172.259 X183.834 Y275.331 E27.07432 ; perimeter
G1 Z172.272 X178.893 Y274.855 E26.86408 ; perimeter
G1 Z172.293 X170.593 Y273.466 E45.54342 ; perimeter
G1 Z172.305 X165.766 Y272.307 E26.86572 ; perimeter
G1 Z172.317 X161.007 Y270.897 E26.86197 ; perimeter
G1 Z172.338 X153.125 Y267.950 E45.54059 ; perimeter
G1 Z172.351 X148.608 Y265.892 E26.86323 ; perimeter
G1 Z172.363 X144.205 Y263.600 E26.86379 ; perimeter
G1 Z172.384 X137.030 Y259.203 E45.54179 ; perimeter
G1 Z172.397 X132.989 Y256.320 E26.86471 ; perimeter
G1 Z172.409 X129.073 Y253.206 E27.07684 ; perimeter
G1 Z172.422 X125.326 Y249.891 E27.07532 ; perimeter
G1 Z172.434 X121.786 Y246.411 E26.86506 ; perimeter
G1 Z172.455 X116.209 Y240.109 E45.54304 ; perimeter
G1 Z172.468 X113.188 Y236.171 E26.86085 ; perimeter
G1 Z172.480 X110.354 Y232.047 E27.08056 ; perimeter
G1 Z172.493 X107.740 Y227.781 E27.07670 ; perimeter
G1 Z172.500 X106.315 Y225.158 E16.15498 ; perimeter
;LAYER_CHANGE
;Z:174
;HEIGHT:1.5
G1 Z172.500 F960 ; simple layer change
G1 F2400
G1 Z172.505 X105.390 Y223.455 E10.48831 ; perimeter
G1 Z172.526 X101.881 Y215.761 E45.76511 ; perimeter
G1 Z172.538 X100.143 Y211.112 E26.86061 ; perimeter
G1 Z172.551 X98.639 Y206.341 E27.07272 ; perimeter
G1 Z172.563 X97.386 Y201.497 E27.07809 ; perimeter
G1 Z172.576 X96.404 Y196.672 E26.64771 ; perimeter
G1 Z172.597 X95.298 Y188.289 E45.76113 ; perimeter
G1 Z172.609 X94.995 Y183.335 E26.86066 ; perimeter
G1 Z172.622 X94.951 Y178.332 E27.07679 ; perimeter
G1 Z172.634 X95.170 Y173.334 E27.07462 ; perimeter
G1 Z172.647 X95.641 Y168.433 E26.64577 ; perimeter
G1 Z172.668 X97.034 Y160.093 E45.76060 ; perimeter
G1 Z172.680 X98.193 Y155.266 E26.86574 ; perimeter
G1 Z172.692 X99.591 Y150.545 E26.64620 ; perimeter
G1 Z172.713 X102.550 Y142.624 E45.76108 ; perimeter
G1 Z172.726 X104.608 Y138.108 E26.85833 ; perimeter
G1 Z172.738 X106.918 Y133.670 E27.07676 ; perimeter
G1 Z172.751 X109.458 Y129.359 E27.07917 ; perimeter
G1 Z172.763 X112.176 Y125.253 E26.64545 ; perimeter
G1 Z172.784 X117.321 Y118.543 E45.76351 ; perimeter
G1 Z172.797 X120.609 Y114.826 E26.85689 ; perimeter
G1 Z172.809 X124.089 Y111.286 E26.86503 ; perimeter
G1 Z172.830 X130.391 Y105.709 E45.54308 ; perimeter
G1 Z172.843 X134.329 Y102.688 E26.86085 ; perimeter
G1 Z172.855 X138.452 Y99.854 E27.07612 ; perimeter
G1 Z172.868 X142.719 Y97.240 E27.08126 ; perimeter
G1 Z172.880 X147.045 Y94.890 E26.64330 ; perimeter
G1 Z172.901 X154.739 Y91.381 E45.76515 ; perimeter
G1 Z172.913 X159.388 Y89.643 E26.86062 ; perimeter
G1 Z172.926 X164.083 Y88.162 E26.64287 ; perimeter
G1 Z172.947 X172.305 Y86.186 E45.76364 ; perimeter
G1 Z172.959 X177.200 Y85.367 E26.85957 ; perimeter
G1 Z172.972 X182.171 Y84.800 E27.07691 ; perimeter
G1 Z172.984 X187.165 Y84.495 E27.07739 ; perimeter
G1 Z172.997 X192.088 Y84.452 E26.64366 ; perimeter
G1 Z173.018 X200.529 Y84.965 E45.76645 ; perimeter
G1 Z173.030 X205.449 Y85.613 E26.85651 ; perimeter
G1 Z173.043 X210.369 Y86.525 E27.08005 ; perimeter
G1 Z173.055 X215.234 Y87.693 E27.07706 ; perimeter
G1 Z173.067 X219.955 Y89.091 E26.64627 ; perimeter
G1 Z173.088 X227.876 Y92.050 E45.76098 ; perimeter
G1 Z173.101 X232.392 Y94.108 E26.85826 ; perimeter
G1 Z173.113 X236.760 Y96.381 E26.64814 ; perimeter
G1 Z173.134 X243.971 Y100.798 E45.76456 ; perimeter
G1 Z173.147 X248.011 Y103.680 E26.85704 ; perimeter
G1 Z173.159 X251.927 Y106.794 E27.07690 ; perimeter
G1 Z173.172 X255.674 Y110.109 E27.07526 ; perimeter
G1 Z173.184 X259.214 Y113.589 E26.86509 ; perimeter
G1 Z173.205 X264.791 Y119.891 E45.54307 ; perimeter
G1 Z173.218 X267.812 Y123.829 E26.86088 ; perimeter
G1 Z173.230 X270.646 Y127.952 E27.07607 ; perimeter
G1 Z173.243 X273.260 Y132.218 E27.07661 ; perimeter
G1 Z173.255 X275.648 Y136.615 E27.07913 ; perimeter
G1 Z173.268 X277.801 Y141.131 E27.07550 ; perimeter
G1 Z173.280 X279.700 Y145.717 E26.86431 ; perimeter
G1 Z173.301 X282.371 Y153.697 E45.54026 ; perimeter
G1 Z173.313 X283.614 Y158.503 E26.86540 ; perimeter
G1 Z173.326 X284.611 Y163.406 E27.07758 ; perimeter
G1 Z173.338 X285.351 Y168.354 E27.07590 ; perimeter
G1 Z173.351 X285.825 Y173.295 E26.86346 ; perimeter
G1 Z173.372 X286.047 Y181.707 E45.54044 ; perimeter
G1 Z173.384 X285.830 Y186.666 E26.86330 ; perimeter
G1 Z173.397 X285.355 Y191.607 E26.86348 ; perimeter
G1 Z173.418 X283.972 Y199.868 E45.32990 ; perimeter
G1 Z173.438 X281.875 Y207.977 E45.32883 ; perimeter
G1 Z173.451 X280.300 Y212.685 E26.86710 ; perimeter
G1 Z173.463 X278.466 Y217.340 E27.07713 ; perimeter
G1 Z173.476 X276.392 Y221.892 E27.07150 ; perimeter
G1 Z173.488 X274.119 Y226.260 E26.64832 ; perimeter
G1 Z173.509 X269.702 Y233.471 E45.76440 ; perimeter
G1 Z173.522 X266.820 Y237.511 E26.85709 ; perimeter
G1 Z173.534 X263.706 Y241.427 E27.07690 ; perimeter
G1 Z173.547 X260.391 Y245.174 E27.07526 ; perimeter
G1 Z173.559 X256.884 Y248.743 E27.07941 ; perimeter
G1 Z173.572 X253.195 Y252.123 E27.07748 ; perimeter
G1 Z173.584 X249.365 Y255.280 E26.86149 ; perimeter
G1 Z173.605 X242.514 Y260.167 E45.54331 ; perimeter
G1 Z173.618 X238.282 Y262.760 E26.86041 ; perimeter
G1 Z173.630 X233.919 Y265.128 E26.86798 ; perimeter
G1 Z173.651 X226.298 Y268.602 E45.32489 ; perimeter
G1 Z173.672 X218.402 Y271.398 E45.33237 ; perimeter
G1 Z173.684 X213.619 Y272.725 E26.86297 ; perimeter
G1 Z173.697 X208.734 Y273.808 E27.07896 ; perimeter
G1 Z173.709 X203.800 Y274.633 E27.07310 ; perimeter
G1 Z173.722 X198.829 Y275.200 E27.07699 ; perimeter
G1 Z173.734 X193.835 Y275.505 E27.07722 ; perimeter
G1 Z173.747 X188.832 Y275.549 E27.07687 ; perimeter
G1 Z173.759 X183.834 Y275.331 E27.07440 ; perimeter
G1 Z173.772 X178.893 Y274.855 E26.86400 ; perimeter
G1 Z173.793 X170.593 Y273.466 E45.54342 ; perimeter
G1 Z173.805 X165.766 Y272.307 E26.86572 ; perimeter
G1 Z173.817 X161.007 Y270.897 E26.86189 ; perimeter
G1 Z173.838 X153.125 Y267.950 E45.54066 ; perimeter
G1 Z173.851 X148.608 Y265.892 E26.86323 ; perimeter
G1 Z173.863 X144.205 Y263.600 E26.86379 ; perimeter
G1 Z173.884 X137.030 Y259.203 E45.54179 ; perimeter
G1 Z173.897 X132.989 Y256.320 E26.86471 ; perimeter
G1 Z173.909 X129.073 Y253.206 E27.07684 ; perimeter
G1 Z173.922 X125.326 Y249.891 E27.07532 ; perimeter
G1 Z173.934 X121.786 Y246.411 E26.86506 ; perimeter
G1 Z173.955 X116.209 Y240.109 E45.54304 ; perimeter
G1 Z173.968 X113.188 Y236.171 E26.86085 ; perimeter
G1 Z173.980 X110.354 Y232.048 E27.07608 ; perimeter
G1 Z173.993 X107.740 Y227.781 E27.08132 ; perimeter
G1 Z174.000 X106.315 Y225.158 E16.15500 ; perimeter
;LAYER_CHANGE
;Z:175.5
;HEIGHT:1.5
G1 Z174.000 F960 ; simple layer change
G1 F2400
G1 Z174.005 X105.384 Y223.442 E10.56768 ; perimeter
G1 Z174.026 X101.881 Y215.762 E45.68065 ; perimeter
G1 Z174.038 X100.143 Y211.112 E26.86551 ; perimeter
G1 Z174.051 X98.639 Y206.341 E27.07265 ; perimeter
G1 Z174.063 X97.386 Y201.497 E27.07818 ; perimeter
G1 Z174.076 X96.402 Y196.658 E26.72479 ; perimeter
G1 Z174.097 X95.298 Y188.289 E45.68389 ; perimeter
G1 Z174.109 X94.995 Y183.335 E26.86066 ; perimeter
G1 Z174.122 X94.951 Y178.332 E27.07679 ; perimeter
G1 Z174.134 X95.170 Y173.334 E27.07463 ; perimeter
G1 Z174.147 X95.643 Y168.418 E26.72670 ; perimeter
G1 Z174.168 X97.034 Y160.093 E45.67959 ; perimeter
G1 Z174.180 X98.193 Y155.266 E26.86572 ; perimeter
G1 Z174.192 X99.596 Y150.532 E26.71968 ; perimeter
G1 Z174.213 X102.550 Y142.624 E45.68753 ; perimeter
G1 Z174.226 X104.608 Y138.108 E26.85833 ; perimeter
G1 Z174.238 X106.918 Y133.670 E27.07676 ; perimeter
G1 Z174.251 X109.458 Y129.359 E27.07915 ; perimeter
G1 Z174.263 X112.184 Y125.241 E26.72353 ; perimeter
G1 Z174.284 X117.321 Y118.543 E45.68559 ; perimeter
G1 Z174.297 X120.609 Y114.826 E26.85690 ; perimeter
G1 Z174.309 X124.089 Y111.286 E26.86506 ; perimeter
G1 Z174.330 X130.391 Y105.709 E45.54304 ; perimeter
G1 Z174.343 X134.329 Y102.688 E26.86085 ; perimeter
G1 Z174.355 X138.453 Y99.854 E27.08066 ; perimeter
G1 Z174.368 X142.719 Y97.240 E27.07669 ; perimeter
G1 Z174.380 X147.058 Y94.884 E26.72283 ; perimeter
G1 Z174.401 X154.739 Y91.381 E45.68554 ; perimeter
G1 Z174.413 X159.388 Y89.643 E26.86061 ; perimeter
G1 Z174.426 X164.097 Y88.158 E26.72166 ; perimeter
G1 Z174.447 X172.305 Y86.186 E45.68491 ; perimeter
G1 Z174.459 X177.200 Y85.367 E26.85948 ; perimeter
G1 Z174.472 X182.171 Y84.800 E27.07699 ; perimeter
G1 Z174.484 X187.165 Y84.495 E27.07739 ; perimeter
G1 Z174.497 X192.103 Y84.452 E26.72475 ; perimeter
G1 Z174.518 X200.528 Y84.965 E45.67999 ; perimeter
G1 Z174.530 X205.449 Y85.613 E26.86198 ; perimeter
G1 Z174.543 X210.369 Y86.525 E27.08014 ; perimeter
G1 Z174.555 X215.234 Y87.693 E27.07705 ; perimeter
G1 Z174.567 X219.993 Y89.104 E26.86146 ; perimeter
G1 Z174.588 X227.875 Y92.050 E45.54071 ; perimeter
G1 Z174.601 X232.392 Y94.108 E26.86330 ; perimeter
G1 Z174.613 X236.773 Y96.388 E26.72790 ; perimeter
G1 Z174.634 X243.971 Y100.797 E45.68187 ; perimeter
G1 Z174.647 X248.011 Y103.680 E26.86013 ; perimeter
G1 Z174.659 X251.927 Y106.794 E27.07684 ; perimeter
G1 Z174.672 X255.674 Y110.109 E27.07535 ; perimeter
G1 Z174.684 X259.214 Y113.589 E26.86500 ; perimeter
G1 Z174.705 X264.791 Y119.891 E45.54304 ; perimeter
G1 Z174.718 X267.812 Y123.829 E26.86088 ; perimeter
G1 Z174.730 X270.646 Y127.952 E27.07610 ; perimeter
G1 Z174.743 X273.260 Y132.219 E27.08134 ; perimeter
G1 Z174.755 X275.617 Y136.558 E26.72312 ; perimeter
G1 Z174.776 X279.107 Y144.244 E45.68306 ; perimeter
G1 Z174.788 X280.816 Y148.902 E26.85047 ; perimeter
G1 Z174.801 X282.360 Y153.659 E27.06964 ; perimeter
G1 Z174.813 X283.614 Y158.503 E27.07769 ; perimeter
G1 Z174.826 X284.599 Y163.342 E26.72522 ; perimeter
G1 Z174.847 X285.690 Y171.712 E45.68156 ; perimeter
G1 Z174.859 X285.967 Y176.666 E26.85139 ; perimeter
G1 Z174.872 X286.048 Y181.668 E27.07410 ; perimeter
G1 Z174.884 X285.830 Y186.666 E27.07416 ; perimeter
G1 Z174.897 X285.355 Y191.607 E26.86348 ; perimeter
G1 Z174.918 X283.972 Y199.868 E45.32990 ; perimeter
G1 Z174.938 X281.875 Y207.977 E45.32876 ; perimeter
G1 Z174.951 X280.300 Y212.685 E26.86718 ; perimeter
G1 Z174.963 X278.466 Y217.340 E27.07713 ; perimeter
G1 Z174.976 X276.392 Y221.892 E27.07150 ; perimeter
G1 Z174.988 X274.099 Y226.295 E26.86356 ; perimeter
G1 Z175.009 X269.703 Y233.470 E45.54173 ; perimeter
G1 Z175.022 X266.820 Y237.511 E26.86469 ; perimeter
G1 Z175.034 X263.706 Y241.427 E27.07684 ; perimeter
G1 Z175.047 X260.391 Y245.174 E27.07532 ; perimeter
G1 Z175.059 X256.884 Y248.742 E27.07557 ; perimeter
G1 Z175.072 X253.195 Y252.123 E27.08118 ; perimeter
G1 Z175.084 X249.385 Y255.264 E26.72289 ; perimeter
G1 Z175.105 X242.514 Y260.167 E45.68166 ; perimeter
G1 Z175.118 X238.282 Y262.760 E26.86041 ; perimeter
G1 Z175.130 X233.942 Y265.117 E26.72789 ; perimeter
G1 Z175.151 X226.261 Y268.618 E45.68510 ; perimeter
G1 Z175.163 X221.605 Y270.338 E26.85889 ; perimeter
G1 Z175.176 X216.839 Y271.855 E27.06786 ; perimeter
G1 Z175.188 X211.996 Y273.108 E27.07645 ; perimeter
G1 Z175.201 X207.157 Y274.094 E26.72354 ; perimeter
G1 Z175.222 X198.789 Y275.202 E45.68298 ; perimeter
G1 Z175.234 X193.835 Y275.505 E26.86063 ; perimeter
G1 Z175.247 X188.832 Y275.549 E27.07679 ; perimeter
G1 Z175.259 X183.834 Y275.330 E27.07468 ; perimeter
G1 Z175.272 X178.918 Y274.858 E26.72729 ; perimeter
G1 Z175.293 X170.593 Y273.466 E45.67947 ; perimeter
G1 Z175.305 X165.766 Y272.307 E26.86572 ; perimeter
G1 Z175.317 X161.007 Y270.897 E26.86189 ; perimeter
G1 Z175.338 X153.125 Y267.950 E45.54066 ; perimeter
G1 Z175.351 X148.608 Y265.892 E26.86323 ; perimeter
G1 Z175.363 X144.205 Y263.600 E26.86379 ; perimeter
G1 Z175.384 X137.030 Y259.203 E45.54179 ; perimeter
G1 Z175.397 X132.989 Y256.320 E26.86471 ; perimeter
G1 Z175.409 X129.073 Y253.206 E27.07684 ; perimeter
G1 Z175.422 X125.326 Y249.891 E27.07532 ; perimeter
G1 Z175.434 X121.786 Y246.411 E26.86506 ; perimeter
G1 Z175.455 X116.209 Y240.109 E45.54304 ; perimeter
G1 Z175.468 X113.188 Y236.171 E26.86085 ; perimeter
G1 Z175.480 X110.354 Y232.048 E27.07610 ; perimeter
G1 Z175.493 X107.740 Y227.781 E27.08130 ; perimeter
G1 Z175.500 X106.315 Y225.158 E16.15500 ; perimeter
;LAYER_CHANGE
;Z:177
;HEIGHT:1.5
G1 Z175.500 F960 ; simple layer change
G1 F2400
G1 Z175.505 X105.377 Y223.429 E10.64773 ; perimeter
G1 Z175.526 X101.881 Y215.762 E45.60077 ; perimeter
G1 Z175.538 X100.143 Y211.112 E26.86568 ; perimeter
G1 Z175.551 X98.639 Y206.341 E27.07273 ; perimeter
G1 Z175.563 X97.386 Y201.497 E27.07808 ; perimeter
G1 Z175.576 X96.399 Y196.644 E26.80228 ; perimeter
G1 Z175.597 X95.298 Y188.290 E45.60128 ; perimeter
G1 Z175.609 X94.995 Y183.335 E26.86610 ; perimeter
G1 Z175.622 X94.951 Y178.332 E27.07671 ; perimeter
G1 Z175.634 X95.170 Y173.334 E27.07463 ; perimeter
G1 Z175.647 X95.644 Y168.404 E26.80352 ; perimeter
G1 Z175.668 X97.034 Y160.093 E45.60309 ; perimeter
G1 Z175.680 X98.193 Y155.266 E26.86572 ; perimeter
G1 Z175.692 X99.600 Y150.518 E26.79829 ; perimeter
G1 Z175.713 X102.550 Y142.625 E45.60399 ; perimeter
G1 Z175.726 X104.608 Y138.108 E26.86334 ; perimeter
G1 Z175.738 X106.895 Y133.715 E26.80324 ; perimeter
G1 Z175.759 X111.316 Y126.543 E45.59813 ; perimeter
G1 Z175.772 X114.239 Y122.534 E26.84788 ; perimeter
G1 Z175.784 X117.296 Y118.575 E27.07289 ; perimeter
G1 Z175.797 X120.609 Y114.826 E27.07433 ; perimeter
G1 Z175.809 X124.089 Y111.286 E26.86506 ; perimeter
G1 Z175.830 X130.391 Y105.709 E45.54304 ; perimeter
G1 Z175.843 X134.329 Y102.688 E26.86085 ; perimeter
G1 Z175.855 X138.453 Y99.854 E27.08056 ; perimeter
G1 Z175.868 X142.718 Y97.240 E27.07211 ; perimeter
G1 Z175.880 X147.071 Y94.877 E26.80741 ; perimeter
G1 Z175.901 X154.738 Y91.381 E45.60078 ; perimeter
G1 Z175.913 X159.388 Y89.643 E26.86558 ; perimeter
G1 Z175.926 X164.111 Y88.154 E26.80034 ; perimeter
G1 Z175.947 X172.305 Y86.186 E45.60626 ; perimeter
G1 Z175.959 X177.200 Y85.367 E26.85949 ; perimeter
G1 Z175.972 X182.171 Y84.800 E27.07707 ; perimeter
G1 Z175.984 X187.165 Y84.495 E27.07731 ; perimeter
G1 Z175.997 X192.117 Y84.452 E26.80083 ; perimeter
G1 Z176.018 X200.528 Y84.965 E45.60412 ; perimeter
G1 Z176.030 X205.449 Y85.613 E26.86179 ; perimeter
G1 Z176.043 X210.369 Y86.525 E27.08014 ; perimeter
G1 Z176.055 X215.234 Y87.693 E27.07715 ; perimeter
G1 Z176.067 X219.982 Y89.099 E26.79859 ; perimeter
G1 Z176.088 X227.875 Y92.050 E45.60381 ; perimeter
G1 Z176.101 X232.392 Y94.108 E26.86323 ; perimeter
G1 Z176.113 X236.785 Y96.395 E26.80323 ; perimeter
G1 Z176.134 X243.970 Y100.797 E45.60204 ; perimeter
G1 Z176.147 X248.011 Y103.680 E26.86492 ; perimeter
G1 Z176.159 X251.927 Y106.794 E27.07677 ; perimeter
G1 Z176.172 X255.674 Y110.109 E27.07526 ; perimeter
G1 Z176.184 X259.214 Y113.589 E26.86512 ; perimeter
G1 Z176.205 X264.791 Y119.891 E45.54301 ; perimeter
G1 Z176.218 X267.812 Y123.829 E26.86088 ; perimeter
G1 Z176.230 X270.646 Y127.952 E27.07607 ; perimeter
G1 Z176.243 X273.260 Y132.218 E27.07675 ; perimeter
G1 Z176.255 X275.646 Y136.616 E27.07803 ; perimeter
G1 Z176.268 X277.761 Y141.149 E27.07275 ; perimeter
G1 Z176.280 X279.685 Y145.711 E26.79108 ; perimeter
G1 Z176.301 X282.371 Y153.697 E45.60101 ; perimeter
G1 Z176.313 X283.614 Y158.503 E26.86547 ; perimeter
G1 Z176.326 X284.609 Y163.406 E27.07703 ; perimeter
G1 Z176.338 X285.311 Y168.359 E27.07297 ; perimeter
G1 Z176.351 X285.814 Y173.284 E26.78947 ; perimeter
G1 Z176.372 X286.047 Y181.707 E45.60335 ; perimeter
G1 Z176.384 X285.830 Y186.666 E26.86333 ; perimeter
G1 Z176.397 X285.355 Y191.607 E26.86348 ; perimeter
G1 Z176.418 X283.972 Y199.868 E45.32990 ; perimeter
G1 Z176.438 X281.875 Y207.977 E45.32876 ; perimeter
G1 Z176.451 X280.300 Y212.685 E26.86718 ; perimeter
G1 Z176.463 X278.466 Y217.340 E27.07713 ; perimeter
G1 Z176.476 X276.392 Y221.892 E27.07150 ; perimeter
G1 Z176.488 X274.100 Y226.295 E26.86386 ; perimeter
G1 Z176.509 X269.703 Y233.470 E45.54172 ; perimeter
G1 Z176.522 X266.820 Y237.511 E26.86471 ; perimeter
G1 Z176.534 X263.706 Y241.427 E27.07684 ; perimeter
G1 Z176.547 X260.391 Y245.174 E27.07532 ; perimeter
G1 Z176.559 X256.884 Y248.742 E27.07556 ; perimeter
G1 Z176.572 X253.195 Y252.123 E27.08113 ; perimeter
G1 Z176.584 X249.374 Y255.273 E26.79976 ; perimeter
G1 Z176.605 X242.514 Y260.167 E45.60492 ; perimeter
G1 Z176.618 X238.282 Y262.760 E26.86041 ; perimeter
G1 Z176.630 X233.929 Y265.124 E26.80770 ; perimeter
G1 Z176.651 X226.297 Y268.602 E45.39030 ; perimeter
G1 Z176.672 X218.400 Y271.392 E45.32623 ; perimeter
G1 Z176.684 X213.617 Y272.719 E26.86118 ; perimeter
G1 Z176.697 X208.733 Y273.802 E27.07726 ; perimeter
G1 Z176.709 X203.798 Y274.616 E27.06872 ; perimeter
G1 Z176.722 X198.829 Y275.199 E27.07548 ; perimeter
G1 Z176.734 X193.835 Y275.505 E27.07718 ; perimeter
G1 Z176.747 X188.832 Y275.549 E27.07679 ; perimeter
G1 Z176.759 X183.834 Y275.331 E27.07443 ; perimeter
G1 Z176.772 X178.893 Y274.855 E26.86385 ; perimeter
G1 Z176.793 X170.593 Y273.466 E45.54342 ; perimeter
G1 Z176.805 X165.766 Y272.307 E26.86564 ; perimeter
G1 Z176.817 X161.018 Y270.901 E26.79872 ; perimeter
G1 Z176.838 X153.125 Y267.950 E45.60398 ; perimeter
G1 Z176.851 X148.608 Y265.892 E26.86323 ; perimeter
G1 Z176.863 X144.205 Y263.600 E26.86379 ; perimeter
G1 Z176.884 X137.030 Y259.203 E45.54179 ; perimeter
G1 Z176.897 X132.989 Y256.320 E26.86471 ; perimeter
G1 Z176.909 X129.073 Y253.206 E27.07684 ; perimeter
G1 Z176.922 X125.326 Y249.891 E27.07532 ; perimeter
G1 Z176.934 X121.786 Y246.411 E26.86506 ; perimeter
G1 Z176.955 X116.209 Y240.109 E45.54304 ; perimeter
G1 Z176.968 X113.188 Y236.171 E26.86085 ; perimeter
G1 Z176.980 X110.354 Y232.047 E27.08056 ; perimeter
G1 Z176.993 X107.740 Y227.782 E27.07207 ; perimeter
G1 Z177.000 X106.315 Y225.158 E16.15976 ; perimeter
;LAYER_CHANGE
;Z:177
;HEIGHT:1.5
G1 X105.376 Y223.429 E10.61316 ; perimeter
G1 X101.881 Y215.762 E44.81132 ; perimeter
G1 X100.143 Y211.112 E26.17840 ; perimeter
G1 X98.639 Y206.341 E26.15455 ; perimeter
G1 X97.386 Y201.497 E25.93404 ; perimeter
G1 X96.398 Y196.644 E25.44919 ; perimeter
G1 X95.298 Y188.29 E42.65837 ; perimeter
G1 X94.995 Y183.335 E24.91009 ; perimeter
G1 X94.951 Y178.332 E24.87982 ; perimeter
G1 X95.17 Y173.334 E24.65221 ; perimeter
G1 X95.644 Y168.404 E24.18439 ; perimeter
G1 X97.034 Y160.093 E40.50651 ; perimeter
G1 X98.193 Y155.266 E23.64109 ; perimeter
G1 X99.599 Y150.518 E23.36103 ; perimeter
G1 X102.55 Y142.625 E39.11397 ; perimeter
G1 X104.608 Y138.108 E22.81813 ; perimeter
G1 X106.895 Y133.715 E22.54609 ; perimeter
G1 X111.297 Y126.53 E37.71897 ; perimeter
G1 X114.18 Y122.489 E21.99854 ; perimeter
G1 X117.294 Y118.573 E21.94659 ; perimeter
G1 X120.609 Y114.826 E21.71972 ; perimeter
G1 X124.089 Y111.286 E21.32891 ; perimeter
G1 X130.391 Y105.709 E35.51944 ; perimeter
G1 X134.329 Y102.688 E20.72695 ; perimeter
G1 X138.453 Y99.854 E20.67077 ; perimeter
G1 X142.718 Y97.24 E20.43870 ; perimeter
G1 X147.071 Y94.876 E20.01800 ; perimeter
G1 X154.738 Y91.381 E33.41111 ; perimeter
G1 X159.388 Y89.643 E19.46197 ; perimeter
G1 X164.111 Y88.154 E19.19373 ; perimeter
G1 X172.305 Y86.186 E32.02153 ; perimeter
G1 X177.2 Y85.367 E18.63683 ; perimeter
G1 X182.171 Y84.8 E18.56208 ; perimeter
G1 X187.165 Y84.495 E18.33669 ; perimeter
G1 X192.117 Y84.452 E17.92826 ; perimeter
G1 X200.528 Y84.965 E29.86656 ; perimeter
G1 X205.449 Y85.613 E17.37001 ; perimeter
G1 X210.369 Y86.525 E17.28543 ; perimeter
G1 X215.234 Y87.693 E17.05780 ; perimeter
G1 X219.982 Y89.099 E16.66137 ; perimeter
G1 X227.875 Y92.05 E27.71297 ; perimeter
G1 X232.392 Y94.108 E16.10233 ; perimeter
G1 X236.785 Y96.395 E15.84527 ; perimeter
G1 X243.97 Y100.797 E26.31845 ; perimeter
G1 X248.011 Y103.68 E15.28237 ; perimeter
G1 X251.927 Y106.794 E15.17738 ; perimeter
G1 X255.674 Y110.109 E14.95089 ; perimeter
G1 X259.214 Y113.589 E14.61264 ; perimeter
G1 X264.791 Y119.891 E24.13368 ; perimeter
G1 X267.812 Y123.829 E14.01174 ; perimeter
G1 X270.646 Y127.952 E13.89837 ; perimeter
G1 X273.26 Y132.218 E13.67301 ; perimeter
G1 X275.648 Y136.615 E13.44852 ; perimeter
G1 X277.801 Y141.131 E13.22113 ; perimeter
G1 X279.697 Y145.706 E12.86620 ; perimeter
G1 X282.371 Y153.697 E21.25213 ; perimeter
G1 X283.614 Y158.503 E12.29766 ; perimeter
G1 X284.611 Y163.406 E12.16910 ; perimeter
G1 X285.351 Y168.354 E11.94269 ; perimeter
G1 X285.826 Y173.283 E11.59944 ; perimeter
G1 X286.047 Y181.707 E19.09944 ; perimeter
G1 X285.83 Y186.666 E11.02814 ; perimeter
G1 X285.355 Y191.607 E10.80609 ; perimeter
G1 X283.972 Y199.868 E17.60193 ; perimeter
G1 X281.875 Y207.977 E16.96906 ; perimeter
G1 X280.3 Y212.685 E9.83569 ; perimeter
G1 X278.466 Y217.34 E9.68688 ; perimeter
G1 X276.392 Y221.892 E9.45930 ; perimeter
G1 X274.1 Y226.295 E9.16459 ; perimeter
G1 X269.703 Y233.47 E14.89822 ; perimeter
G1 X266.82 Y237.511 E8.56619 ; perimeter
G1 X263.706 Y241.427 E8.40817 ; perimeter
G1 X260.391 Y245.174 E8.18206 ; perimeter
G1 X256.884 Y248.742 E7.95649 ; perimeter
G1 X253.195 Y252.123 E7.73238 ; perimeter
G1 X249.374 Y255.273 E7.43102 ; perimeter
G1 X242.514 Y260.167 E12.00511 ; perimeter
G1 X238.282 Y262.76 E6.84870 ; perimeter
G1 X233.929 Y265.124 E6.61409 ; perimeter
G1 X226.297 Y268.602 E10.56467 ; perimeter
G1 X218.402 Y271.398 E9.91761 ; perimeter
G1 X213.619 Y272.725 E5.65549 ; perimeter
G1 X208.734 Y273.808 E5.47530 ; perimeter
G1 X203.8 Y274.633 E5.24849 ; perimeter
G1 X198.829 Y275.2 E5.02359 ; perimeter
G1 X193.835 Y275.505 E4.79800 ; perimeter
G1 X188.832 Y275.549 E4.57223 ; perimeter
G1 X183.834 Y275.331 E4.34620 ; perimeter
G1 X178.893 Y274.855 E4.09030 ; perimeter
G1 X170.593 Y273.466 E6.29599 ; perimeter
G1 X165.766 Y272.307 E3.49180 ; perimeter
G1 X161.018 Y270.901 E3.26204 ; perimeter
G1 X153.125 Y267.95 E4.91097 ; perimeter
G1 X148.608 Y265.892 E2.67071 ; perimeter
G1 X144.205 Y263.6 E2.44864 ; perimeter
G1 X137.03 Y259.203 E3.51277 ; perimeter
G1 X132.989 Y256.32 E1.85001 ; perimeter
G1 X129.073 Y253.206 E1.63896 ; perimeter
G1 X125.326 Y249.891 E1.41323 ; perimeter
G1 X121.786 Y246.411 E1.18011 ; perimeter
G1 X116.209 Y240.109 E1.36216 ; perimeter
G1 X113.188 Y236.171 E0.58132 ; perimeter
G1 X110.354 Y232.047 E0.36035 ; perimeter
G1 X107.74 Y227.782 E0.13465 ; perimeter
G1 X106.315 Y225.158 E0.00000 ; perimeter
G1 E-80 F1020 ; retract
M107 ; disable fan
;TYPE:Custom
; Filament-specific end gcode
G91
G0 Z10 E-500 F1000 ;lift and retract clay
G90
G28 ;Home all
; objects_info = {"objects":[]}
; filament used [mm] = 446117.98
; filament used [cm3] = 1073.04
; filament used [g] = 1330.57
; total filament used [g] = 1330.57
; total filament cost = 0.00
; total filament used for wipe tower [g] = 0.00
; estimated printing time (normal mode) = 40m 26s
; estimated first layer printing time (normal mode) = 4m 22s

; prusaslicer_config = begin
; arc_fitting = disabled
; autoemit_temperature_commands = 0
; automatic_extrusion_widths = 0
; automatic_infill_combination = 0
; automatic_infill_combination_max_layer_height = 100%
; avoid_crossing_curled_overhangs = 0
; avoid_crossing_perimeters = 0
; avoid_crossing_perimeters_max_detour = 0
; bed_custom_model = 
; bed_custom_texture = 
; bed_shape = 0x0,381x0,381x360,0x360
; bed_temperature = 0
; bed_temperature_extruder = 0
; before_layer_gcode = 
; between_objects_gcode = 
; binary_gcode = 0
; bottom_fill_pattern = concentric
; bottom_solid_layers = 3
; bottom_solid_min_thickness = 0
; bridge_acceleration = 1000
; bridge_angle = 0
; bridge_fan_speed = 0
; bridge_flow_ratio = 1
; bridge_speed = 40
; brim_separation = 0
; brim_type = outer_only
; brim_width = 0
; chamber_minimal_temperature = 0
; chamber_temperature = 0
; color_change_gcode = 
; colorprint_heights = 
; compatible_printers_condition_cummulative = "printer_notes=~/.*PRINTER_VENDOR_POTTERBOT.*/ and printer_notes=~/.*PRINTER_MODEL_9.*/ and nozzle_diameter[0]==9";"printer_notes=~/.*PRINTER_VENDOR_POTTERBOT.*/ and printer_notes=~/.*PRINTER_MODEL_9.*/"
; complete_objects = 0
; cooling = 0
; cooling_perimeter_transition_distance = 0
; cooling_slowdown_logic = uniform_cooling
; cooling_tube_length = 5
; cooling_tube_retraction = 91.5
; custom_parameters_filament = ""
; custom_parameters_print = 
; custom_parameters_printer = 
; default_acceleration = 1000
; default_filament_profile = "Clay Potterbot"
; default_print_profile = Vase Hollow @Potterbot 9mm
; deretract_speed = 17
; disable_fan_first_layers = 1
; dont_support_bridges = 1
; draft_shield = disabled
; duplicate_distance = 6
; elefant_foot_compensation = 0
; enable_dynamic_fan_speeds = 0
; enable_dynamic_overhang_speeds = 0
; end_filament_gcode = "; Filament-specific end gcode"
; end_gcode = G91\nG0 Z10 E-500 F1000 ;lift and retract clay\nG90\nG28 ;Home all
; ensure_vertical_shell_thickness = partial
; external_perimeter_acceleration = 1000
; external_perimeter_extrusion_width = 9
; external_perimeter_speed = 40
; external_perimeters_first = 0
; extra_loading_move = -2
; extra_perimeters = 0
; extra_perimeters_on_overhangs = 0
; extruder_clearance_height = 40
; extruder_clearance_radius = 40
; extruder_colour = #C4A574
; extruder_offset = 0x0
; extrusion_axis = E
; extrusion_multiplier = 1
; extrusion_width = 9
; fan_always_on = 0
; fan_below_layer_time = 0
; filament_abrasive = 0
; filament_colour = #55AAFF
; filament_cooling_final_speed = 3.4
; filament_cooling_initial_speed = 2.2
; filament_cooling_moves = 4
; filament_cost = 0
; filament_density = 1.24
; filament_deretract_speed = nil
; filament_diameter = 1.75
; filament_flush_speed = 0
; filament_flush_volume = 0
; filament_infill_max_crossing_speed = 0
; filament_infill_max_speed = 0
; filament_load_time = 0
; filament_loading_speed = 28
; filament_loading_speed_start = 3
; filament_max_volumetric_speed = 0
; filament_minimal_purge_on_wipe_tower = 15
; filament_multitool_ramming = 0
; filament_multitool_ramming_flow = 10
; filament_multitool_ramming_volume = 10
; filament_notes = "EXPERIMENTAL. Official 3D Potter Clay material: 1.75 mm volumetric model, 0 C, no fan. Mid-print retract lives on the printer (E-80 at 17 mm/s, 5 mm hop). End G-code retracts E-500. Prime clay from Duet macros if the ram is not already charged."
; filament_purge_multiplier = 100%
; filament_ramming_parameters = "120 100 6.6 6.8 7.2 7.6 7.9 8.2 8.7 9.4 9.9 10.0| 0.05 6.6 0.45 6.8 0.95 7.8 1.45 8.3 1.95 9.7 2.45 10 2.95 7.6 3.45 7.6 3.95 7.6 4.45 7.6 4.95 7.6"
; filament_retract_before_travel = nil
; filament_retract_before_wipe = nil
; filament_retract_layer_change = 0
; filament_retract_length = nil
; filament_retract_length_toolchange = nil
; filament_retract_lift = nil
; filament_retract_lift_above = nil
; filament_retract_lift_below = nil
; filament_retract_restart_extra = nil
; filament_retract_restart_extra_toolchange = nil
; filament_retract_speed = nil
; filament_seam_gap_distance = nil
; filament_settings_id = "Clay Potterbot"
; filament_shrinkage_compensation_xy = 0%
; filament_shrinkage_compensation_z = 0%
; filament_soluble = 0
; filament_spool_weight = 0
; filament_stamping_distance = 0
; filament_stamping_loading_speed = 20
; filament_toolchange_delay = 0
; filament_travel_lift_before_obstacle = nil
; filament_travel_max_lift = nil
; filament_travel_ramping_lift = nil
; filament_travel_slope = nil
; filament_type = FLEX
; filament_unload_time = 0
; filament_unloading_speed = 90
; filament_unloading_speed_start = 100
; filament_vendor = 3D Potter
; filament_wipe = nil
; fill_angle = 45
; fill_density = 0%
; fill_pattern = grid
; first_layer_acceleration = 500
; first_layer_acceleration_over_raft = 0
; first_layer_bed_temperature = 0
; first_layer_extrusion_width = 9
; first_layer_height = 1.5
; first_layer_infill_speed = 20
; first_layer_speed = 40
; first_layer_speed_over_raft = 30
; first_layer_temperature = 0
; full_fan_speed_layer = 0
; fuzzy_skin = none
; fuzzy_skin_point_dist = 0.8
; fuzzy_skin_thickness = 0.3
; gap_fill_enabled = 0
; gap_fill_speed = 40
; gcode_comments = 1
; gcode_flavor = reprapfirmware
; gcode_label_objects = disabled
; gcode_resolution = 0.1
; gcode_substitutions = 
; high_current_on_filament_swap = 0
; host_type = duet
; idle_temperature = 0
; infill_acceleration = 1000
; infill_anchor = 0
; infill_anchor_max = 0
; infill_every_layers = 1
; infill_extruder = 1
; infill_extrusion_width = 9
; infill_first = 0
; infill_overlap = 15%
; infill_speed = 40
; interface_shells = 0
; interlocking_beam = 0
; interlocking_beam_layer_count = 2
; interlocking_beam_width = 0.8
; interlocking_boundary_avoidance = 2
; interlocking_depth = 2
; interlocking_orientation = 22.5
; ironing = 0
; ironing_flowrate = 15%
; ironing_spacing = 0.1
; ironing_speed = 15
; ironing_type = top
; layer_gcode = 
; layer_height = 1.5
; machine_limits_usage = time_estimate_only
; machine_max_acceleration_e = 3000,3000
; machine_max_acceleration_extruding = 3000,3000
; machine_max_acceleration_retracting = 3000,3000
; machine_max_acceleration_travel = 3000,3000
; machine_max_acceleration_x = 3000,3000
; machine_max_acceleration_y = 3000,3000
; machine_max_acceleration_z = 1000,1000
; machine_max_feedrate_e = 366.67,366.67
; machine_max_feedrate_x = 100,100
; machine_max_feedrate_y = 100,100
; machine_max_feedrate_z = 16.67,16.67
; machine_max_jerk_e = 50,50
; machine_max_jerk_x = 50,50
; machine_max_jerk_y = 50,50
; machine_max_jerk_z = 16.67,16.67
; machine_max_junction_deviation = 0,0
; machine_min_extruding_rate = 0,0
; machine_min_travel_rate = 0,0
; max_fan_speed = 0
; max_layer_height = 9
; max_print_height = 400
; max_print_speed = 85
; max_volumetric_extrusion_rate_slope_negative = 0
; max_volumetric_extrusion_rate_slope_positive = 0
; max_volumetric_speed = 0
; min_bead_width = 85%
; min_fan_speed = 0
; min_feature_size = 25%
; min_layer_height = 0.2
; min_print_speed = 10
; min_skirt_length = 0
; mmu_segmented_region_interlocking_depth = 0
; mmu_segmented_region_max_width = 0
; multimaterial_purging = 140
; notes = EXPERIMENTAL. Clay profiles for Potterbot 9. Layer height 1.5 mm from official 3D Potter Fine except the 1 mm nozzle (0.8 mm so extrusion width stays above layer height). Line width equals the installed nozzle. Bottoms are concentric with the Arachne generator (classic concentric and Archimedean chords leave growing gaps on wide clay tips); tops are rectilinear; sparse infill is grid. 15% infill overlap so bottoms meet the wall. Speeds from official Cura (40 mm/s print, 80 travel, 20 bottom). Printer retract is E-80 at 17 mm/s with 5 mm Z-hop (official end feed, not FAQ 1000 mm/s). Spiral vase walls do not travel so they do not retract; skirt, bottoms, infill, and hops between objects do. End G-code still pulls E-500.
; nozzle_diameter = 9
; nozzle_high_flow = 0
; only_one_perimeter_first_layer = 0
; only_retract_when_crossing_perimeters = 1
; ooze_prevention = 0
; output_filename_format = {input_filename_base}_{layer_height}mm_{printer_variant}n_{print_time}.gcode
; over_bridge_speed = 0
; overhang_fan_speed_0 = 0
; overhang_fan_speed_1 = 0
; overhang_fan_speed_2 = 0
; overhang_fan_speed_3 = 0
; overhang_speed_0 = 15
; overhang_speed_1 = 15
; overhang_speed_2 = 20
; overhang_speed_3 = 25
; overhangs = 0
; parking_pos_retraction = 92
; pause_print_gcode = M25
; perimeter_acceleration = 1000
; perimeter_extruder = 1
; perimeter_extrusion_width = 9
; perimeter_generator = arachne
; perimeter_speed = 40
; perimeters = 1
; physical_printer_settings_id = 
; post_process = "C:\\Windows\\py.exe -3 C:\\Repos\\Prusa-Slicer-Print-Profiles\\Potterbot\\scripts\\validate_gcode.py"
; prefer_clockwise_movements = 0
; print_settings_id = Vase Bottom @Potterbot 9mm
; printer_model = POTTERBOT9
; printer_notes = Don't remove the following keywords! These keywords are used in the compatible printer condition of the print and filament profiles.\nPRINTER_VENDOR_POTTERBOT\nPRINTER_MODEL_9\nEXPERIMENTAL\nNot production-ready. 3D Potterbot 9, Duet 2 WiFi, RRF 2.04RC1, 9 mm nozzle. Clay is cold (no heaters). Layer height is the official 1.5 mm Fine value. Match line width to the nozzle on the machine. Bed is the 15x15 in bat (381 mm) clipped to Y 360. After G28 the head is at X420 Y0 Z400.
; printer_settings_id = 9mm Nozzle
; printer_technology = FFF
; printer_variant = 9
; printer_vendor = 
; profile_vendor = 3D Potter (experimental)
; profile_version = 0.1.10
; raft_contact_distance = 0.1
; raft_expansion = 1.5
; raft_first_layer_density = 90%
; raft_first_layer_expansion = 3
; raft_layers = 0
; remaining_times = 0
; resolution = 0
; retract_before_travel = 15
; retract_before_wipe = 0%
; retract_layer_change = 0
; retract_length = 80
; retract_length_toolchange = 0
; retract_lift = 5
; retract_lift_above = 0
; retract_lift_below = 0
; retract_restart_extra = 10
; retract_restart_extra_toolchange = 0
; retract_speed = 17
; scarf_seam_entire_loop = 0
; scarf_seam_length = 20
; scarf_seam_max_segment_length = 1
; scarf_seam_on_inner_perimeters = 0
; scarf_seam_only_on_smooth = 1
; scarf_seam_placement = nowhere
; scarf_seam_start_height = 0%
; seam_gap_distance = 15%
; seam_position = nearest
; silent_mode = 0
; single_extruder_multi_material = 0
; single_extruder_multi_material_priming = 0
; skirt_distance = 8
; skirt_height = 1
; skirts = 3
; slice_closing_radius = 0.049
; slicing_mode = regular
; slowdown_below_layer_time = 5
; small_perimeter_speed = 40
; solid_infill_acceleration = 1000
; solid_infill_below_area = 0
; solid_infill_every_layers = 0
; solid_infill_extruder = 1
; solid_infill_extrusion_width = 9
; solid_infill_speed = 20
; spiral_vase = 1
; staggered_inner_seams = 0
; standby_temperature_delta = -5
; start_filament_gcode = ""
; start_gcode = ; EXPERIMENTAL PrusaSlicer Potterbot 9 - not production-ready\n; Start matches official Cura 3D Potter Standard\nT0\nG21\nG90\nM83\nM107\nG28 ;Home all
; support_material = 0
; support_material_angle = 0
; support_material_auto = 0
; support_material_bottom_contact_distance = 0
; support_material_bottom_interface_layers = -1
; support_material_buildplate_only = 0
; support_material_closing_radius = 2
; support_material_contact_distance = 0.2
; support_material_enforce_layers = 0
; support_material_extruder = 1
; support_material_extrusion_width = 9
; support_material_interface_contact_loops = 0
; support_material_interface_extruder = 1
; support_material_interface_layers = 3
; support_material_interface_pattern = rectilinear
; support_material_interface_spacing = 0
; support_material_interface_speed = 100%
; support_material_pattern = rectilinear
; support_material_spacing = 2.5
; support_material_speed = 60
; support_material_style = grid
; support_material_synchronize_layers = 0
; support_material_threshold = 0
; support_material_with_sheath = 1
; support_material_xy_spacing = 50%
; support_tree_angle = 40
; support_tree_angle_slow = 25
; support_tree_branch_diameter = 2
; support_tree_branch_diameter_angle = 5
; support_tree_branch_diameter_double_wall = 3
; support_tree_branch_distance = 1
; support_tree_tip_diameter = 0.8
; support_tree_top_rate = 15%
; temperature = 0
; template_custom_gcode = 
; thick_bridges = 0
; thin_walls = 0
; thumbnails = 
; thumbnails_format = PNG
; toolchange_gcode = 
; toolchange_ordering = optimized
; top_fill_pattern = rectilinear
; top_infill_extrusion_width = 9
; top_one_perimeter_type = none
; top_solid_infill_acceleration = 1000
; top_solid_infill_speed = 20
; top_solid_layers = 0
; top_solid_min_thickness = 0
; travel_acceleration = 2000
; travel_lift_before_obstacle = 0
; travel_max_lift = 0
; travel_ramping_lift = 0
; travel_short_distance_acceleration = 500
; travel_slope = 0
; travel_speed = 80
; travel_speed_z = 16
; use_firmware_retraction = 0
; use_relative_e_distances = 1
; use_volumetric_e = 0
; variable_layer_height = 0
; wall_distribution_count = 1
; wall_transition_angle = 10
; wall_transition_filter_deviation = 25%
; wall_transition_length = 100%
; wipe = 0
; wipe_into_infill = 0
; wipe_into_objects = 0
; wipe_tower = 0
; wipe_tower_acceleration = 0
; wipe_tower_bridging = 10
; wipe_tower_brim_width = 2
; wipe_tower_cone_angle = 0
; wipe_tower_extra_flow = 100%
; wipe_tower_extra_spacing = 100%
; wipe_tower_extruder = 0
; wipe_tower_no_sparse_layers = 0
; wipe_tower_width = 60
; wiping_volumes_matrix = 0
; wiping_volumes_use_custom_matrix = 0
; xy_size_compensation = 0
; z_offset = 0
; prusaslicer_config = end
